timestamp,device_id,lat,lon,speed_kmh,altitude_m,satellites
2026-03-27T07:33:31+00:00,Andre,-34.122583,22.104357,59.3,51.5,5
2026-03-27T07:33:46+00:00,Andre,-34.121361,22.103808,47,32.8,5
2026-03-27T07:34:45+00:00,Andre,-34.119179,22.100406,2,10.7,8
2026-03-27T07:37:06+00:00,Andre,-34.113539,22.102958,0.1,-2.3,9
2026-03-27T07:37:07+00:00,Andre,-34.113538,22.102957,0.1,-2.4,9
2026-03-27T07:39:33+00:00,Andre,-34.113525,22.102895,0,3,9
2026-03-27T07:39:43+00:00,Andre,-34.113529,22.102895,0,2.9,9
2026-03-27T07:39:53+00:00,Andre,-34.113531,22.102898,0.1,2.9,9
2026-03-27T07:39:59+00:00,Andre,-34.11353,22.102905,0.1,2.2,9
2026-03-27T07:40:00+00:00,Andre,-34.11353,22.102906,0,2.1,9
2026-03-27T07:42:14+00:00,Andre,-34.113492,22.102929,0,-4.8,9
2026-03-27T07:42:22+00:00,Andre,-34.113487,22.102926,0.1,-4.7,9
2026-03-27T07:42:33+00:00,Andre,-34.113479,22.102929,0,-4.4,9
2026-03-27T07:42:41+00:00,Andre,-34.113477,22.102931,0.1,-3.7,9
2026-03-27T07:42:48+00:00,Andre,-34.11348,22.102936,0,-4.2,9
2026-03-27T07:42:59+00:00,Andre,-34.113486,22.102918,4.8,-5.5,9
2026-03-27T07:43:05+00:00,Andre,-34.113565,22.102784,11.1,-3.1,9
2026-03-27T07:43:05+00:00,Andre,-34.113565,22.102784,11.1,-3.1,9
2026-03-27T07:43:17+00:00,Andre,-34.113725,22.102595,12.4,-1.2,9
2026-03-27T07:43:23+00:00,Andre,-34.113642,22.102377,10.7,-0.6,9
2026-03-27T07:43:38+00:00,Andre,-34.113624,22.10231,0.1,0.6,9
2026-03-27T07:43:58+00:00,Andre,-34.112672,22.10259,59.4,2.1,9
2026-03-27T07:44:05+00:00,Andre,-34.11168,22.103502,75.4,2.2,9
2026-03-27T07:44:12+00:00,Andre,-34.110816,22.104496,58.3,2.1,9
2026-03-27T07:44:18+00:00,Andre,-34.11022,22.105208,59,1.7,9
2026-03-27T07:44:25+00:00,Andre,-34.109486,22.106144,54.7,1.2,9
2026-03-27T07:44:32+00:00,Andre,-34.109269,22.106844,38.7,1,8
2026-03-27T07:44:39+00:00,Andre,-34.109796,22.107803,63.4,2.4,8
2026-03-27T07:44:46+00:00,Andre,-34.109995,22.109031,62.5,2.3,9
2026-03-27T07:44:52+00:00,Andre,-34.109463,22.109983,63.2,5.2,9
2026-03-27T07:44:58+00:00,Andre,-34.108681,22.110675,69.5,8.8,9
2026-03-27T07:45:06+00:00,Andre,-34.107394,22.111771,80.5,14.5,9
2026-03-27T07:45:15+00:00,Andre,-34.105752,22.113176,102.6,17.6,9
2026-03-27T07:45:22+00:00,Andre,-34.104173,22.114456,115.4,20,9
2026-03-27T07:45:29+00:00,Andre,-34.102458,22.115798,118.3,23.6,9
2026-03-27T07:45:35+00:00,Andre,-34.100969,22.117,120.8,29.2,9
2026-03-27T07:45:41+00:00,Andre,-34.099451,22.118239,122.4,37.7,9
2026-03-27T07:46:01+00:00,Andre,-34.09483,22.122893,122.4,63.1,8
2026-03-27T07:46:11+00:00,Andre,-34.093193,22.125874,121.3,50.9,9
2026-03-27T07:46:21+00:00,Andre,-34.091422,22.128984,125.3,31.1,9
2026-03-27T07:46:31+00:00,Andre,-34.089345,22.131797,124.9,12.2,9
2026-03-27T07:46:43+00:00,Andre,-34.086805,22.135089,124.3,1.9,9
2026-03-27T07:46:49+00:00,Andre,-34.085534,22.136735,124.5,0.2,9
2026-03-27T07:46:56+00:00,Andre,-34.084047,22.138657,124.5,0.4,9
2026-03-27T07:47:03+00:00,Andre,-34.082561,22.140583,124.7,1.1,9
2026-03-27T07:47:11+00:00,Andre,-34.080859,22.142779,123.5,1.7,9
2026-03-27T07:47:11+00:00,Andre,-34.080859,22.142779,123.5,1.9,9
2026-03-27T07:47:11+00:00,Andre,-34.080859,22.142779,123.5,1.7,9
2026-03-27T07:47:45+00:00,Andre,-34.074525,22.152918,124.7,6.6,9
2026-03-27T07:47:57+00:00,Andre,-34.072749,22.156882,124.7,8.3,9
2026-03-27T07:48:04+00:00,Andre,-34.071705,22.159191,124.6,9.1,9
2026-03-27T07:48:12+00:00,Andre,-34.070524,22.161836,124.5,10.2,9
2026-03-27T07:48:20+00:00,Andre,-34.069338,22.164477,124.6,11.7,9
2026-03-27T07:48:26+00:00,Andre,-34.068448,22.166455,124.5,14.2,9
2026-03-27T07:48:34+00:00,Andre,-34.06729,22.169116,124.8,17.2,9
2026-03-27T07:48:40+00:00,Andre,-34.066589,22.171209,124.7,19.3,8
2026-03-27T07:48:46+00:00,Andre,-34.06589,22.173298,124.8,21.5,8
2026-03-27T07:48:53+00:00,Andre,-34.065104,22.175748,124.5,24,9
2026-03-27T07:48:59+00:00,Andre,-34.06441,22.177836,124.4,28.9,9
2026-03-27T07:49:05+00:00,Andre,-34.063713,22.179921,124.5,35,9
2026-03-27T07:49:12+00:00,Andre,-34.062902,22.182351,124.2,44.5,9
2026-03-27T07:49:18+00:00,Andre,-34.062202,22.184429,124.2,54.1,9
2026-03-27T07:49:24+00:00,Andre,-34.061605,22.186555,124.6,64.4,9
2026-03-27T07:49:31+00:00,Andre,-34.061141,22.189118,124.3,76.2,9
2026-03-27T07:49:37+00:00,Andre,-34.060814,22.191341,125.3,83,8
2026-03-27T07:49:47+00:00,Andre,-34.060256,22.195055,125.6,86.2,8
2026-03-27T07:49:54+00:00,Andre,-34.059853,22.197648,125.5,81.7,9
2026-03-27T07:50:01+00:00,Andre,-34.059441,22.200243,125.4,74,8
2026-03-27T07:50:08+00:00,Andre,-34.059053,22.202832,124.8,65.9,9
2026-03-27T07:50:15+00:00,Andre,-34.058663,22.205412,124.4,59.8,9
2026-03-27T07:50:22+00:00,Andre,-34.058273,22.207992,124.6,55.5,9
2026-03-27T07:50:33+00:00,Andre,-34.057876,22.212098,125.1,48.3,8
2026-03-27T07:50:40+00:00,Andre,-34.057725,22.214726,125.1,44.1,8
2026-03-27T07:50:57+00:00,Andre,-34.055736,22.220527,125,21.1,9
2026-03-27T07:50:57+00:00,Andre,-34.055736,22.220527,125,19.2,9
2026-03-27T07:53:23+00:00,Andre,-34.044514,22.268532,123.9,60.6,8
2026-03-27T07:53:30+00:00,Andre,-34.044062,22.271045,124.3,72.1,9
2026-03-27T07:53:40+00:00,Andre,-34.044171,22.274746,124,86.4,8
2026-03-27T07:53:49+00:00,Andre,-34.042834,22.277688,124.8,105.6,9
2026-03-27T07:55:56+00:00,Andre,-34.027306,22.316332,124.3,183.6,8
2026-03-27T07:56:02+00:00,Andre,-34.026688,22.318455,124.7,182.6,9
2026-03-27T07:56:09+00:00,Andre,-34.025977,22.320938,124.8,181.7,9
2026-03-27T07:56:19+00:00,Andre,-34.024952,22.324489,124.9,180.7,9
2026-03-27T07:56:24+00:00,Andre,-34.024428,22.326258,125.1,179.9,9
2026-03-27T07:56:38+00:00,Andre,-34.023079,22.331263,125.4,172.3,9
2026-03-27T07:56:48+00:00,Andre,-34.023035,22.335027,125,155.5,9
2026-03-27T07:56:58+00:00,Andre,-34.02294,22.33878,124.8,137.7,9
2026-03-27T07:59:03+00:00,Andre,-34.011409,22.382459,126.1,180.8,9
2026-03-27T07:59:09+00:00,Andre,-34.010784,22.384596,125.3,181.6,9
2026-03-27T07:59:16+00:00,Andre,-34.010109,22.387105,124.8,178.9,9
2026-03-27T07:59:17+00:00,Andre,-34.010016,22.387459,122.9,178.2,9
2026-03-27T07:59:36+00:00,Andre,-34.008586,22.394131,128.2,164.8,9
2026-03-27T07:59:42+00:00,Andre,-34.008479,22.396363,122.1,156.1,9
2026-03-27T07:59:53+00:00,Andre,-34.008967,22.400215,111.2,154,9
2026-03-27T08:00:00+00:00,Andre,-34.009279,22.402528,113.3,161.9,9
2026-03-27T08:00:06+00:00,Andre,-34.00948,22.4045,97.2,172.8,9
2026-03-27T08:00:13+00:00,Andre,-34.009614,22.406302,85.3,180.1,9
2026-03-27T08:00:19+00:00,Andre,-34.009632,22.407944,96.4,184.3,9
2026-03-27T08:00:26+00:00,Andre,-34.009554,22.410077,108.4,186.9,9
2026-03-27T08:00:32+00:00,Andre,-34.009373,22.412153,121.5,189.3,9
2026-03-27T08:00:39+00:00,Andre,-34.009006,22.414585,113.7,191.8,9
2026-03-27T08:00:47+00:00,Andre,-34.008427,22.417423,126.8,193.7,9
2026-03-27T08:00:54+00:00,Andre,-34.007959,22.420011,125.7,194.4,9
2026-03-27T08:01:01+00:00,Andre,-34.007405,22.422573,125.7,193.9,9
2026-03-27T08:01:07+00:00,Andre,-34.006644,22.42464,125,192.5,9
2026-03-27T08:01:13+00:00,Andre,-34.005662,22.426561,125.3,190.7,9
2026-03-27T08:01:19+00:00,Andre,-34.00461,22.428433,125.1,188.1,9
2026-03-27T08:01:26+00:00,Andre,-34.00339,22.430622,124.9,184.8,9
2026-03-27T08:01:33+00:00,Andre,-34.002169,22.432808,126.3,181.4,9
2026-03-27T08:01:39+00:00,Andre,-34.001064,22.434794,133,180.5,9
2026-03-27T08:01:45+00:00,Andre,-34.000026,22.436807,126.6,185.5,9
2026-03-27T08:01:52+00:00,Andre,-33.999254,22.439257,121,191.2,9
2026-03-27T08:01:58+00:00,Andre,-33.998856,22.441247,108.4,194.1,9
2026-03-27T08:02:05+00:00,Andre,-33.998346,22.443272,92.7,197.3,8
2026-03-27T08:02:15+00:00,Andre,-33.997501,22.444659,17.6,203.5,9
2026-03-27T08:02:21+00:00,Andre,-33.997464,22.444709,0.1,204,9
2026-03-27T08:02:28+00:00,Andre,-33.997465,22.444707,0.2,204.4,9
2026-03-27T08:02:34+00:00,Andre,-33.997464,22.444708,0.1,204.6,9
2026-03-27T08:02:41+00:00,Andre,-33.99729,22.444909,23,205.4,9
2026-03-27T08:02:48+00:00,Andre,-33.996532,22.444698,62.5,204.4,9
2026-03-27T08:02:55+00:00,Andre,-33.99549,22.444297,60.9,203.1,9
2026-03-27T08:03:01+00:00,Andre,-33.994672,22.444012,51,203.2,9
2026-03-27T08:03:08+00:00,Andre,-33.994243,22.44386,4.3,203.5,9
2026-03-27T08:03:15+00:00,Andre,-33.994232,22.443855,0,203.6,9
2026-03-27T08:03:21+00:00,Andre,-33.994231,22.443853,0,203.8,8
2026-03-27T08:03:27+00:00,Andre,-33.994231,22.443851,0.1,204.2,8
2026-03-27T08:03:34+00:00,Andre,-33.99423,22.44385,0.2,204.6,9
2026-03-27T08:03:40+00:00,Andre,-33.994231,22.443851,0.1,204.9,9
2026-03-27T08:03:47+00:00,Andre,-33.994232,22.443854,0.1,205.1,9
2026-03-27T08:03:54+00:00,Andre,-33.994232,22.443854,0,205.2,8
2026-03-27T08:04:00+00:00,Andre,-33.994231,22.443849,0,205.7,9
2026-03-27T08:04:07+00:00,Andre,-33.994228,22.443845,0,206.2,9
2026-03-27T08:04:13+00:00,Andre,-33.994226,22.443842,0,206.4,9
2026-03-27T08:04:19+00:00,Andre,-33.994226,22.443842,0,206.4,9
2026-03-27T08:04:25+00:00,Andre,-33.994225,22.443843,0,206.7,9
2026-03-27T08:04:32+00:00,Andre,-33.994226,22.443843,0.1,206.8,9
2026-03-27T08:04:38+00:00,Andre,-33.994216,22.443841,2.6,206.8,9
2026-03-27T08:04:45+00:00,Andre,-33.993995,22.443744,15.5,206.4,9
2026-03-27T08:04:55+00:00,Andre,-33.994069,22.443111,31.3,204.5,9
2026-03-27T08:05:04+00:00,Andre,-33.99441,22.442736,22.1,202.6,9
2026-03-27T08:05:11+00:00,Andre,-33.994819,22.442864,20.1,202.8,9
2026-03-27T08:05:18+00:00,Andre,-33.995016,22.442656,21,199.5,9
2026-03-27T08:05:25+00:00,Andre,-33.995139,22.442169,27.4,198.9,7
2026-03-27T08:05:31+00:00,Andre,-33.995264,22.441709,30.2,197.9,9
2026-03-27T08:05:39+00:00,Andre,-33.995462,22.440975,23.9,198.2,9
2026-03-27T08:05:48+00:00,Andre,-33.995718,22.440832,9,200.2,9
2026-03-27T08:05:55+00:00,Andre,-33.995922,22.440897,12.5,201.5,9
2026-03-27T08:06:03+00:00,Andre,-33.996037,22.441,0.5,202.8,8
2026-03-27T08:06:15+00:00,Andre,-33.996027,22.440999,0,207.4,9
2026-03-27T08:06:22+00:00,Andre,-33.996023,22.440992,0.2,209.2,9
2026-03-27T08:06:28+00:00,Andre,-33.996022,22.440982,0,211.9,9
2026-03-27T08:06:35+00:00,Andre,-33.99604,22.44099,0.3,212.1,10
2026-03-27T08:06:43+00:00,Andre,-33.996055,22.440999,0.2,211.9,10
2026-03-27T08:06:49+00:00,Andre,-33.996074,22.441004,0.2,213.2,10
2026-03-27T08:06:56+00:00,Andre,-33.996096,22.441005,0.1,215.4,10
2026-03-27T08:07:02+00:00,Andre,-33.996105,22.441002,0.3,216.7,10
2026-03-27T08:07:09+00:00,Andre,-33.996111,22.440998,0.3,217.9,10
2026-03-27T08:07:16+00:00,Andre,-33.996114,22.440996,0,218.8,9
2026-03-27T08:07:49+00:00,Andre,-33.996096,22.440959,0.7,224.2,9
2026-03-27T08:07:54+00:00,Andre,-33.996085,22.440948,0.8,226.1,8
2026-03-27T08:07:59+00:00,Andre,-33.996082,22.440944,0.8,227.3,10
2026-03-27T08:08:04+00:00,Andre,-33.996079,22.440932,0.3,229.5,9
2026-03-27T08:08:09+00:00,Andre,-33.996083,22.440935,0.7,229.6,10
2026-03-27T08:08:14+00:00,Andre,-33.996094,22.440952,0.4,227.9,10
2026-03-27T08:08:19+00:00,Andre,-33.996104,22.440961,0.2,226.8,10
2026-03-27T08:08:25+00:00,Andre,-33.996111,22.440971,1.2,225.6,10
2026-03-27T08:08:30+00:00,Andre,-33.996118,22.44098,0.7,224,10
2026-03-27T08:08:35+00:00,Andre,-33.996124,22.440978,0.3,223.5,10
2026-03-27T08:08:40+00:00,Andre,-33.996129,22.440983,0.1,222.6,10
2026-03-27T08:08:45+00:00,Andre,-33.996134,22.440997,0.7,220.8,10
2026-03-27T08:08:50+00:00,Andre,-33.996138,22.440997,0.5,220.2,8
2026-03-27T08:08:55+00:00,Andre,-33.99614,22.440993,0.3,220,8
2026-03-27T08:09:00+00:00,Andre,-33.996141,22.440986,0.1,220.3,7
2026-03-27T08:09:05+00:00,Andre,-33.996139,22.440977,0.1,221,8
2026-03-27T08:09:10+00:00,Andre,-33.996138,22.440974,0.3,221.5,9
2026-03-27T08:09:15+00:00,Andre,-33.996137,22.44097,0.1,222.5,9
2026-03-27T08:09:20+00:00,Andre,-33.996137,22.440965,0.4,223.9,9
2026-03-27T08:12:38.869394+00:00,Andre,-33.995958,22.441026,0,202.3,7
2026-03-27T08:12:42+00:00,Andre,-33.99597,22.440996,0.4,205.7,7
2026-03-27T08:13:25+00:00,Andre,-33.995531,22.440674,16.9,215.8,9
2026-03-27T08:13:31+00:00,Andre,-33.995453,22.441006,26.1,214.2,9
2026-03-27T08:13:38+00:00,Andre,-33.995298,22.441593,31.8,211.5,9
2026-03-27T08:13:46+00:00,Andre,-33.99512,22.442331,31.8,211.6,7
2026-03-27T08:13:53+00:00,Andre,-33.994993,22.442833,9.6,212.4,9
2026-03-27T08:14:01+00:00,Andre,-33.99467,22.44282,25.5,213.5,9
2026-03-27T08:14:16+00:00,Andre,-33.994411,22.442898,7.4,210.5,9
2026-03-27T08:14:26+00:00,Andre,-33.994397,22.443083,9.9,208.2,9
2026-03-27T08:14:36+00:00,Andre,-33.994249,22.443305,12.6,204.1,9
2026-03-27T08:14:48+00:00,Andre,-33.994082,22.443212,0.1,203.8,9
2026-03-27T08:14:56+00:00,Andre,-33.994082,22.44321,0.1,203.6,9
2026-03-27T08:15:03+00:00,Andre,-33.994057,22.4431,14.5,203.2,9
2026-03-27T08:15:11+00:00,Andre,-33.993938,22.442869,14.5,203.1,9
2026-03-27T08:15:19+00:00,Andre,-33.993839,22.44293,2,204.2,9
2026-03-27T08:15:26+00:00,Andre,-33.993833,22.442949,0,199.6,8
2026-03-27T08:15:27+00:00,Andre,-33.993833,22.442952,0,198.8,9
2026-03-27T08:15:45+00:00,Andre,-33.993834,22.442951,0.1,193.4,9
2026-03-27T08:15:54+00:00,Andre,-33.993827,22.442952,0.2,190.8,9
2026-03-27T08:22:36+00:00,Andre,-33.993915,22.442866,1.6,183.5,9
2026-03-27T08:22:43+00:00,Andre,-33.993915,22.442875,0,183.6,9
2026-03-27T08:22:50+00:00,Andre,-33.993896,22.442894,0,183.7,9
2026-03-27T08:22:57+00:00,Andre,-33.993889,22.442903,0.2,184,9
2026-03-27T08:23:03+00:00,Andre,-33.993892,22.442901,0.1,184.4,8
2026-03-27T08:23:09+00:00,Andre,-33.993887,22.442901,0.2,184.2,8
2026-03-27T08:23:16+00:00,Andre,-33.993882,22.442896,0.6,183,9
2026-03-27T08:23:22+00:00,Andre,-33.993878,22.442893,0.3,182.1,9
2026-03-27T08:23:29+00:00,Andre,-33.993879,22.442887,0.2,181.6,8
2026-03-27T08:23:35+00:00,Andre,-33.993888,22.442877,0.1,182.6,9
2026-03-27T08:23:42+00:00,Andre,-33.993896,22.442865,0.1,184.2,9
2026-03-27T08:23:48+00:00,Andre,-33.993895,22.442861,0.3,185.2,9
2026-03-27T08:23:55+00:00,Andre,-33.993889,22.442862,0.3,185,9
2026-03-27T08:24:01+00:00,Andre,-33.993884,22.44286,0.2,185.4,9
2026-03-27T08:24:08+00:00,Andre,-33.993863,22.44287,0.1,184.8,9
2026-03-27T08:24:14+00:00,Andre,-33.993845,22.442877,0.1,183.4,9
2026-03-27T08:24:21+00:00,Andre,-33.993839,22.442879,0.1,183,9
2026-03-27T08:24:27+00:00,Andre,-33.993836,22.442879,0.1,183.5,9
2026-03-27T08:24:34+00:00,Andre,-33.993836,22.44288,0,184,9
2026-03-27T08:24:40+00:00,Andre,-33.993837,22.44288,0,183.8,9
2026-03-27T08:24:46+00:00,Andre,-33.993839,22.442882,0.1,183.3,9
2026-03-27T08:24:53+00:00,Andre,-33.993841,22.442883,0.2,183.1,9
2026-03-27T08:24:59+00:00,Andre,-33.993842,22.442885,0.1,182.7,9
2026-03-27T08:25:05+00:00,Andre,-33.993839,22.442888,0.2,182.9,9
2026-03-27T08:25:12+00:00,Andre,-33.993839,22.442888,0,182.4,9
2026-03-27T08:25:18+00:00,Andre,-33.993837,22.442888,0,181.5,9
2026-03-27T08:25:25+00:00,Andre,-33.993835,22.442888,0.1,181.3,9
2026-03-27T08:25:31+00:00,Andre,-33.993831,22.442891,0.1,180.8,9
2026-03-27T08:26:26+00:00,Andre,-33.993804,22.442882,0.6,184.9,9
2026-03-27T08:26:32+00:00,Andre,-33.993767,22.442912,0.2,179.6,9
2026-03-27T08:26:39+00:00,Andre,-33.993718,22.442974,5.2,187.6,9
2026-03-27T08:26:45+00:00,Andre,-33.993825,22.443137,14.4,196.1,9
2026-03-27T08:26:51+00:00,Andre,-33.99393,22.443212,0.1,200.2,8
2026-03-27T08:26:58+00:00,Andre,-33.993933,22.443217,0,201.2,8
2026-03-27T08:27:04+00:00,Andre,-33.993933,22.443219,0,201.8,9
2026-03-27T08:27:13+00:00,Andre,-33.993944,22.443229,0.1,203.3,8
2026-03-27T08:27:19+00:00,Andre,-33.993947,22.44323,0.1,204.1,8
2026-03-27T08:27:26+00:00,Andre,-33.993951,22.44323,0.1,204.8,9
2026-03-27T08:27:32+00:00,Andre,-33.993958,22.443231,0,205.6,9
2026-03-27T08:27:38+00:00,Andre,-33.993963,22.443235,0.9,205.6,9
2026-03-27T08:27:45+00:00,Andre,-33.993967,22.443235,0.1,205.1,9
2026-03-27T08:27:52+00:00,Andre,-33.993967,22.443233,0,205.4,9
2026-03-27T08:27:58+00:00,Andre,-33.993981,22.443255,6.3,205.6,9
2026-03-27T08:28:05+00:00,Andre,-33.993933,22.443454,14.6,204.8,9
2026-03-27T08:28:11+00:00,Andre,-33.993761,22.443707,23.6,205,9
2026-03-27T08:28:17+00:00,Andre,-33.993245,22.443568,45.3,205.2,9
2026-03-27T08:28:24+00:00,Andre,-33.992287,22.443252,63.2,205.6,9
2026-03-27T08:28:30+00:00,Andre,-33.991306,22.442902,70.1,205.7,9
2026-03-27T08:28:37+00:00,Andre,-33.990133,22.442477,66.9,206.2,9
2026-03-27T08:28:43+00:00,Andre,-33.989224,22.442149,60.2,206.7,9
2026-03-27T08:28:49+00:00,Andre,-33.988332,22.441865,61.3,207.2,9
2026-03-27T08:28:56+00:00,Andre,-33.98735,22.441654,52.7,210.5,9
2026-03-27T08:29:03+00:00,Andre,-33.986586,22.44155,38.5,212.5,9
2026-03-27T08:29:09+00:00,Andre,-33.985982,22.441482,38.9,213,9
2026-03-27T08:29:15+00:00,Andre,-33.985374,22.441409,43.4,212.7,9
2026-03-27T08:29:22+00:00,Andre,-33.984685,22.441339,33.8,211.3,9
2026-03-27T08:29:29+00:00,Andre,-33.984335,22.441296,15.5,210.2,9
2026-03-27T08:29:35+00:00,Andre,-33.98417,22.441279,3.8,209.5,9
2026-03-27T08:29:42+00:00,Andre,-33.984045,22.441266,11.7,208.8,9
2026-03-27T08:29:48+00:00,Andre,-33.983808,22.441241,19,207.8,9
2026-03-27T08:29:55+00:00,Andre,-33.98331,22.441193,30.7,205.5,9
2026-03-27T08:30:01+00:00,Andre,-33.982845,22.4411,32.4,204,9
2026-03-27T08:30:08+00:00,Andre,-33.982596,22.440955,17.1,203.8,9
2026-03-27T08:30:14+00:00,Andre,-33.982209,22.440951,34.1,203.7,9
2026-03-27T08:30:21+00:00,Andre,-33.981317,22.440943,69.5,204.8,9
2026-03-27T08:30:27+00:00,Andre,-33.980474,22.440898,39.4,205.5,9
2026-03-27T08:30:33+00:00,Andre,-33.979971,22.44086,36.8,206.7,9
2026-03-27T08:30:40+00:00,Andre,-33.979081,22.441106,61.1,206.6,9
2026-03-27T08:30:46+00:00,Andre,-33.97824,22.441448,56.9,206.4,9
2026-03-27T08:30:53+00:00,Andre,-33.977671,22.441728,27.6,207.4,9
2026-03-27T08:30:59+00:00,Andre,-33.977298,22.442136,44.4,207.1,8
2026-03-27T08:31:06+00:00,Andre,-33.976467,22.442785,61.3,208.3,8
2026-03-27T08:31:13+00:00,Andre,-33.975549,22.443503,66.1,210.2,9
2026-03-27T08:31:19+00:00,Andre,-33.974691,22.444174,67.3,211.4,9
2026-03-27T08:31:26+00:00,Andre,-33.973704,22.444942,62.7,212.7,9
2026-03-27T08:31:33+00:00,Andre,-33.973112,22.445348,19.9,213.1,10
2026-03-27T08:31:39+00:00,Andre,-33.97303,22.445142,19.6,213.2,10
2026-03-27T08:31:46+00:00,Andre,-33.973007,22.444711,18,213.5,10
2026-03-27T08:31:53+00:00,Andre,-33.972808,22.444789,8.2,213.2,10
2026-03-27T08:31:59+00:00,Andre,-33.972716,22.444851,5.4,212.2,10
2026-03-27T08:32:06+00:00,Andre,-33.972659,22.444898,6.5,212,10
2026-03-27T08:32:13+00:00,Andre,-33.972436,22.445079,21,211.8,10
2026-03-27T08:32:19+00:00,Andre,-33.972375,22.445302,10.5,211.6,10
2026-03-27T08:32:25+00:00,Andre,-33.972411,22.445386,3.1,212,10
2026-03-27T08:32:32+00:00,Andre,-33.972434,22.445426,0.2,212.5,10
2026-03-27T08:32:39+00:00,Andre,-33.972441,22.445432,0,212.5,10
2026-03-27T08:32:46+00:00,Andre,-33.972445,22.445434,0.1,213,10
2026-03-27T08:32:52+00:00,Andre,-33.972448,22.445436,0,213.5,10
2026-03-27T08:32:59+00:00,Andre,-33.972453,22.44544,0,213.9,10
2026-03-27T08:33:05+00:00,Andre,-33.972465,22.445461,4.5,214,10
2026-03-27T08:33:12+00:00,Andre,-33.972485,22.445488,0,213.5,10
2026-03-27T08:33:18+00:00,Andre,-33.972487,22.445493,0,214.1,10
2026-03-27T08:33:24+00:00,Andre,-33.97249,22.445497,0,214.5,10
2026-03-27T08:33:31+00:00,Andre,-33.972493,22.4455,1,214.6,10
2026-03-27T08:33:38+00:00,Andre,-33.972558,22.44557,6.7,212.7,10
2026-03-27T08:33:45+00:00,Andre,-33.972603,22.445541,0.1,212.3,10
2026-03-27T08:33:51+00:00,Andre,-33.972637,22.445517,0.9,212.5,10
2026-03-27T08:33:58+00:00,Andre,-33.97265,22.445508,0,213.3,10
2026-03-27T08:34:05+00:00,Andre,-33.972658,22.445502,0,213.7,10
2026-03-27T08:34:11+00:00,Andre,-33.972665,22.445498,0,213.9,10
2026-03-27T08:34:18+00:00,Andre,-33.97267,22.445497,0,214.1,9
2026-03-27T08:34:24+00:00,Andre,-33.972673,22.445495,0.1,214.3,10
2026-03-27T08:34:31+00:00,Andre,-33.972704,22.445469,6,214,10
2026-03-27T08:34:37+00:00,Andre,-33.972717,22.445443,0,213.1,10
2026-03-27T08:34:44+00:00,Andre,-33.972715,22.445439,0,213.1,10
2026-03-27T08:34:50+00:00,Andre,-33.972714,22.445435,0,213.2,10
2026-03-27T08:34:57+00:00,Andre,-33.972713,22.445431,0,213.4,10
2026-03-27T08:35:04+00:00,Andre,-33.972713,22.445429,0,213.6,10
2026-03-27T08:35:10+00:00,Andre,-33.972711,22.445428,0,213.4,10
2026-03-27T08:35:23+00:00,Andre,-33.972684,22.44542,0.1,211.3,10
2026-03-27T08:35:34+00:00,Andre,-33.972692,22.445431,0,210.8,9
2026-03-27T08:35:43+00:00,Andre,-33.972695,22.445438,0,210.7,10
2026-03-27T08:37:49+00:00,Andre,-33.972691,22.445435,0,211.4,9
2026-03-27T08:37:56+00:00,Andre,-33.972692,22.445435,0,211.6,10
2026-03-27T08:38:05+00:00,Andre,-33.972693,22.445433,0,212.2,9
2026-03-27T08:38:11+00:00,Andre,-33.972695,22.445432,0,212.4,10
2026-03-27T08:38:18+00:00,Andre,-33.972696,22.445429,0,212.4,10
2026-03-27T08:38:24+00:00,Andre,-33.972697,22.445427,0,212.5,10
2026-03-27T08:38:35+00:00,Andre,-33.972696,22.445422,0,212.9,9
2026-03-27T08:38:41+00:00,Andre,-33.972696,22.44542,0,213.3,9
2026-03-27T08:38:49+00:00,Andre,-33.972696,22.445418,0,213.7,9
2026-03-27T08:38:56+00:00,Andre,-33.972698,22.445415,0,214,9
2026-03-27T08:39:04+00:00,Andre,-33.972701,22.445413,0,214.1,10
2026-03-27T08:39:12+00:00,Andre,-33.972706,22.445411,0,213.6,10
2026-03-27T08:39:19+00:00,Andre,-33.972709,22.44541,0.1,213.2,10
2026-03-27T08:39:26+00:00,Andre,-33.972713,22.445408,0,212.8,10
2026-03-27T08:39:33+00:00,Andre,-33.972715,22.445408,0,212.7,10
2026-03-27T08:39:40+00:00,Andre,-33.972715,22.445408,0,212.8,10
2026-03-27T08:39:52+00:00,Andre,-33.97271,22.445408,0,213.5,10
2026-03-27T08:40:00+00:00,Andre,-33.972706,22.44541,0,214,10
2026-03-27T08:40:08+00:00,Andre,-33.972705,22.445412,0,214.3,10
2026-03-27T08:40:15+00:00,Andre,-33.972706,22.445413,0,214.1,10
2026-03-27T08:40:22+00:00,Andre,-33.972709,22.445415,0,213.7,10
2026-03-27T08:40:30+00:00,Andre,-33.972715,22.445415,0,213.2,10
2026-03-27T08:40:30+00:00,Andre,-33.972715,22.445415,0,213.2,10
2026-03-27T08:40:51+00:00,Andre,-33.972723,22.445409,0,213.6,10
2026-03-27T08:40:57+00:00,Andre,-33.972721,22.445408,0,213.9,10
2026-03-27T08:41:04+00:00,Andre,-33.972718,22.445408,0,214.5,10
2026-03-27T08:41:11+00:00,Andre,-33.972713,22.445408,0,214.6,10
2026-03-27T08:41:17+00:00,Andre,-33.972709,22.445408,0,214.7,10
2026-03-27T08:41:24+00:00,Andre,-33.972707,22.445407,0,214.6,10
2026-03-27T08:41:30+00:00,Andre,-33.972673,22.445325,3.7,211.6,10
2026-03-27T08:41:37+00:00,Andre,-33.972673,22.445311,0.1,212.4,10
2026-03-27T08:41:44+00:00,Andre,-33.972671,22.445294,0.1,214.7,9
2026-03-27T08:41:51+00:00,Andre,-33.972668,22.445278,0.3,216.8,9
2026-03-27T08:42:00+00:00,Andre,-33.97256,22.445132,9,214.1,9
2026-03-27T08:42:07+00:00,Andre,-33.972536,22.445087,0.9,214.5,10
2026-03-27T08:42:14+00:00,Andre,-33.972465,22.445069,8.9,214.2,9
2026-03-27T08:42:21+00:00,Andre,-33.972302,22.445166,11.6,213.8,10
2026-03-27T08:42:34+00:00,Andre,-33.971649,22.44567,21,213.1,10
2026-03-27T08:42:41+00:00,Andre,-33.971503,22.445694,3.6,213.7,10
2026-03-27T08:42:47+00:00,Andre,-33.971344,22.445487,24.9,214.1,10
2026-03-27T08:43:00+00:00,Andre,-33.970822,22.444485,7.1,211.3,10
2026-03-27T08:43:06+00:00,Andre,-33.970739,22.444522,1.9,210.7,9
2026-03-27T08:43:13+00:00,Andre,-33.970874,22.444759,31.2,211.8,10
2026-03-27T08:43:19+00:00,Andre,-33.971253,22.445457,46.3,213,9
2026-03-27T08:43:26+00:00,Andre,-33.971439,22.445811,0.1,212.4,10
2026-03-27T08:43:33+00:00,Andre,-33.971448,22.445809,0,212.7,10
2026-03-27T08:43:39+00:00,Andre,-33.97146,22.445821,0,213,10
2026-03-27T08:43:46+00:00,Andre,-33.971463,22.445825,0.2,213,10
2026-03-27T08:43:53+00:00,Andre,-33.971466,22.445828,0,212.8,10
2026-03-27T08:44:04+00:00,Andre,-33.971465,22.445831,0,212.6,10
2026-03-27T08:44:11+00:00,Andre,-33.971497,22.445894,12.1,212.6,10
2026-03-27T08:44:18+00:00,Andre,-33.971703,22.446248,26.7,212.5,10
2026-03-27T08:44:25+00:00,Andre,-33.971522,22.44669,40.5,212.3,10
2026-03-27T08:44:32+00:00,Andre,-33.970879,22.447172,45.2,212.6,10
2026-03-27T08:44:39+00:00,Andre,-33.970186,22.447702,48.9,212.4,9
2026-03-27T08:44:45+00:00,Andre,-33.969495,22.44825,53.7,213,10
2026-03-27T08:44:52+00:00,Andre,-33.968771,22.44882,46.1,214,10
2026-03-27T08:44:58+00:00,Andre,-33.968164,22.44933,52.7,215.9,9
2026-03-27T08:45:05+00:00,Andre,-33.967332,22.449971,52.9,218.2,10
2026-03-27T08:45:13+00:00,Andre,-33.966851,22.450318,21.4,219,9
2026-03-27T08:45:19+00:00,Andre,-33.966474,22.450608,32.6,219.7,10
2026-03-27T08:45:25+00:00,Andre,-33.966192,22.450837,14.6,220.6,10
2026-03-27T08:45:32+00:00,Andre,-33.965912,22.451054,29.2,221,10
2026-03-27T08:45:38+00:00,Andre,-33.965562,22.451329,29.2,221.8,10
2026-03-27T08:45:45+00:00,Andre,-33.964904,22.451839,52.7,223.7,10
2026-03-27T08:45:51+00:00,Andre,-33.964428,22.452215,19.6,224.2,10
2026-03-27T08:45:58+00:00,Andre,-33.964368,22.452266,0,224.6,10
2026-03-27T08:46:05+00:00,Andre,-33.964362,22.452273,0.1,225.6,10
2026-03-27T08:46:11+00:00,Andre,-33.96436,22.452274,0,225.9,10
2026-03-27T08:46:18+00:00,Andre,-33.964356,22.452273,0,225.8,10
2026-03-27T08:46:25+00:00,Andre,-33.964357,22.452268,0,225.8,10
2026-03-27T08:46:33+00:00,Andre,-33.964347,22.452273,7.2,225.7,10
2026-03-27T08:46:39+00:00,Andre,-33.964171,22.452411,6.1,225.6,10
2026-03-27T08:46:46+00:00,Andre,-33.963949,22.452584,24.1,225.8,10
2026-03-27T08:46:53+00:00,Andre,-33.963548,22.452892,27.1,226.4,10
2026-03-27T08:47:00+00:00,Andre,-33.963182,22.453177,28.1,226.9,10
2026-03-27T08:47:06+00:00,Andre,-33.962819,22.453465,25.4,227.5,10
2026-03-27T08:47:06+00:00,Andre,-33.962819,22.453465,25.4,227.5,10
2026-03-27T08:47:19+00:00,Andre,-33.962276,22.453887,4,227.9,10
2026-03-27T08:47:27+00:00,Andre,-33.96226,22.453903,0,228.5,10
2026-03-27T08:47:35+00:00,Andre,-33.962252,22.45392,0,229.9,10
2026-03-27T08:47:44+00:00,Andre,-33.962251,22.453925,0,230.4,10
2026-03-27T08:47:51+00:00,Andre,-33.962171,22.453988,10.2,230.1,10
2026-03-27T08:47:59+00:00,Andre,-33.961924,22.45417,19.3,229.8,10
2026-03-27T08:48:09+00:00,Andre,-33.961211,22.454767,33.2,230.8,10
2026-03-27T08:48:17+00:00,Andre,-33.96087,22.455036,9.1,231.3,10
2026-03-27T08:48:23+00:00,Andre,-33.960678,22.455181,22,232,10
2026-03-27T08:48:33+00:00,Andre,-33.960177,22.455533,17.2,231.5,10
2026-03-27T08:48:40+00:00,Andre,-33.959842,22.455783,24,231.5,10
2026-03-27T08:48:46+00:00,Andre,-33.959571,22.456,20.8,232.8,9
2026-03-27T08:48:46+00:00,Andre,-33.959571,22.456,20.8,232.8,9
2026-03-27T08:48:47+00:00,Andre,-33.959533,22.456031,16.9,232.9,10
2026-03-27T08:49:17+00:00,Andre,-33.958221,22.455757,43.2,230.9,10
2026-03-27T08:49:27+00:00,Andre,-33.957535,22.454492,49.5,227.9,10
2026-03-27T08:49:37+00:00,Andre,-33.956795,22.453093,54.4,223,10
2026-03-27T08:50:01+00:00,Andre,-33.954954,22.451261,53.8,218.7,10
2026-03-27T08:50:25+00:00,Andre,-33.952644,22.449159,40.7,232.6,10
2026-03-27T08:50:36+00:00,Andre,-33.952435,22.448624,23.2,233.1,10
2026-03-27T08:55:59+00:00,Andre,-33.919243,22.409017,74.7,428,9
2026-03-27T09:04:31+00:00,Andre,-33.868511,22.36106,95,628.3,8
2026-03-27T09:04:32+00:00,Andre,-33.868304,22.360927,94,628,8
2026-03-27T09:05:00+00:00,Andre,-33.862216,22.359855,90.3,594.5,7
2026-03-27T09:05:23+00:00,Andre,-33.857116,22.360016,83.8,583.4,7
2026-03-27T09:11:02+00:00,Andre,-33.84733,22.353109,0,594.4,8
2026-03-27T09:11:09+00:00,Andre,-33.84733,22.353108,0,593.8,8
2026-03-27T09:11:09+00:00,Andre,-33.84733,22.353108,0,593.8,8
2026-03-27T09:11:10+00:00,Andre,-33.84733,22.353107,0,593.8,8
2026-03-27T09:11:59+00:00,Andre,-33.84645,22.352274,19.2,587.9,8
2026-03-27T09:12:09+00:00,Andre,-33.846027,22.351931,24.1,585.8,8
2026-03-27T09:12:18+00:00,Andre,-33.845367,22.351455,36,583.6,8
2026-03-27T09:12:25+00:00,Andre,-33.844839,22.35113,35.8,582.1,8
2026-03-27T09:12:32+00:00,Andre,-33.844199,22.350784,42.7,580.3,8
2026-03-27T09:12:39+00:00,Andre,-33.843545,22.35049,37.1,579,7
2026-03-27T09:12:46+00:00,Andre,-33.842921,22.350284,39,578.5,7
2026-03-27T09:12:53+00:00,Andre,-33.842131,22.350055,53.4,576,7
2026-03-27T09:18:20+00:00,Andre,-33.825896,22.391669,124.7,609.9,8
2026-03-27T09:18:21+00:00,Andre,-33.825884,22.392043,124.7,610.6,8
2026-03-27T09:18:39+00:00,Andre,-33.827226,22.398481,124.6,618.9,8
2026-03-27T09:18:52+00:00,Andre,-33.82762,22.403233,124.9,629.6,8
2026-03-27T09:18:52+00:00,Andre,-33.82762,22.403233,124.9,630.4,8
2026-03-27T09:21:07+00:00,Andre,-33.833487,22.440952,71,578.1,8
2026-03-27T09:21:14+00:00,Andre,-33.833827,22.442454,75.3,575.3,8
2026-03-27T09:21:22+00:00,Andre,-33.834116,22.444235,77.9,574.2,7
2026-03-27T09:21:33+00:00,Andre,-33.83424,22.446853,83.2,579.6,8
2026-03-27T09:21:58+00:00,Andre,-33.833317,22.452474,76.7,585.2,7
2026-03-27T09:24:25+00:00,Andre,-33.819813,22.496981,125.4,594,8
2026-03-27T09:24:26+00:00,Andre,-33.819736,22.497347,125.5,594,8
2026-03-27T09:26:38+00:00,Andre,-33.809658,22.545345,125,551.3,8
2026-03-27T09:26:47+00:00,Andre,-33.80897,22.548613,125,549.9,8
2026-03-27T09:26:59+00:00,Andre,-33.808052,22.552971,124.9,549.7,8
2026-03-27T09:27:05+00:00,Andre,-33.807596,22.555152,124.9,549.7,8
2026-03-27T09:27:25+00:00,Andre,-33.805966,22.562917,125.9,550,8
2026-03-27T09:27:32+00:00,Andre,-33.805426,22.565468,124.9,550.7,8
2026-03-27T09:27:38+00:00,Andre,-33.804964,22.567636,124.2,556.3,8
2026-03-27T09:27:48+00:00,Andre,-33.804205,22.571265,125.1,564.1,8
2026-03-27T09:28:07+00:00,Andre,-33.80275,22.57817,124.8,572.5,8
2026-03-27T09:28:15+00:00,Andre,-33.802148,22.581081,125.2,573.5,8
2026-03-27T09:28:22+00:00,Andre,-33.801601,22.583627,125.2,573.8,8
2026-03-27T09:28:29+00:00,Andre,-33.801073,22.58616,122.9,578.6,8
2026-03-27T09:28:36+00:00,Andre,-33.800539,22.588694,125.7,585.4,8
2026-03-27T09:28:42+00:00,Andre,-33.800081,22.590886,124.7,587.4,8
2026-03-27T09:28:48+00:00,Andre,-33.799612,22.593061,125.2,589.6,8
2026-03-27T09:28:59+00:00,Andre,-33.798771,22.59707,124.9,587.1,8
2026-03-27T09:29:09+00:00,Andre,-33.798009,22.600695,124.5,587.1,8
2026-03-27T09:29:15+00:00,Andre,-33.797554,22.602872,124.8,589,8
2026-03-27T09:29:22+00:00,Andre,-33.797013,22.605408,124,592.2,8
2026-03-27T09:29:28+00:00,Andre,-33.796559,22.607574,124.1,598.6,8
2026-03-27T09:29:35+00:00,Andre,-33.796017,22.610118,125.9,603,8
2026-03-27T09:29:42+00:00,Andre,-33.795484,22.612673,125.1,602.4,8
2026-03-27T09:29:51+00:00,Andre,-33.794797,22.615928,123.8,608,8
2026-03-27T09:29:57+00:00,Andre,-33.794335,22.618101,125.2,612.5,8
2026-03-27T09:30:04+00:00,Andre,-33.793803,22.620639,124.3,617.4,8
2026-03-27T09:30:10+00:00,Andre,-33.793346,22.622816,125.2,622.4,8
2026-03-27T09:30:27+00:00,Andre,-33.792037,22.628994,123.9,628.7,8
2026-03-27T09:30:27+00:00,Andre,-33.792037,22.628994,123.9,629.7,8
2026-03-27T09:37:22+00:00,Andre,-33.7713,22.775821,104.7,649.4,9
2026-03-27T09:38:13+00:00,Andre,-33.768766,22.79382,153.5,637.6,9
2026-03-27T09:38:30+00:00,Andre,-33.767826,22.800938,134.9,630.1,9
2026-03-27T09:38:46+00:00,Andre,-33.767064,22.807115,126.8,623.7,9
2026-03-27T09:39:03+00:00,Andre,-33.766293,22.813467,125.6,620.8,9
2026-03-27T09:39:19+00:00,Andre,-33.76556,22.819448,126.9,617.2,9
2026-03-27T09:39:36+00:00,Andre,-33.764788,22.825764,125.4,622.9,9
2026-03-27T09:39:53+00:00,Andre,-33.76399,22.832114,127.4,640.6,9
2026-03-27T09:40:09+00:00,Andre,-33.763171,22.838063,125,638.1,9
2026-03-27T09:40:26+00:00,Andre,-33.762283,22.844403,125.9,647.5,9
2026-03-27T09:40:42+00:00,Andre,-33.761458,22.850344,125.7,659.9,9
2026-03-27T09:40:59+00:00,Andre,-33.760567,22.85666,125.3,676.5,9
2026-03-27T09:41:16+00:00,Andre,-33.760351,22.863071,126.2,681.8,9
2026-03-27T09:41:33+00:00,Andre,-33.760621,22.869478,126.1,679.3,9
2026-03-27T09:41:49+00:00,Andre,-33.760885,22.875511,126.3,674.5,9
2026-03-27T09:42:06+00:00,Andre,-33.761707,22.881811,126.3,675.7,9
2026-03-27T09:42:22+00:00,Andre,-33.763961,22.887204,126.2,670,9
2026-03-27T09:42:37+00:00,Andre,-33.766852,22.89168,125.7,664.6,9
2026-03-27T09:42:45+00:00,Andre,-33.768407,22.894063,126.2,662,9
2026-03-27T09:42:55+00:00,Andre,-33.770345,22.897046,125.5,656.8,9
2026-03-27T09:42:55+00:00,Andre,-33.770345,22.897046,125.5,656.8,9
2026-03-27T09:43:17+00:00,Andre,-33.773997,22.902972,73.7,668.8,9
2026-03-27T09:45:35+00:00,Andre,-33.772596,22.949963,103.2,599.8,9
2026-03-27T09:45:41+00:00,Andre,-33.77304,22.951619,94.3,589.8,8
2026-03-27T09:45:49+00:00,Andre,-33.773667,22.953681,90,577.2,8
2026-03-27T09:45:56+00:00,Andre,-33.774178,22.955392,86,567,9
2026-03-27T09:46:04+00:00,Andre,-33.774221,22.957336,79.7,564.4,9
2026-03-27T09:46:22+00:00,Andre,-33.771992,22.96051,77.7,573.2,9
2026-03-27T09:46:29+00:00,Andre,-33.770832,22.961545,90.8,569.8,9
2026-03-27T09:46:36+00:00,Andre,-33.769323,22.961929,86.2,563.7,9
2026-03-27T09:46:42+00:00,Andre,-33.768079,22.961756,79.4,554.8,9
2026-03-27T09:46:50+00:00,Andre,-33.766405,22.962,85.6,542.1,9
2026-03-27T09:46:57+00:00,Andre,-33.764914,22.962355,86.2,530.8,9
2026-03-27T09:47:11+00:00,Andre,-33.762199,22.962787,74.7,515.8,9
2026-03-27T09:47:24+00:00,Andre,-33.760388,22.96134,61.7,527.4,8
2026-03-27T09:47:34+00:00,Andre,-33.759939,22.959602,71.7,539.7,8
2026-03-27T09:49:50+00:00,Andre,-33.749442,22.969076,120.8,727.2,9
2026-03-27T09:49:58+00:00,Andre,-33.748906,22.97198,125.6,737.1,9
2026-03-27T09:50:10+00:00,Andre,-33.748196,22.976423,125.4,747.8,9
2026-03-27T09:54:52+00:00,Andre,-33.717065,23.053387,103.2,937.5,9
2026-03-27T09:54:52+00:00,Andre,-33.717065,23.053387,103.2,937.5,9
2026-03-27T09:55:39+00:00,Andre,-33.708502,23.043312,125.8,849,9
2026-03-27T09:57:55+00:00,Andre,-33.684071,23.068495,126,768.7,9
2026-03-27T10:00:26+00:00,Andre,-33.658702,23.114463,111.3,748,9
2026-03-27T10:00:40+00:00,Andre,-33.65629,23.11806,108.1,731.3,8
2026-03-27T10:00:47+00:00,Andre,-33.655125,23.119818,106.6,718.5,9
2026-03-27T10:00:56+00:00,Andre,-33.653534,23.122168,115.5,712.9,9
2026-03-27T10:01:02+00:00,Andre,-33.652469,23.123766,113.8,714.3,8
2026-03-27T10:01:10+00:00,Andre,-33.651038,23.125901,113.5,714.8,7
2026-03-27T10:01:17+00:00,Andre,-33.649803,23.12772,109.5,720.3,9
2026-03-27T10:01:24+00:00,Andre,-33.648485,23.129517,118.3,725.4,8
2026-03-27T10:01:24+00:00,Andre,-33.648485,23.129517,118.3,726.2,8
2026-03-27T10:03:42+00:00,Andre,-33.625072,23.133685,125.5,821.4,9
2026-03-27T10:03:50+00:00,Andre,-33.623379,23.135912,125.6,825.5,8
2026-03-27T10:03:58+00:00,Andre,-33.621661,23.138112,125.1,829.9,8
2026-03-27T10:06:03+00:00,Andre,-33.587823,23.15656,111.4,892.8,8
2026-03-27T10:06:09+00:00,Andre,-33.586712,23.157994,101.7,903.1,9
2026-03-27T10:06:18+00:00,Andre,-33.585304,23.1602,105.5,918.6,9
2026-03-27T10:06:24+00:00,Andre,-33.584632,23.162049,117.8,928.8,9
2026-03-27T10:06:32+00:00,Andre,-33.583541,23.16467,125.8,939.2,9
2026-03-27T10:06:51+00:00,Andre,-33.577834,23.167298,132.3,921.5,10
2026-03-27T10:06:52+00:00,Andre,-33.57751,23.167369,131.5,919.3,10
2026-03-27T10:07:24+00:00,Andre,-33.567551,23.169581,126.7,892.4,10
2026-03-27T10:13:31+00:00,Andre,-33.498925,23.265597,125.9,769,9
2026-03-27T10:18:36+00:00,Andre,-33.421783,23.306058,121.1,736.8,9
2026-03-27T10:19:14+00:00,Andre,-33.413578,23.315077,122.3,742.4,9
2026-03-27T10:19:30+00:00,Andre,-33.4111,23.320026,121,742.1,10
2026-03-27T10:19:47+00:00,Andre,-33.410182,23.326055,120.1,744.1,9
2026-03-27T10:20:04+00:00,Andre,-33.40954,23.332137,120.7,755.6,10
2026-03-27T10:20:46+00:00,Andre,-33.405216,23.345429,121,772.5,9
2026-03-27T10:21:06+00:00,Andre,-33.400743,23.350025,121.3,777.5,10
2026-03-27T10:21:06+00:00,Andre,-33.400743,23.350025,121.3,777.5,10
2026-03-27T10:22:04+00:00,Andre,-33.39273,23.368564,120.5,777.5,10
2026-03-27T10:22:20+00:00,Andre,-33.390056,23.373397,121.6,836.1,9
2026-03-27T10:22:37+00:00,Andre,-33.388584,23.379228,119.4,840.1,9
2026-03-27T10:22:54+00:00,Andre,-33.388151,23.385326,121.3,849.8,9
2026-03-27T10:23:14+00:00,Andre,-33.387301,23.392365,120.6,866,9
2026-03-27T10:23:34+00:00,Andre,-33.385039,23.399063,120.5,877,9
2026-03-27T10:23:53+00:00,Andre,-33.382224,23.405002,120.3,900.8,9
2026-03-27T10:24:11+00:00,Andre,-33.379545,23.410668,121.8,923.7,10
2026-03-27T10:24:27+00:00,Andre,-33.377721,23.415968,120.3,938.4,10
2026-03-27T10:24:27+00:00,Andre,-33.377721,23.415968,120.3,938.4,10
2026-03-27T10:24:50+00:00,Andre,-33.376212,23.424086,121,954.8,10
2026-03-27T10:25:10+00:00,Andre,-33.374193,23.430799,108.9,982.2,9
2026-03-27T10:25:46+00:00,Andre,-33.368603,23.441514,120.6,1014,9
2026-03-27T10:26:03+00:00,Andre,-33.363904,23.439703,121.1,1007,10
2026-03-27T10:26:03+00:00,Andre,-33.363904,23.439703,121.1,1007,10
2026-03-27T10:26:41+00:00,Andre,-33.353127,23.436365,120.3,973,10
2026-03-27T10:26:59+00:00,Andre,-33.347728,23.436901,120.8,961.6,10
2026-03-27T10:29:34+00:00,Andre,-33.308936,23.468064,119.7,860,10
2026-03-27T10:30:02+00:00,Andre,-33.302189,23.473047,57.3,839.4,10
2026-03-27T10:30:22+00:00,Andre,-33.299125,23.475893,103.5,834,10
2026-03-27T10:30:41+00:00,Andre,-33.294753,23.480142,119.8,833,10
2026-03-27T10:30:57+00:00,Andre,-33.291664,23.484578,120.5,835.2,10
2026-03-27T10:31:15+00:00,Andre,-33.286665,23.486509,119.8,828,10
2026-03-27T10:31:52+00:00,Andre,-33.275488,23.485601,121,812.8,10
2026-03-27T10:32:08+00:00,Andre,-33.270639,23.485206,121.1,802.6,10
2026-03-27T10:32:24+00:00,Andre,-33.265802,23.48481,121.1,792.9,10
2026-03-27T10:32:41+00:00,Andre,-33.260664,23.484389,121.2,787.2,10
2026-03-27T10:32:57+00:00,Andre,-33.255818,23.483997,120.8,774.7,10
2026-03-27T10:33:14+00:00,Andre,-33.25069,23.483576,120.6,774.4,10
2026-03-27T10:33:30+00:00,Andre,-33.245866,23.48318,121.3,787.6,10
2026-03-27T10:33:54+00:00,Andre,-33.238616,23.482595,120.5,803.6,10
2026-03-27T10:41:57+00:00,Andre,-33.123576,23.435356,121.4,756,9
2026-03-27T10:42:23+00:00,Andre,-33.117083,23.440663,121,737.9,10
2026-03-27T10:42:40+00:00,Andre,-33.112843,23.444132,121.1,730.7,10
2026-03-27T10:42:59+00:00,Andre,-33.108105,23.448015,121.4,725.1,11
2026-03-27T10:43:06+00:00,Andre,-33.106351,23.449445,121,720.2,10
2026-03-27T10:43:14+00:00,Andre,-33.104363,23.451086,120.6,716,10
2026-03-27T10:43:24+00:00,Andre,-33.101861,23.453116,121.1,712.4,10
2026-03-27T10:43:31+00:00,Andre,-33.100115,23.454547,121,710.2,10
2026-03-27T10:43:44+00:00,Andre,-33.09687,23.457203,120.8,705.2,10
2026-03-27T10:43:56+00:00,Andre,-33.093872,23.459649,120.8,702,10
2026-03-27T10:48:53+00:00,Andre,-33.040019,23.529963,121.3,739.8,10
2026-03-27T10:54:06+00:00,Andre,-32.957871,23.586181,121.2,733,10
2026-03-27T10:59:57+00:00,Andre,-32.866142,23.650682,121.1,781.6,9
2026-03-27T11:11:51+00:00,Andre,-32.698147,23.809852,120.9,861.8,9
2026-03-27T11:14:14+00:00,Andre,-32.665132,23.843045,121,876.1,9
2026-03-27T11:19:50+00:00,Andre,-32.587494,23.920919,121.7,841.7,9
2026-03-27T11:20:28+00:00,Andre,-32.578716,23.929711,120.9,824.2,9
2026-03-27T11:20:40+00:00,Andre,-32.575938,23.932495,121,820.2,9
2026-03-27T11:20:52+00:00,Andre,-32.573182,23.935293,120.8,819.3,9
2026-03-27T11:21:07+00:00,Andre,-32.569984,23.939116,121,815.8,9
2026-03-27T11:21:15+00:00,Andre,-32.568329,23.941209,121,815.1,9
2026-03-27T11:21:22+00:00,Andre,-32.566884,23.943042,121,815.1,9
2026-03-27T11:21:28+00:00,Andre,-32.565642,23.944616,121.2,814.1,9
2026-03-27T11:21:35+00:00,Andre,-32.564192,23.946449,121.1,812.6,9
2026-03-27T11:21:41+00:00,Andre,-32.562951,23.948024,121.1,810.9,9
2026-03-27T11:21:48+00:00,Andre,-32.561504,23.949857,121,809.3,9
2026-03-27T11:21:54+00:00,Andre,-32.560307,23.951382,111.2,808,9
2026-03-27T11:22:02+00:00,Andre,-32.558848,23.953228,112.3,806.9,9
2026-03-27T11:22:11+00:00,Andre,-32.556902,23.955702,134.7,804.2,9
2026-03-27T11:22:17+00:00,Andre,-32.55551,23.957462,133.8,803,9
2026-03-27T11:22:24+00:00,Andre,-32.553949,23.959442,125.7,801.6,9
2026-03-27T11:22:32+00:00,Andre,-32.552281,23.961558,121.3,800,9
2026-03-27T11:24:53+00:00,Andre,-32.523146,23.998485,120.9,784.3,10
2026-03-27T11:24:54+00:00,Andre,-32.522939,23.998746,120.8,784.5,10
2026-03-27T11:25:13+00:00,Andre,-32.519003,24.003719,121,780.1,10
2026-03-27T11:25:21+00:00,Andre,-32.517357,24.005816,121,778.9,10
2026-03-27T11:25:28+00:00,Andre,-32.515905,24.007644,121.1,777.7,10
2026-03-27T11:25:48+00:00,Andre,-32.511773,24.012886,121.1,773.9,10
2026-03-27T11:25:58+00:00,Andre,-32.509699,24.015495,120.8,771.9,10
2026-03-27T11:26:09+00:00,Andre,-32.507433,24.018375,120.9,772.8,10
2026-03-27T11:26:16+00:00,Andre,-32.505984,24.020209,121.2,771.5,10
2026-03-27T11:26:24+00:00,Andre,-32.504329,24.022295,120.8,771.8,10
2026-03-27T11:26:31+00:00,Andre,-32.502887,24.024135,121.5,770.5,10
2026-03-27T11:26:39+00:00,Andre,-32.501231,24.026228,120.9,768.3,10
2026-03-27T11:26:45+00:00,Andre,-32.499993,24.027799,120.9,767.6,10
2026-03-27T11:26:52+00:00,Andre,-32.498544,24.029628,121,766.8,10
2026-03-27T11:27:01+00:00,Andre,-32.496686,24.031985,121.1,765.3,10
2026-03-27T11:27:11+00:00,Andre,-32.49462,24.034605,121,762.9,10
2026-03-27T11:27:17+00:00,Andre,-32.493378,24.036176,121.1,760.9,10
2026-03-27T11:27:18+00:00,Andre,-32.493172,24.036438,121.1,760.6,10
2026-03-27T11:29:44+00:00,Andre,-32.468236,24.066073,118.5,746.9,10
2026-03-27T11:31:02+00:00,Andre,-32.458716,24.091307,125.9,736.7,9
2026-03-27T11:31:40+00:00,Andre,-32.452026,24.102769,123.9,737.1,10
2026-03-27T11:32:01+00:00,Andre,-32.448449,24.108901,117.8,734.9,10
2026-03-27T11:32:09+00:00,Andre,-32.447145,24.111131,113.1,733.9,10
2026-03-27T11:32:15+00:00,Andre,-32.446154,24.112829,119.5,732.6,10
2026-03-27T11:32:22+00:00,Andre,-32.44491,24.114999,131.9,730.9,10
2026-03-27T11:32:32+00:00,Andre,-32.443072,24.118115,123.7,728.9,10
2026-03-27T11:32:42+00:00,Andre,-32.441331,24.121095,125.5,728.8,10
2026-03-27T11:32:54+00:00,Andre,-32.439232,24.124696,125.5,727.7,10
2026-03-27T11:33:05+00:00,Andre,-32.437319,24.127963,125.1,726.4,10
2026-03-27T11:33:15+00:00,Andre,-32.435581,24.130943,120.9,725.7,10
2026-03-27T11:33:30+00:00,Andre,-32.432963,24.135417,125.6,724.7,10
2026-03-27T11:33:38+00:00,Andre,-32.431553,24.137836,124.4,721.5,10
2026-03-27T11:33:49+00:00,Andre,-32.429612,24.141174,123.8,717.8,10
2026-03-27T11:33:55+00:00,Andre,-32.428568,24.142945,120.2,716.7,10
2026-03-27T11:34:03+00:00,Andre,-32.427136,24.145276,123.9,715.3,9
2026-03-27T11:34:11+00:00,Andre,-32.425565,24.147521,122.7,714.4,10
2026-03-27T11:34:19+00:00,Andre,-32.42389,24.149677,123.8,713.7,10
2026-03-27T11:34:25+00:00,Andre,-32.422552,24.151204,123.5,713.3,10
2026-03-27T11:34:41+00:00,Andre,-32.418742,24.15492,121.9,710.1,10
2026-03-27T11:35:03+00:00,Andre,-32.413014,24.159389,127.1,710.6,10
2026-03-27T11:35:23+00:00,Andre,-32.408913,24.165159,132.9,709.7,10
2026-03-27T11:35:41+00:00,Andre,-32.406396,24.171441,126.8,713.3,10
2026-03-27T11:35:57+00:00,Andre,-32.404226,24.176838,126.6,715.8,10
2026-03-27T11:36:13+00:00,Andre,-32.402053,24.182233,124,716.3,10
2026-03-27T11:36:29+00:00,Andre,-32.399996,24.187366,117.7,716.7,10
2026-03-27T11:36:46+00:00,Andre,-32.397815,24.192783,123.1,716.9,10
2026-03-27T11:37:02+00:00,Andre,-32.395728,24.197968,121,715.8,10
2026-03-27T11:37:33+00:00,Andre,-32.391688,24.208036,120.9,713.9,10
2026-03-27T11:37:52+00:00,Andre,-32.389151,24.21434,122.7,712.6,10
2026-03-27T11:38:10+00:00,Andre,-32.386804,24.220161,121,713.1,10
2026-03-27T11:38:50+00:00,Andre,-32.382059,24.233389,124.8,715.2,11
2026-03-27T11:39:09+00:00,Andre,-32.379974,24.240262,122.9,716.8,11
2026-03-27T11:39:26+00:00,Andre,-32.378296,24.245801,83.5,716,11
2026-03-27T11:39:55+00:00,Andre,-32.37603,24.253248,118.2,719.4,11
2026-03-27T11:40:15+00:00,Andre,-32.373981,24.259975,124.5,719.9,11
2026-03-27T11:41:06+00:00,Andre,-32.367727,24.277492,122.9,730.6,10
2026-03-27T11:41:31+00:00,Andre,-32.364164,24.285399,121.2,740,10
2026-03-27T11:41:47+00:00,Andre,-32.361043,24.289703,121.2,750.7,10
2026-03-27T11:42:03+00:00,Andre,-32.357284,24.293298,119.9,754.9,10
2026-03-27T11:42:20+00:00,Andre,-32.354518,24.298387,121.2,754.3,10
2026-03-27T11:42:43+00:00,Andre,-32.353157,24.306427,120.8,742.7,10
2026-03-27T11:42:59+00:00,Andre,-32.352489,24.312079,121,739.4,10
2026-03-27T11:43:16+00:00,Andre,-32.351765,24.318088,121,736.5,10
2026-03-27T11:43:32+00:00,Andre,-32.351089,24.323746,121.1,734.2,10
2026-03-27T11:43:51+00:00,Andre,-32.350283,24.330465,121,731.5,9
2026-03-27T11:44:08+00:00,Andre,-32.349572,24.33648,121,729.3,10
2026-03-27T11:46:23+00:00,Andre,-32.341955,24.383203,121,716.5,10
2026-03-27T11:46:39+00:00,Andre,-32.342092,24.388912,121.1,718.1,10
2026-03-27T11:46:57+00:00,Andre,-32.342242,24.395355,121.2,709.6,10
2026-03-27T11:47:15+00:00,Andre,-32.342407,24.401772,121,707,9
2026-03-27T11:47:32+00:00,Andre,-32.342458,24.408088,125,703.3,10
2026-03-27T11:47:48+00:00,Andre,-32.341743,24.413848,122.1,696.7,10
2026-03-27T11:48:05+00:00,Andre,-32.340607,24.419767,120.9,697.5,10
2026-03-27T11:48:28+00:00,Andre,-32.337823,24.427267,121,701.2,10
2026-03-27T11:48:50+00:00,Andre,-32.334596,24.434146,121.7,706.9,10
2026-03-27T11:49:06+00:00,Andre,-32.332267,24.439126,113.9,707.1,10
2026-03-27T11:49:23+00:00,Andre,-32.330502,24.442868,85.3,705.9,10
2026-03-27T11:49:40+00:00,Andre,-32.328189,24.447794,120.5,692.1,9
2026-03-27T11:49:57+00:00,Andre,-32.325701,24.453104,120.5,684.6,10
2026-03-27T11:50:39+00:00,Andre,-32.319541,24.466211,121,693.4,10
2026-03-27T11:50:56+00:00,Andre,-32.317043,24.471518,120.9,700.4,10
2026-03-27T11:51:19+00:00,Andre,-32.31367,24.478699,120.9,710.9,10
2026-03-27T11:51:48+00:00,Andre,-32.309421,24.487745,120.9,730.3,10
2026-03-27T11:52:15+00:00,Andre,-32.305466,24.496171,120.9,748.8,10
2026-03-27T11:52:32+00:00,Andre,-32.303012,24.501508,121,758.9,10
2026-03-27T11:53:10+00:00,Andre,-32.298676,24.513951,120.8,783,10
2026-03-27T11:53:30+00:00,Andre,-32.298033,24.521071,120.7,791.2,10
2026-03-27T11:54:13+00:00,Andre,-32.29148,24.533778,121.5,762.2,8
2026-03-27T11:54:30+00:00,Andre,-32.28684,24.536352,119.9,736.2,8
2026-03-27T11:54:31+00:00,Andre,-32.286597,24.536561,120.1,735.7,8
2026-03-27T11:55:14+00:00,Andre,-32.277076,24.544732,98.9,729,10
2026-03-27T11:55:33+00:00,Andre,-32.272731,24.545456,81.4,735.5,9
2026-03-27T11:56:18+00:00,Andre,-32.265927,24.542542,51.6,745.9,9
2026-03-27T11:56:35+00:00,Andre,-32.264891,24.541677,8.2,747.3,9
2026-03-27T11:56:36+00:00,Andre,-32.264881,24.541667,4,748.1,10
2026-03-27T11:57:08+00:00,Andre,-32.26473,24.541372,0.5,747.5,10
2026-03-27T11:57:23+00:00,Andre,-32.264728,24.541379,0,744.7,10
2026-03-27T11:57:31+00:00,Andre,-32.264729,24.541376,0.2,743.7,9
2026-03-27T11:57:41+00:00,Andre,-32.264722,24.541372,0,742.8,9
2026-03-27T11:57:48+00:00,Andre,-32.264722,24.541379,1.6,741.9,9
2026-03-27T11:57:55+00:00,Andre,-32.264672,24.541373,9.3,742.9,9
2026-03-27T11:58:01+00:00,Andre,-32.264621,24.54129,5,744.5,8
2026-03-27T11:58:08+00:00,Andre,-32.264713,24.541244,3.1,745.6,9
2026-03-27T11:58:14+00:00,Andre,-32.264728,24.541249,0.9,746.4,9
2026-03-27T11:58:22+00:00,Andre,-32.26478,24.541284,1.4,745.3,9
2026-03-27T11:58:28+00:00,Andre,-32.264786,24.541303,0.3,745,9
2026-03-27T11:58:35+00:00,Andre,-32.264798,24.541302,0,745.4,9
2026-03-27T11:58:42+00:00,Andre,-32.264797,24.541304,0.5,745.9,9
2026-03-27T11:58:52+00:00,Andre,-32.264783,24.541317,0.5,745.7,9
2026-03-27T11:59:02+00:00,Andre,-32.264761,24.541333,0.2,742,9
2026-03-27T12:01:08+00:00,Andre,-32.264743,24.541409,0.1,728.4,9
2026-03-27T12:01:18+00:00,Andre,-32.26474,24.541411,0,730.7,9
2026-03-27T12:01:26+00:00,Andre,-32.264741,24.541412,0,731.1,9
2026-03-27T12:01:34+00:00,Andre,-32.264743,24.541415,0.3,730.7,9
2026-03-27T12:01:41+00:00,Andre,-32.264741,24.541414,0.1,731.9,10
2026-03-27T12:01:53+00:00,Andre,-32.264741,24.541407,0,732.2,10
2026-03-27T12:02:01+00:00,Andre,-32.264741,24.541399,0.1,731.9,10
2026-03-27T12:02:08+00:00,Andre,-32.264745,24.541396,0.2,731.5,9
2026-03-27T12:02:14+00:00,Andre,-32.264749,24.541394,0,730.9,8
2026-03-27T12:02:21+00:00,Andre,-32.264754,24.54139,0.3,730.5,8
2026-03-27T12:02:27+00:00,Andre,-32.26476,24.54139,0.1,729.6,9
2026-03-27T12:02:34+00:00,Andre,-32.264767,24.541392,0.2,729.1,8
2026-03-27T12:02:40+00:00,Andre,-32.264769,24.541399,0,729.4,9
2026-03-27T12:02:52+00:00,Andre,-32.264772,24.54142,0.3,731.2,10
2026-03-27T12:03:02+00:00,Andre,-32.264759,24.541434,0.2,735.8,10
2026-03-27T12:03:08+00:00,Andre,-32.264758,24.541432,0.2,737.4,10
2026-03-27T12:03:27+00:00,Andre,-32.264743,24.541436,1.1,740.4,10
2026-03-27T12:03:45+00:00,Andre,-32.264736,24.541423,0.3,740.4,10
2026-03-27T12:04:09+00:00,Andre,-32.264759,24.541397,0.2,739.5,11
2026-03-27T12:04:10+00:00,Andre,-32.264761,24.541397,0.1,739.4,11
2026-03-27T12:06:22+00:00,Andre,-32.264835,24.541289,0.1,760.9,11
2026-03-27T12:06:28+00:00,Andre,-32.264834,24.54128,0,762,11
2026-03-27T12:06:49+00:00,Andre,-32.264903,24.541196,0.3,751.4,11
2026-03-27T12:06:57+00:00,Andre,-32.264879,24.541212,0.1,759,11
2026-03-27T12:07:03+00:00,Andre,-32.264873,24.541216,0.1,760.6,11
2026-03-27T12:07:11+00:00,Andre,-32.26487,24.54122,0.2,761,10
2026-03-27T12:07:19+00:00,Andre,-32.264864,24.541224,0.1,761.8,11
2026-03-27T12:07:25+00:00,Andre,-32.264862,24.541228,0.3,761.1,10
2026-03-27T12:07:32+00:00,Andre,-32.264857,24.541233,0,761.3,10
2026-03-27T12:07:38+00:00,Andre,-32.264857,24.541233,0.1,760.4,10
2026-03-27T12:07:55+00:00,Andre,-32.264866,24.541228,0.1,758,10
2026-03-27T12:08:14+00:00,Andre,-32.264871,24.541236,0.1,757.9,10
2026-03-27T12:08:14+00:00,Andre,-32.264871,24.541236,0.1,757.9,10
2026-03-27T12:08:31+00:00,Andre,-32.264865,24.541242,0,760.1,10
2026-03-27T12:08:38+00:00,Andre,-32.264865,24.541242,0,760.7,9
2026-03-27T12:08:44+00:00,Andre,-32.264863,24.541242,0,761.1,9
2026-03-27T12:08:55+00:00,Andre,-32.264861,24.541245,0,761.7,9
2026-03-27T12:09:02+00:00,Andre,-32.26486,24.541247,0,761.3,9
2026-03-27T12:09:09+00:00,Andre,-32.264859,24.541249,0.1,760.9,9
2026-03-27T12:09:16+00:00,Andre,-32.26486,24.541249,0,760.6,9
2026-03-27T12:09:27+00:00,Andre,-32.264861,24.541243,0,760.6,9
2026-03-27T12:09:34+00:00,Andre,-32.264861,24.541239,0,760.2,10
2026-03-27T12:09:41+00:00,Andre,-32.26486,24.541237,0,760.1,10
2026-03-27T12:09:53+00:00,Andre,-32.264859,24.541229,0,759.8,10
2026-03-27T12:09:59+00:00,Andre,-32.264859,24.541225,0,759.4,11
2026-03-27T12:10:06+00:00,Andre,-32.26486,24.541221,0,759.3,10
2026-03-27T12:10:12+00:00,Andre,-32.264861,24.541218,0,759.1,9
2026-03-27T12:10:19+00:00,Andre,-32.264862,24.541214,0,758.8,10
2026-03-27T12:10:27+00:00,Andre,-32.264863,24.541209,0.1,758.3,10
2026-03-27T12:10:34+00:00,Andre,-32.264864,24.541207,0,758.1,10
2026-03-27T12:10:41+00:00,Andre,-32.264867,24.541207,0,757.7,10
2026-03-27T12:10:48+00:00,Andre,-32.26487,24.541208,0,757.5,10
2026-03-27T12:10:54+00:00,Andre,-32.264872,24.541209,0,757.1,9
2026-03-27T12:11:01+00:00,Andre,-32.264874,24.541211,0.1,756.1,9
2026-03-27T12:11:07+00:00,Andre,-32.264877,24.541215,0.5,755.3,10
2026-03-27T12:11:13+00:00,Andre,-32.264865,24.541229,0.8,757,10
2026-03-27T12:11:20+00:00,Andre,-32.264843,24.541244,3.4,761.2,10
2026-03-27T12:11:26+00:00,Andre,-32.264815,24.541224,6.9,761.3,10
2026-03-27T12:11:33+00:00,Andre,-32.26476,24.541199,3.1,760,10
2026-03-27T12:11:40+00:00,Andre,-32.264675,24.541202,5.8,758.5,9
2026-03-27T12:11:48+00:00,Andre,-32.264629,24.541283,3,758,9
2026-03-27T12:11:55+00:00,Andre,-32.264425,24.541203,25.8,757.8,10
2026-03-27T12:12:01+00:00,Andre,-32.264128,24.541045,5.6,756.7,10
2026-03-27T12:12:08+00:00,Andre,-32.264017,24.541027,20,755.6,10
2026-03-27T12:12:14+00:00,Andre,-32.263527,24.540776,43.9,756.6,10
2026-03-27T12:12:20+00:00,Andre,-32.262801,24.540408,55.4,755.6,10
2026-03-27T12:12:28+00:00,Andre,-32.261693,24.539852,61.1,754.3,10
2026-03-27T12:12:39+00:00,Andre,-32.260162,24.539104,58,751.8,10
2026-03-27T12:12:51+00:00,Andre,-32.258471,24.538423,56.1,745.3,10
2026-03-27T12:12:57+00:00,Andre,-32.257751,24.538141,44.1,744.5,10
2026-03-27T12:13:04+00:00,Andre,-32.257054,24.5379,40.3,744.3,10
2026-03-27T12:13:12+00:00,Andre,-32.256294,24.537574,42.7,744.2,10
2026-03-27T12:13:23+00:00,Andre,-32.255175,24.537124,45.2,744.7,10
2026-03-27T12:13:30+00:00,Andre,-32.254676,24.536925,23.1,745.1,10
2026-03-27T12:13:37+00:00,Andre,-32.254315,24.536783,13.5,745.6,10
2026-03-27T12:13:45+00:00,Andre,-32.253773,24.536572,33.6,745.7,10
2026-03-27T12:13:51+00:00,Andre,-32.25328,24.536378,35.8,747.5,9
2026-03-27T12:13:58+00:00,Andre,-32.252459,24.536092,53.3,748.3,10
2026-03-27T12:14:04+00:00,Andre,-32.251786,24.53583,43.2,748.3,9
2026-03-27T12:14:10+00:00,Andre,-32.251277,24.535598,28.3,748.8,9
2026-03-27T12:14:17+00:00,Andre,-32.251022,24.535496,16.8,748,9
2026-03-27T12:14:23+00:00,Andre,-32.250523,24.535303,43.3,748.7,9
2026-03-27T12:14:29+00:00,Andre,-32.25005,24.535058,23.7,749.1,9
2026-03-27T12:14:36+00:00,Andre,-32.249936,24.534669,19.1,749.8,9
2026-03-27T12:14:42+00:00,Andre,-32.24954,24.534522,30.5,749.9,9
2026-03-27T12:14:52+00:00,Andre,-32.249223,24.534415,15.6,751.7,8
2026-03-27T12:14:59+00:00,Andre,-32.24901,24.534854,37.4,751.6,8
2026-03-27T12:15:05+00:00,Andre,-32.248835,24.535508,37.3,752,8
2026-03-27T12:15:12+00:00,Andre,-32.248653,24.536175,28.6,752.7,8
2026-03-27T12:15:19+00:00,Andre,-32.248522,24.536667,24.6,755.1,8
2026-03-27T12:15:25+00:00,Andre,-32.248402,24.53709,28.4,755.8,7
2026-03-27T12:15:32+00:00,Andre,-32.248243,24.537399,18.9,755.9,8
2026-03-27T12:15:44+00:00,Andre,-32.246925,24.537534,56.2,758.4,8
2026-03-27T12:15:53+00:00,Andre,-32.245626,24.537935,64.9,759.6,9
2026-03-27T12:16:05+00:00,Andre,-32.24359,24.53764,59.9,765,9
2026-03-27T12:16:11+00:00,Andre,-32.242675,24.537351,70.4,768.6,9
2026-03-27T12:16:18+00:00,Andre,-32.241298,24.536912,88.7,773.8,8
2026-03-27T12:16:25+00:00,Andre,-32.239799,24.536437,91.3,779.9,9
2026-03-27T12:16:32+00:00,Andre,-32.238179,24.535922,95.4,788.1,10
2026-03-27T12:16:38+00:00,Andre,-32.23679,24.535479,96.6,793.1,10
2026-03-27T12:16:44+00:00,Andre,-32.235379,24.535041,97.1,795.2,10
2026-03-27T12:16:50+00:00,Andre,-32.234012,24.53483,88.4,794.5,10
2026-03-27T12:16:57+00:00,Andre,-32.232618,24.535345,81.8,793.6,11
2026-03-27T12:17:03+00:00,Andre,-32.231624,24.536172,71.4,792.8,11
2026-03-27T12:17:10+00:00,Andre,-32.230839,24.536758,61.5,791.8,11
2026-03-27T12:17:38+00:00,Andre,-32.22428,24.539546,109.2,792.1,11
2026-03-27T12:17:45+00:00,Andre,-32.222553,24.540534,106.3,792.9,11
2026-03-27T12:17:55+00:00,Andre,-32.220116,24.541921,110,794.1,11
2026-03-27T12:18:06+00:00,Andre,-32.217355,24.543484,109,791.2,11
2026-03-27T12:29:12+00:00,Andre,-32.048574,24.616504,119.7,1211.8,10
2026-03-27T12:29:12+00:00,Andre,-32.048574,24.616504,119.7,1211.7,10
2026-03-27T12:31:30+00:00,Andre,-32.01515,24.646288,119.7,1146.3,10
2026-03-27T12:33:38+00:00,Andre,-31.991581,24.682212,120.7,1183.7,10
2026-03-27T12:33:38+00:00,Andre,-31.991581,24.682212,120.7,1183.7,10
2026-03-27T12:34:17+00:00,Andre,-31.984753,24.6935,120.8,1213.5,11
2026-03-27T12:34:17+00:00,Andre,-31.984753,24.6935,120.8,1214.2,11
2026-03-27T12:34:44+00:00,Andre,-31.980052,24.701338,120.8,1233.6,10
2026-03-27T12:34:53+00:00,Andre,-31.978489,24.703949,120.7,1241.7,10
2026-03-27T12:35:03+00:00,Andre,-31.976747,24.706832,120.3,1255.4,10
2026-03-27T12:35:19+00:00,Andre,-31.973607,24.711114,120.8,1274.7,9
2026-03-27T12:35:19+00:00,Andre,-31.973607,24.711114,120.8,1274.7,9
2026-03-27T12:35:30+00:00,Andre,-31.970901,24.713337,120,1295.7,7
2026-03-27T12:35:49+00:00,Andre,-31.968035,24.719044,120.1,1337.5,8
2026-03-27T12:35:50+00:00,Andre,-31.967916,24.719368,120.2,1337.5,8
2026-03-27T12:36:27+00:00,Andre,-31.959375,24.727009,120,1418.9,12
2026-03-27T12:36:38+00:00,Andre,-31.956101,24.727335,120.4,1439.5,11
2026-03-27T12:36:38+00:00,Andre,-31.956101,24.727335,120.4,1439.5,11
2026-03-27T12:36:38+00:00,Andre,-31.956101,24.727335,120.4,1439.5,11
2026-03-27T12:37:28+00:00,Andre,-31.943677,24.729404,107,1405.8,11
2026-03-27T12:37:38+00:00,Andre,-31.941916,24.731356,94.1,1397.1,11
2026-03-27T12:37:53+00:00,Andre,-31.939481,24.73406,88.9,1389,11
2026-03-27T12:38:14+00:00,Andre,-31.935068,24.738962,121.5,1381.6,12
2026-03-27T12:38:30+00:00,Andre,-31.931541,24.742877,121.1,1380.2,12
2026-03-27T12:38:44+00:00,Andre,-31.928462,24.7463,120.9,1378.9,12
2026-03-27T12:38:55+00:00,Andre,-31.926028,24.74897,120.9,1378.6,12
2026-03-27T12:38:55+00:00,Andre,-31.926028,24.74897,120.9,1378.6,12
2026-03-27T12:38:56+00:00,Andre,-31.925806,24.749212,121,1378.5,12
2026-03-27T12:39:30+00:00,Andre,-31.917966,24.757619,134.7,1383.9,12
2026-03-27T12:39:41+00:00,Andre,-31.91532,24.76019,121.2,1383.1,11
2026-03-27T12:39:50+00:00,Andre,-31.913177,24.762147,119.9,1387.5,12
2026-03-27T12:39:59+00:00,Andre,-31.911029,24.764111,121.5,1395.2,11
2026-03-27T12:40:08+00:00,Andre,-31.909,24.766265,121,1394.1,12
2026-03-27T12:40:17+00:00,Andre,-31.907202,24.768671,121,1392.8,12
2026-03-27T12:40:28+00:00,Andre,-31.905214,24.771818,121.3,1388.7,11
2026-03-27T12:40:58+00:00,Andre,-31.899869,24.780428,120.9,1379.3,11
2026-03-27T12:41:22+00:00,Andre,-31.895584,24.787308,120.9,1384.1,11
2026-03-27T12:41:23+00:00,Andre,-31.895409,24.787597,120.8,1384.3,11
2026-03-27T12:41:55+00:00,Andre,-31.8902,24.797152,120.8,1394.1,12
2026-03-27T12:42:16+00:00,Andre,-31.887523,24.80395,127.9,1406.5,12
2026-03-27T12:42:35+00:00,Andre,-31.885271,24.81036,121.2,1419.8,11
2026-03-27T12:47:45+00:00,Andre,-31.841327,24.867178,99,1739.4,9
2026-03-27T12:50:33+00:00,Andre,-31.809197,24.879356,120.3,1612.5,9
2026-03-27T12:50:33+00:00,Andre,-31.809197,24.879356,120.3,1612.5,9
2026-03-27T12:50:55+00:00,Andre,-31.803939,24.882835,70.9,1613.5,9
2026-03-27T12:51:03+00:00,Andre,-31.802825,24.883637,67.8,1616.4,9
2026-03-27T12:51:09+00:00,Andre,-31.802013,24.88439,71.4,1618.2,9
2026-03-27T12:51:17+00:00,Andre,-31.800941,24.885748,92.4,1621.3,10
2026-03-27T12:51:25+00:00,Andre,-31.799553,24.887559,115,1623.2,10
2026-03-27T12:51:34+00:00,Andre,-31.797797,24.889912,113.9,1626.2,10
2026-03-27T12:51:43+00:00,Andre,-31.796245,24.892296,120.2,1628,9
2026-03-27T12:51:54+00:00,Andre,-31.794314,24.89551,121.4,1610.9,7
2026-03-27T12:52:04+00:00,Andre,-31.791802,24.897344,121,1588.9,10
2026-03-27T12:52:11+00:00,Andre,-31.78968,24.897455,121.3,1573,10
2026-03-27T12:52:17+00:00,Andre,-31.78786,24.897474,120.5,1562.4,9
2026-03-27T12:52:24+00:00,Andre,-31.785748,24.8975,120.3,1555.8,9
2026-03-27T12:52:30+00:00,Andre,-31.783943,24.897691,120.9,1551.2,9
2026-03-27T12:52:40+00:00,Andre,-31.78121,24.899143,121.7,1545,9
2026-03-27T12:52:50+00:00,Andre,-31.77927,24.901859,121.7,1529.7,9
2026-03-27T12:53:02+00:00,Andre,-31.777296,24.905413,120.8,1521.4,10
2026-03-27T12:53:13+00:00,Andre,-31.774894,24.90808,119.6,1523.1,9
2026-03-27T12:55:48+00:00,Andre,-31.738124,24.941981,121.3,1478.6,9
2026-03-27T12:55:56+00:00,Andre,-31.735919,24.943144,120.7,1475.7,9
2026-03-27T12:56:09+00:00,Andre,-31.732342,24.945114,122.4,1464.9,9
2026-03-27T12:56:15+00:00,Andre,-31.730744,24.946185,123,1451.9,9
2026-03-27T12:56:16+00:00,Andre,-31.730482,24.946375,122.9,1449.9,9
2026-03-27T12:56:16+00:00,Andre,-31.730482,24.946375,122.9,1449.9,9
2026-03-27T12:58:41+00:00,Andre,-31.690197,24.964078,120.9,1409.8,9
2026-03-27T12:58:42+00:00,Andre,-31.689902,24.96416,121,1409.8,9
2026-03-27T13:00:55+00:00,Andre,-31.651904,24.979321,120.2,1359.8,9
2026-03-27T13:01:25+00:00,Andre,-31.642951,24.982169,138,1354.3,9
2026-03-27T13:01:36+00:00,Andre,-31.639421,24.983293,128,1352.4,9
2026-03-27T13:01:46+00:00,Andre,-31.636369,24.984235,123.3,1358.5,9
2026-03-27T13:02:06+00:00,Andre,-31.630344,24.985612,121.4,1339.3,9
2026-03-27T13:02:18+00:00,Andre,-31.626759,24.986335,120.6,1327.2,9
2026-03-27T13:02:26+00:00,Andre,-31.624378,24.986814,120.7,1323.7,9
2026-03-27T13:02:32+00:00,Andre,-31.622587,24.987173,120.9,1321.3,9
2026-03-27T13:02:42+00:00,Andre,-31.619601,24.987771,120.9,1317.6,9
2026-03-27T13:02:49+00:00,Andre,-31.61751,24.988188,121.2,1315.5,9
2026-03-27T13:03:08+00:00,Andre,-31.611837,24.989323,120.9,1311.5,9
2026-03-27T13:03:23+00:00,Andre,-31.607316,24.990234,122.1,1307.7,9
2026-03-27T13:04:02+00:00,Andre,-31.598867,24.992328,84.5,1296,9
2026-03-27T13:04:21+00:00,Andre,-31.594481,24.993903,96.5,1292.3,9
2026-03-27T13:04:36+00:00,Andre,-31.590387,24.99545,125,1287.7,9
2026-03-27T13:04:44+00:00,Andre,-31.588055,24.996324,121.5,1285.9,9
2026-03-27T13:04:52+00:00,Andre,-31.585743,24.997194,120.9,1284.1,9
2026-03-27T13:04:59+00:00,Andre,-31.583723,24.997955,121.4,1282.3,9
2026-03-27T13:05:06+00:00,Andre,-31.581708,24.998717,120.8,1280.3,9
2026-03-27T13:05:15+00:00,Andre,-31.579112,24.999688,121.3,1277.4,9
2026-03-27T13:05:22+00:00,Andre,-31.577094,25.000457,120.9,1276.7,9
2026-03-27T13:05:30+00:00,Andre,-31.574788,25.001331,121.2,1276.9,9
2026-03-27T13:05:37+00:00,Andre,-31.572769,25.00209,120.3,1277.3,9
2026-03-27T13:05:49+00:00,Andre,-31.569304,25.003393,121.4,1275.7,9
2026-03-27T13:05:59+00:00,Andre,-31.566421,25.004479,121.1,1274.5,9
2026-03-27T13:06:12+00:00,Andre,-31.562803,25.006278,121.3,1267.9,9
2026-03-27T13:06:13+00:00,Andre,-31.562546,25.006469,121.2,1267.3,9
2026-03-27T13:08:32+00:00,Andre,-31.521321,25.015896,120.6,1236.2,9
2026-03-27T13:08:41+00:00,Andre,-31.518774,25.016992,120.9,1236.6,9
2026-03-27T13:10:46+00:00,Andre,-31.484213,25.010594,102.9,1259.8,9
2026-03-27T13:10:58+00:00,Andre,-31.481761,25.009844,76.7,1266.2,9
2026-03-27T13:11:06+00:00,Andre,-31.480299,25.009777,69.2,1266.3,9
2026-03-27T13:11:14+00:00,Andre,-31.478982,25.009972,67,1266.1,9
2026-03-27T13:11:26+00:00,Andre,-31.477058,25.010377,65.5,1266,9
2026-03-27T13:11:39+00:00,Andre,-31.474812,25.010864,76,1266.1,9
2026-03-27T13:13:51+00:00,Andre,-31.444189,25.021036,148.5,1292.2,9
2026-03-27T13:14:08+00:00,Andre,-31.438037,25.021737,133.2,1298.1,9
2026-03-27T13:14:18+00:00,Andre,-31.435558,25.022026,82.7,1303,9
2026-03-27T13:16:35+00:00,Andre,-31.39493,25.028854,121.3,1304.7,9
2026-03-27T13:16:41+00:00,Andre,-31.39315,25.029308,121.1,1373.3,8
2026-03-27T13:16:48+00:00,Andre,-31.391094,25.02993,121.1,1371.1,9
2026-03-27T13:16:55+00:00,Andre,-31.389042,25.030558,120.7,1370.3,9
2026-03-27T13:18:06+00:00,Andre,-31.37312,25.024986,121.4,1402.8,9
2026-03-27T13:18:28+00:00,Andre,-31.367627,25.02064,120.7,1398.6,9
2026-03-27T13:18:35+00:00,Andre,-31.36578,25.019413,121.2,1399.9,9
2026-03-27T13:18:41+00:00,Andre,-31.3642,25.018358,121,1399.3,9
2026-03-27T13:18:48+00:00,Andre,-31.362361,25.017121,121,1399,9
2026-03-27T13:18:54+00:00,Andre,-31.360815,25.01601,120.8,1399,9
2026-03-27T13:19:05+00:00,Andre,-31.358457,25.013318,120.2,1405.7,9
2026-03-27T13:19:17+00:00,Andre,-31.356622,25.009666,121.4,1413.9,9
2026-03-27T13:19:24+00:00,Andre,-31.355614,25.007487,121,1415.8,9
2026-03-27T13:19:33+00:00,Andre,-31.354248,25.004738,121,1417.8,9
2026-03-27T13:19:41+00:00,Andre,-31.352894,25.002402,120.7,1420.9,9
2026-03-27T13:19:48+00:00,Andre,-31.351628,25.000427,120.5,1426.4,9
2026-03-27T13:19:55+00:00,Andre,-31.350279,24.998523,120.8,1432.6,9
2026-03-27T13:20:02+00:00,Andre,-31.34885,24.996694,121.2,1437.6,9
2026-03-27T13:20:10+00:00,Andre,-31.347156,24.99466,121.2,1438.2,9
2026-03-27T13:20:16+00:00,Andre,-31.345881,24.993146,121.1,1438.5,9
2026-03-27T13:20:24+00:00,Andre,-31.34419,24.991119,121.2,1438.7,9
2026-03-27T13:20:33+00:00,Andre,-31.342291,24.988837,121,1438.8,9
2026-03-27T13:20:40+00:00,Andre,-31.340812,24.987066,120.9,1439,9
2026-03-27T13:20:47+00:00,Andre,-31.339334,24.985296,120.9,1440.4,9
2026-03-27T13:20:54+00:00,Andre,-31.337857,24.983525,120.9,1443.2,9
2026-03-27T13:21:01+00:00,Andre,-31.336381,24.981753,120.9,1446,9
2026-03-27T13:21:09+00:00,Andre,-31.334701,24.97972,120.9,1449.3,9
2026-03-27T13:21:17+00:00,Andre,-31.333016,24.977688,121,1452.2,9
2026-03-27T13:21:24+00:00,Andre,-31.331542,24.975911,121.1,1454.9,9
2026-03-27T13:21:30+00:00,Andre,-31.330272,24.974394,121.1,1456.7,9
2026-03-27T13:21:37+00:00,Andre,-31.328793,24.972619,121,1457.7,9
2026-03-27T13:21:43+00:00,Andre,-31.327526,24.971105,120.8,1460,9
2026-03-27T13:21:50+00:00,Andre,-31.326005,24.969384,121,1462.2,9
2026-03-27T13:21:57+00:00,Andre,-31.324409,24.967758,120.9,1465.1,9
2026-03-27T13:22:05+00:00,Andre,-31.322524,24.965984,121,1467.4,9
2026-03-27T13:22:12+00:00,Andre,-31.320883,24.964423,120.9,1470.2,8
2026-03-27T13:22:19+00:00,Andre,-31.319235,24.96287,120.9,1473.2,8
2026-03-27T13:22:26+00:00,Andre,-31.317592,24.961309,120.8,1476.4,9
2026-03-27T13:22:33+00:00,Andre,-31.315945,24.959755,120.7,1479.8,9
2026-03-27T13:22:39+00:00,Andre,-31.314535,24.958423,121,1482.9,9
2026-03-27T13:22:55+00:00,Andre,-31.31076,24.954879,120.8,1488.6,9
2026-03-27T13:23:12+00:00,Andre,-31.306187,24.952247,120.3,1503.2,9
2026-03-27T13:25:22+00:00,Andre,-31.271361,24.939712,120.2,1599.7,9
2026-03-27T13:25:59+00:00,Andre,-31.261743,24.941977,121.2,1572.2,8
2026-03-27T13:26:16+00:00,Andre,-31.256916,24.941015,120.7,1559.6,9
2026-03-27T13:26:38+00:00,Andre,-31.250272,24.941646,121.1,1553.8,9
2026-03-27T13:26:59+00:00,Andre,-31.244082,24.943337,121.7,1542,9
2026-03-27T13:27:15+00:00,Andre,-31.2394,24.944796,120.9,1534.3,9
2026-03-27T13:27:32+00:00,Andre,-31.234426,24.94637,121.1,1528.5,9
2026-03-27T13:27:49+00:00,Andre,-31.229447,24.947896,121,1525.3,9
2026-03-27T13:28:05+00:00,Andre,-31.22476,24.949349,120.9,1525.8,9
2026-03-27T13:28:27+00:00,Andre,-31.218379,24.951507,120,1540.7,9
2026-03-27T13:28:47+00:00,Andre,-31.212623,24.953835,121.5,1533.9,9
2026-03-27T13:29:03+00:00,Andre,-31.208044,24.955687,121,1521,9
2026-03-27T13:29:35+00:00,Andre,-31.198891,24.959393,121.6,1516.5,9
2026-03-27T13:29:56+00:00,Andre,-31.193192,24.961671,87.2,1505,9
2026-03-27T13:30:32+00:00,Andre,-31.186298,24.96335,84.1,1509.9,9
2026-03-27T13:30:53+00:00,Andre,-31.1817,24.963331,86.6,1524.6,9
2026-03-27T13:31:10+00:00,Andre,-31.177954,24.963297,86.7,1517.4,9
2026-03-27T13:31:31+00:00,Andre,-31.173234,24.963237,91.4,1517.5,9
2026-03-27T13:31:50+00:00,Andre,-31.167867,24.963182,124.6,1518.8,9
2026-03-27T13:32:07+00:00,Andre,-31.162468,24.963132,127.3,1519,8
2026-03-27T13:32:23+00:00,Andre,-31.15747,24.963075,123,1520.6,9
2026-03-27T13:32:41+00:00,Andre,-31.152107,24.963017,118.6,1523.1,9
2026-03-27T13:33:09+00:00,Andre,-31.143652,24.962787,111.1,1535.1,9
2026-03-27T13:33:35+00:00,Andre,-31.136371,24.960225,120.2,1538.3,9
2026-03-27T13:33:55+00:00,Andre,-31.130452,24.958888,120.9,1536.6,9
2026-03-27T13:34:12+00:00,Andre,-31.125356,24.957956,121.6,1533,9
2026-03-27T13:35:02+00:00,Andre,-31.110481,24.955195,120.3,1514.8,8
2026-03-27T13:35:20+00:00,Andre,-31.105097,24.954218,120.6,1513.7,9
2026-03-27T13:35:37+00:00,Andre,-31.099975,24.954096,120.6,1522.2,9
2026-03-27T13:37:53+00:00,Andre,-31.061309,24.968224,120.7,1525.7,9
2026-03-27T13:38:09+00:00,Andre,-31.057273,24.971361,121,1526.5,9
2026-03-27T13:38:27+00:00,Andre,-31.05291,24.974629,101.1,1522.2,9
2026-03-27T13:38:43+00:00,Andre,-31.04938,24.976848,117.2,1526.9,9
2026-03-27T13:39:01+00:00,Andre,-31.044247,24.979349,121.9,1534.4,9
2026-03-27T13:39:18+00:00,Andre,-31.039378,24.981346,121,1535.6,9
2026-03-27T13:39:36+00:00,Andre,-31.034228,24.983456,120.5,1524.9,9
2026-03-27T13:39:55+00:00,Andre,-31.028798,24.985681,121.2,1522.3,9
2026-03-27T13:40:12+00:00,Andre,-31.023947,24.987679,121.4,1518.9,9
2026-03-27T13:40:51+00:00,Andre,-31.012784,24.992272,121.9,1504.3,9
2026-03-27T13:41:09+00:00,Andre,-31.00742,24.99444,120.1,1496.3,9
2026-03-27T13:41:26+00:00,Andre,-31.002645,24.996666,121.1,1483.1,9
2026-03-27T13:41:43+00:00,Andre,-30.998217,24.999691,121.1,1479.2,9
2026-03-27T13:42:01+00:00,Andre,-30.993533,25.002946,121,1473.9,9
2026-03-27T13:42:19+00:00,Andre,-30.988853,25.006192,120.8,1469.3,9
2026-03-27T13:42:36+00:00,Andre,-30.984435,25.009249,121.1,1473.1,9
2026-03-27T13:42:54+00:00,Andre,-30.979895,25.01243,114.8,1465.9,9
2026-03-27T13:43:15+00:00,Andre,-30.974353,25.016219,121,1464.3,9
2026-03-27T13:43:32+00:00,Andre,-30.969926,25.019277,120.9,1461.2,9
2026-03-27T13:43:49+00:00,Andre,-30.965503,25.022335,120.9,1460.5,9
2026-03-27T13:44:06+00:00,Andre,-30.961082,25.025396,120.9,1459.8,9
2026-03-27T13:44:22+00:00,Andre,-30.956917,25.028275,120.8,1460.8,9
2026-03-27T13:44:39+00:00,Andre,-30.952331,25.030985,120.9,1463.5,9
2026-03-27T13:44:58+00:00,Andre,-30.947111,25.032943,104.3,1464.8,9
2026-03-27T13:44:58+00:00,Andre,-30.947111,25.032943,104.3,1464.8,9
2026-03-27T13:45:26+00:00,Andre,-30.940839,25.035138,82.1,1464.8,9
2026-03-27T13:48:02+00:00,Andre,-30.895675,25.050859,120.5,1466.5,9
2026-03-27T13:48:31+00:00,Andre,-30.887717,25.053482,86.3,1472.6,9
2026-03-27T13:48:50+00:00,Andre,-30.883877,25.054659,82.7,1474.1,9
2026-03-27T13:49:06+00:00,Andre,-30.88165,25.055338,34.3,1475.7,9
2026-03-27T13:49:23+00:00,Andre,-30.879612,25.056057,59.7,1474.6,9
2026-03-27T13:49:41+00:00,Andre,-30.87628,25.05735,74.4,1468.8,9
2026-03-27T13:50:01+00:00,Andre,-30.872671,25.058771,75.8,1467.6,9
2026-03-27T13:52:36+00:00,Andre,-30.828838,25.073991,121.1,1464.9,9
2026-03-27T13:53:14+00:00,Andre,-30.817539,25.076528,120.9,1452.1,9
2026-03-27T13:53:31+00:00,Andre,-30.812436,25.077424,120.5,1439.7,9
2026-03-27T13:53:49+00:00,Andre,-30.807045,25.078356,120.8,1432.7,9
2026-03-27T13:53:50+00:00,Andre,-30.806746,25.078409,120.8,1432.5,9
2026-03-27T13:54:29+00:00,Andre,-30.795059,25.080434,120.8,1422.3,9
2026-03-27T13:54:52+00:00,Andre,-30.788161,25.081632,121,1416.4,9
2026-03-27T13:55:35+00:00,Andre,-30.77528,25.083872,120.9,1417.6,9
2026-03-27T13:55:36+00:00,Andre,-30.77498,25.083925,121,1417.6,9
2026-03-27T13:56:12+00:00,Andre,-30.764169,25.085542,120.8,1418.2,9
2026-03-27T13:56:31+00:00,Andre,-30.758477,25.085663,108.2,1430.6,9
2026-03-27T13:56:48+00:00,Andre,-30.753504,25.085703,119.8,1424.7,9
2026-03-27T13:57:04+00:00,Andre,-30.748689,25.085742,120.9,1420.6,9
2026-03-27T13:57:21+00:00,Andre,-30.74354,25.085786,120.8,1416.4,9
2026-03-27T13:57:39+00:00,Andre,-30.738079,25.085726,121.7,1411.4,9
2026-03-27T13:57:59+00:00,Andre,-30.732487,25.084663,102.8,1398.7,7
2026-03-27T13:58:17+00:00,Andre,-30.728656,25.083189,83.7,1393.7,9
2026-03-27T13:58:33+00:00,Andre,-30.727138,25.083558,22.5,1392,9
2026-03-27T13:58:33+00:00,Andre,-30.727138,25.083558,22.5,1392,9
2026-03-27T13:58:33+00:00,Andre,-30.727138,25.083558,22.5,1392,9
2026-03-27T13:59:06+00:00,Andre,-30.726658,25.084319,0,1391,9
2026-03-27T13:59:58+00:00,Andre,-30.726654,25.084317,0.1,1392.9,8
2026-03-27T14:00:15+00:00,Andre,-30.726652,25.084322,0,1393.6,8
2026-03-27T14:00:34+00:00,Andre,-30.72665,25.084325,0,1393.6,8
2026-03-27T14:00:50+00:00,Andre,-30.726647,25.084326,0,1393.3,8
2026-03-27T14:01:08+00:00,Andre,-30.726647,25.084326,0,1393.7,8
2026-03-27T14:01:24+00:00,Andre,-30.726648,25.084324,0,1393.9,8
2026-03-27T14:01:33+00:00,Andre,-30.726648,25.084324,0,1394.1,9
2026-03-27T14:01:39+00:00,Andre,-30.726647,25.084324,0,1394.2,9
2026-03-27T14:01:46+00:00,Andre,-30.726646,25.084325,0,1394.1,9
2026-03-27T14:01:53+00:00,Andre,-30.726645,25.084324,0,1393.6,9
2026-03-27T14:02:00+00:00,Andre,-30.726644,25.084323,0.1,1392.9,9
2026-03-27T14:02:18+00:00,Andre,-30.726641,25.084321,0,1391.5,9
2026-03-27T14:02:24+00:00,Andre,-30.72664,25.084322,0,1391.4,9
2026-03-27T14:02:31+00:00,Andre,-30.72664,25.084324,0,1391.3,9
2026-03-27T14:02:39+00:00,Andre,-30.72664,25.084324,0,1391.1,9
2026-03-27T14:02:46+00:00,Andre,-30.726641,25.084323,0,1391.2,9
2026-03-27T14:02:52+00:00,Andre,-30.726642,25.084323,0,1391.1,9
2026-03-27T14:02:59+00:00,Andre,-30.726642,25.084322,0,1390.8,9
2026-03-27T14:03:06+00:00,Andre,-30.726641,25.084322,0,1390.4,9
2026-03-27T14:03:12+00:00,Andre,-30.72664,25.084322,0,1390.2,9
2026-03-27T14:03:19+00:00,Andre,-30.726639,25.084324,0,1390.2,9
2026-03-27T14:03:29+00:00,Andre,-30.726636,25.084327,0,1390.4,9
2026-03-27T14:03:39+00:00,Andre,-30.726635,25.084329,0,1390.7,9
2026-03-27T14:03:46+00:00,Andre,-30.726636,25.084329,0,1390.6,9
2026-03-27T14:03:56+00:00,Andre,-30.726637,25.084327,0,1390.7,9
2026-03-27T14:04:04+00:00,Andre,-30.726639,25.084325,0,1390.5,9
2026-03-27T14:04:11+00:00,Andre,-30.72664,25.084325,0,1390.7,9
2026-03-27T14:04:17+00:00,Andre,-30.72664,25.084325,0,1390.8,9
2026-03-27T14:04:24+00:00,Andre,-30.72664,25.084327,0,1391,9
2026-03-27T14:04:30+00:00,Andre,-30.726639,25.084328,0.1,1391.1,9
2026-03-27T14:04:37+00:00,Andre,-30.726639,25.084328,0,1391,9
2026-03-27T14:04:44+00:00,Andre,-30.72664,25.084329,0,1391.1,9
2026-03-27T14:04:50+00:00,Andre,-30.72664,25.084329,0.1,1391.2,9
2026-03-27T14:04:57+00:00,Andre,-30.726641,25.084331,0,1391.4,9
2026-03-27T14:05:04+00:00,Andre,-30.726642,25.084332,0,1391.3,9
2026-03-27T14:05:11+00:00,Andre,-30.726641,25.084333,0,1391.3,8
2026-03-27T14:05:20+00:00,Andre,-30.726642,25.084336,0,1391.9,9
2026-03-27T14:05:28+00:00,Andre,-30.726642,25.084338,0,1392.2,9
2026-03-27T14:05:34+00:00,Andre,-30.726642,25.08434,0,1392.7,9
2026-03-27T14:05:41+00:00,Andre,-30.726643,25.084342,0,1393.3,9
2026-03-27T14:05:47+00:00,Andre,-30.726644,25.084343,0,1393.8,9
2026-03-27T14:05:54+00:00,Andre,-30.726645,25.084343,0,1394.2,9
2026-03-27T14:06:00+00:00,Andre,-30.726646,25.084345,0,1394.7,9
2026-03-27T14:06:07+00:00,Andre,-30.726646,25.084344,0,1394.7,9
2026-03-27T14:06:14+00:00,Andre,-30.726645,25.084344,0,1394.8,9
2026-03-27T14:06:20+00:00,Andre,-30.726644,25.084343,0,1394.7,9
2026-03-27T14:06:28+00:00,Andre,-30.726642,25.084342,0,1394.6,9
2026-03-27T14:06:36+00:00,Andre,-30.72664,25.084342,0,1394.3,9
2026-03-27T14:06:42+00:00,Andre,-30.726639,25.08434,0,1393.9,9
2026-03-27T14:06:49+00:00,Andre,-30.72664,25.084339,0,1394,9
2026-03-27T14:06:55+00:00,Andre,-30.726643,25.084337,0,1394.1,9
2026-03-27T14:07:01+00:00,Andre,-30.726644,25.084337,0,1394.3,9
2026-03-27T14:07:08+00:00,Andre,-30.726644,25.084337,0,1394.3,9
2026-03-27T14:07:15+00:00,Andre,-30.726644,25.084338,0,1394.1,9
2026-03-27T14:07:22+00:00,Andre,-30.726644,25.084338,0,1393.9,9
2026-03-27T14:07:30+00:00,Andre,-30.726646,25.084337,0.1,1393.8,9
2026-03-27T14:07:37+00:00,Andre,-30.726647,25.084337,0,1393.7,9
2026-03-27T14:07:45+00:00,Andre,-30.726647,25.084337,0,1393.1,8
2026-03-27T14:07:52+00:00,Andre,-30.726647,25.084336,0.1,1392.8,8
2026-03-27T14:08:02+00:00,Andre,-30.72665,25.084334,0.2,1392.8,10
2026-03-27T14:08:15+00:00,Andre,-30.726706,25.084343,6.3,1393.9,10
2026-03-27T14:08:21+00:00,Andre,-30.726739,25.084486,8.6,1392.3,10
2026-03-27T14:08:27+00:00,Andre,-30.726792,25.084643,10.8,1391.1,10
2026-03-27T14:08:34+00:00,Andre,-30.726952,25.08462,11.6,1389.9,9
2026-03-27T14:08:40+00:00,Andre,-30.727087,25.084552,2,1389.4,9
2026-03-27T14:08:48+00:00,Andre,-30.727164,25.084378,20.2,1389.5,10
2026-03-27T14:08:54+00:00,Andre,-30.72716,25.083907,30.5,1389.7,10
2026-03-27T14:09:03+00:00,Andre,-30.727155,25.08335,15.4,1390.3,10
2026-03-27T14:09:11+00:00,Andre,-30.726581,25.083251,45.1,1390.6,10
2026-03-27T14:09:20+00:00,Andre,-30.725468,25.083583,52.9,1390.9,10
2026-03-27T14:09:20+00:00,Andre,-30.725468,25.083583,52.9,1390.9,10
2026-03-27T14:09:33+00:00,Andre,-30.724456,25.084905,55.9,1387.9,10
2026-03-27T14:09:41+00:00,Andre,-30.724507,25.086334,63.3,1386.6,10
2026-03-27T14:09:49+00:00,Andre,-30.723992,25.087885,81.2,1385.6,9
2026-03-27T14:09:57+00:00,Andre,-30.722772,25.089321,90.6,1388.2,10
2026-03-27T14:10:04+00:00,Andre,-30.721591,25.090631,95.1,1388.5,10
2026-03-27T14:10:10+00:00,Andre,-30.720542,25.091735,93.2,1388.4,10
2026-03-27T14:10:16+00:00,Andre,-30.719477,25.092844,93.8,1387.8,9
2026-03-27T14:10:26+00:00,Andre,-30.717671,25.094749,104.2,1379.2,10
2026-03-27T14:10:33+00:00,Andre,-30.716316,25.09617,104.2,1370.4,10
2026-03-27T14:10:39+00:00,Andre,-30.715158,25.097387,103.8,1360.5,9
2026-03-27T14:10:46+00:00,Andre,-30.713856,25.098778,96.5,1355.3,10
2026-03-27T14:10:53+00:00,Andre,-30.712682,25.099996,87.5,1348.2,10
2026-03-27T14:11:01+00:00,Andre,-30.711484,25.10145,89.1,1345.5,9
2026-03-27T14:11:09+00:00,Andre,-30.710511,25.103447,106.5,1345.9,9
2026-03-27T14:11:15+00:00,Andre,-30.709768,25.105075,103.2,1348.7,9
2026-03-27T14:11:22+00:00,Andre,-30.708936,25.106893,100.7,1344.9,9
2026-03-27T14:11:28+00:00,Andre,-30.708225,25.10844,101,1341.1,10
2026-03-27T14:11:34+00:00,Andre,-30.707515,25.110011,100.7,1339.6,10
2026-03-27T14:11:41+00:00,Andre,-30.706735,25.111707,89.8,1337.8,10
2026-03-27T14:11:47+00:00,Andre,-30.706173,25.112963,73.4,1337.2,10
2026-03-27T14:11:48+00:00,Andre,-30.706087,25.113152,73.5,1337.1,10
2026-03-27T14:12:08+00:00,Andre,-30.704269,25.117111,48.2,1333.7,10
2026-03-27T14:12:19+00:00,Andre,-30.703907,25.117858,2.2,1333.4,9
2026-03-27T14:12:26+00:00,Andre,-30.703909,25.117861,0,1333.6,9
2026-03-27T14:12:35+00:00,Andre,-30.70391,25.117863,0.1,1333.5,9
2026-03-27T14:12:41+00:00,Andre,-30.703912,25.117863,0,1333.1,9
2026-03-27T14:12:50+00:00,Andre,-30.703912,25.117864,0.1,1332.7,9
2026-03-27T14:13:02+00:00,Andre,-30.703913,25.117865,0,1332.3,9
2026-03-27T14:13:08+00:00,Andre,-30.703907,25.11788,5.9,1332.3,9
2026-03-27T14:13:15+00:00,Andre,-30.703701,25.118347,46.3,1331.8,10
2026-03-27T14:13:22+00:00,Andre,-30.703214,25.119464,78.9,1330.7,9
2026-03-27T14:13:29+00:00,Andre,-30.702541,25.12096,84.9,1329.2,10
2026-03-27T14:13:35+00:00,Andre,-30.701939,25.122276,86.7,1327.1,9
2026-03-27T14:13:41+00:00,Andre,-30.701332,25.123583,82.7,1325.1,9
2026-03-27T14:13:47+00:00,Andre,-30.700724,25.124869,88.1,1323.1,9
2026-03-27T14:13:54+00:00,Andre,-30.69997,25.126498,95.5,1320.9,9
2026-03-27T14:14:01+00:00,Andre,-30.69913,25.1284,110.9,1317.6,10
2026-03-27T14:14:07+00:00,Andre,-30.698352,25.130105,110.6,1315.2,9
2026-03-27T14:14:13+00:00,Andre,-30.697569,25.131831,110.6,1312.7,9
2026-03-27T14:14:20+00:00,Andre,-30.696634,25.133893,116.4,1311.2,10
2026-03-27T14:14:26+00:00,Andre,-30.695837,25.135639,112.5,1310.4,10
2026-03-27T14:14:33+00:00,Andre,-30.694914,25.137666,113,1309.9,10
2026-03-27T14:14:39+00:00,Andre,-30.694119,25.139405,113,1309.8,10
2026-03-27T14:14:46+00:00,Andre,-30.693193,25.141435,112.9,1309.8,10
2026-03-27T14:14:53+00:00,Andre,-30.692264,25.143465,113.2,1309.9,10
2026-03-27T14:15:01+00:00,Andre,-30.691201,25.145785,112.9,1309.9,10
2026-03-27T14:15:10+00:00,Andre,-30.690006,25.148396,113.1,1310.1,10
2026-03-27T14:15:17+00:00,Andre,-30.689052,25.150409,113,1311.3,9
2026-03-27T14:15:31+00:00,Andre,-30.68685,25.154237,113.4,1312.3,10
2026-03-27T14:15:38+00:00,Andre,-30.685581,25.156007,113.3,1310.4,10
2026-03-27T14:15:44+00:00,Andre,-30.684464,25.157493,113.2,1307.6,10
2026-03-27T14:15:51+00:00,Andre,-30.683159,25.159222,113.1,1306.5,9
2026-03-27T14:15:51+00:00,Andre,-30.683159,25.159222,113.1,1306.5,9
2026-03-27T14:16:06+00:00,Andre,-30.680373,25.162941,113.1,1306.5,9
2026-03-27T14:16:14+00:00,Andre,-30.678894,25.164932,113.1,1308.4,10
2026-03-27T14:16:20+00:00,Andre,-30.677773,25.166413,113,1308.6,10
2026-03-27T14:20:29+00:00,Andre,-30.637794,25.232971,113.2,1311.8,10
2026-03-27T14:20:54+00:00,Andre,-30.63461,25.240305,113.3,1299.5,10
2026-03-27T14:21:05+00:00,Andre,-30.633212,25.243533,113.3,1293.4,10
2026-03-27T14:21:13+00:00,Andre,-30.632192,25.245874,113,1290.6,10
2026-03-27T14:21:20+00:00,Andre,-30.631305,25.247923,113.1,1289.7,10
2026-03-27T14:21:29+00:00,Andre,-30.630161,25.25056,113.2,1289.6,10
2026-03-27T14:21:36+00:00,Andre,-30.629271,25.252612,113.5,1289.1,10
2026-03-27T14:21:43+00:00,Andre,-30.628381,25.254676,113.9,1285.5,10
2026-03-27T14:21:50+00:00,Andre,-30.627494,25.256739,113.5,1279.4,10
2026-03-27T14:21:56+00:00,Andre,-30.626729,25.258501,113.3,1274.2,10
2026-03-27T14:22:02+00:00,Andre,-30.625956,25.260256,113.2,1269.3,10
2026-03-27T14:22:08+00:00,Andre,-30.625198,25.262016,113.1,1265.8,10
2026-03-27T14:22:16+00:00,Andre,-30.6243,25.264419,113,1263.1,10
2026-03-27T14:22:23+00:00,Andre,-30.623602,25.266565,113.2,1261.1,10
2026-03-27T14:22:30+00:00,Andre,-30.622904,25.268714,113.2,1259.5,9
2026-03-27T14:22:36+00:00,Andre,-30.6223,25.270554,113.3,1257.6,9
2026-03-27T14:22:43+00:00,Andre,-30.621604,25.272705,113.2,1256.1,9
2026-03-27T14:22:49+00:00,Andre,-30.621007,25.274549,113.3,1254.6,10
2026-03-27T14:22:56+00:00,Andre,-30.620309,25.276699,113.4,1253.2,10
2026-03-27T14:22:56+00:00,Andre,-30.620309,25.276699,113.4,1253.2,10
2026-03-27T14:23:10+00:00,Andre,-30.618907,25.281001,114,1249.1,10
2026-03-27T14:23:16+00:00,Andre,-30.618282,25.28292,119.8,1247.2,10
2026-03-27T14:23:27+00:00,Andre,-30.617124,25.28651,120.5,1244,10
2026-03-27T14:23:34+00:00,Andre,-30.616491,25.288847,121,1241.6,9
2026-03-27T14:23:46+00:00,Andre,-30.616122,25.293018,120.9,1238.1,10
2026-03-27T14:23:52+00:00,Andre,-30.616292,25.295112,120.9,1235.9,10
2026-03-27T14:24:00+00:00,Andre,-30.616541,25.297895,120.6,1237.1,10
2026-03-27T14:24:06+00:00,Andre,-30.616736,25.299978,120.5,1241.2,10
2026-03-27T14:24:19+00:00,Andre,-30.61714,25.304505,121.1,1250.6,10
2026-03-27T14:24:30+00:00,Andre,-30.617493,25.308345,121,1252.6,10
2026-03-27T14:24:43+00:00,Andre,-30.617909,25.312877,121,1254,10
2026-03-27T14:24:51+00:00,Andre,-30.618169,25.315672,121.6,1252.7,10
2026-03-27T14:24:57+00:00,Andre,-30.618357,25.317773,121.4,1248.4,10
2026-03-27T14:25:12+00:00,Andre,-30.618819,25.322847,101.9,1253.2,10
2026-03-27T14:36:47+00:00,Andre,-30.533189,25.535192,121.1,1351,9
2026-03-27T14:36:48+00:00,Andre,-30.533027,25.535488,121.2,1351.3,9
2026-03-27T14:37:41+00:00,Andre,-30.52222,25.549208,121.1,1355.3,9
2026-03-27T14:37:50+00:00,Andre,-30.520357,25.551512,121.1,1354.6,9
2026-03-27T14:37:50+00:00,Andre,-30.520357,25.551512,121.1,1354.5,9
2026-03-27T14:38:10+00:00,Andre,-30.516224,25.556658,121.5,1344.3,8
2026-03-27T14:40:24+00:00,Andre,-30.485879,25.587663,112.7,1356.6,9
2026-03-27T14:40:31+00:00,Andre,-30.484281,25.589136,118.5,1364.8,9
2026-03-27T14:40:38+00:00,Andre,-30.482574,25.590604,127.2,1369.2,9
2026-03-27T14:40:45+00:00,Andre,-30.480769,25.591972,121.7,1369.7,8
2026-03-27T14:40:55+00:00,Andre,-30.47823,25.5939,121.4,1369.3,9
2026-03-27T14:41:01+00:00,Andre,-30.476709,25.595061,121,1366.9,9
2026-03-27T14:41:07+00:00,Andre,-30.475187,25.596208,120.8,1366.4,9
2026-03-27T14:41:13+00:00,Andre,-30.47367,25.597362,120.9,1367,9
2026-03-27T14:41:20+00:00,Andre,-30.471899,25.598716,121.2,1367.8,9
2026-03-27T14:41:26+00:00,Andre,-30.470379,25.599873,120.8,1368.1,9
2026-03-27T14:41:32+00:00,Andre,-30.468857,25.601025,121.1,1368.6,9
2026-03-27T14:41:38+00:00,Andre,-30.467333,25.602171,120.7,1368.7,9
2026-03-27T14:41:45+00:00,Andre,-30.465563,25.60352,121,1369.9,8
2026-03-27T14:41:51+00:00,Andre,-30.464037,25.604665,121,1370.5,9
2026-03-27T14:41:57+00:00,Andre,-30.46252,25.605826,121.1,1370.4,9
2026-03-27T14:42:04+00:00,Andre,-30.460742,25.607166,121.1,1370.4,9
2026-03-27T14:42:10+00:00,Andre,-30.459221,25.60832,121.1,1370.1,9
2026-03-27T14:42:18+00:00,Andre,-30.457199,25.609858,121,1370,8
2026-03-27T14:42:27+00:00,Andre,-30.454906,25.611556,120.8,1373.3,9
2026-03-27T14:42:37+00:00,Andre,-30.452378,25.613474,120.8,1379.6,9
2026-03-27T14:46:33+00:00,Andre,-30.40332,25.668155,120.8,1463,9
2026-03-27T14:48:45+00:00,Andre,-30.366081,25.683884,121.1,1469.5,9
2026-03-27T14:48:51+00:00,Andre,-30.364402,25.684692,121,1467.3,9
2026-03-27T14:50:51+00:00,Andre,-30.330861,25.701983,126.5,1459.3,9
2026-03-27T14:53:11+00:00,Andre,-30.294369,25.723533,32.3,1482.4,9
2026-03-27T14:55:49+00:00,Andre,-30.294082,25.722891,0,1477.2,9
2026-03-27T14:56:07+00:00,Andre,-30.294048,25.723192,19.9,1478.5,9
2026-03-27T14:56:24+00:00,Andre,-30.293795,25.723926,44.4,1480.8,9
2026-03-27T14:56:45+00:00,Andre,-30.290544,25.725955,90.1,1483.9,9
2026-03-27T14:57:01+00:00,Andre,-30.286822,25.72719,100.7,1485.8,9
2026-03-27T14:57:19+00:00,Andre,-30.282293,25.727846,91.5,1488.8,9
2026-03-27T14:58:21+00:00,Andre,-30.267322,25.730002,119.4,1523.8,9
2026-03-27T14:59:38+00:00,Andre,-30.244347,25.72554,125.1,1532.2,9
2026-03-27T14:59:58+00:00,Andre,-30.238851,25.723837,98,1532.6,9
2026-03-27T15:00:14+00:00,Andre,-30.235271,25.722759,84.9,1534.2,9
2026-03-27T15:00:30+00:00,Andre,-30.231987,25.721772,101,1537.1,9
2026-03-27T15:00:46+00:00,Andre,-30.2275,25.721311,116.3,1538.9,9
2026-03-27T15:01:07+00:00,Andre,-30.221199,25.721524,121.3,1532.6,9
2026-03-27T15:01:27+00:00,Andre,-30.21514,25.72171,121.7,1525.5,9
2026-03-27T15:01:35+00:00,Andre,-30.212667,25.721785,123.1,1527,9
2026-03-27T15:01:42+00:00,Andre,-30.210538,25.721849,120.6,1529.9,9
2026-03-27T15:01:48+00:00,Andre,-30.208721,25.721919,121.5,1533.3,9
2026-03-27T15:01:56+00:00,Andre,-30.206318,25.722319,121.5,1532.7,9
2026-03-27T15:02:32+00:00,Andre,-30.195758,25.725493,121,1534.8,9
2026-03-27T15:02:40+00:00,Andre,-30.193409,25.726192,121,1534.4,9
2026-03-27T15:02:47+00:00,Andre,-30.191358,25.726835,121.3,1533.9,9
2026-03-27T15:02:54+00:00,Andre,-30.189304,25.727456,121,1533.2,9
2026-03-27T15:03:01+00:00,Andre,-30.187247,25.728078,121.3,1530.1,9
2026-03-27T15:03:08+00:00,Andre,-30.185191,25.7287,121.2,1525.4,9
2026-03-27T15:03:14+00:00,Andre,-30.183428,25.72923,121.2,1521.2,9
2026-03-27T15:03:21+00:00,Andre,-30.181375,25.729849,121,1517.1,9
2026-03-27T15:03:28+00:00,Andre,-30.179393,25.730449,111.3,1512.3,9
2026-03-27T15:03:34+00:00,Andre,-30.177826,25.730923,106.4,1510.4,9
2026-03-27T15:03:42+00:00,Andre,-30.175716,25.731591,110.2,1509.6,9
2026-03-27T15:03:48+00:00,Andre,-30.174246,25.732172,96.7,1508.8,9
2026-03-27T15:03:54+00:00,Andre,-30.172988,25.732757,86.5,1508.2,9
2026-03-27T15:04:01+00:00,Andre,-30.171524,25.733491,103,1507.5,9
2026-03-27T15:04:07+00:00,Andre,-30.16995,25.734312,124.2,1506.7,9
2026-03-27T15:04:15+00:00,Andre,-30.167594,25.735442,121.5,1503.4,9
2026-03-27T15:04:29+00:00,Andre,-30.163887,25.737277,119.8,1500.5,9
2026-03-27T15:04:38+00:00,Andre,-30.161398,25.738513,120.7,1498.8,9
2026-03-27T15:04:47+00:00,Andre,-30.158924,25.739743,114.8,1497.4,9
2026-03-27T15:04:56+00:00,Andre,-30.156534,25.740927,119.6,1493.8,9
2026-03-27T15:05:07+00:00,Andre,-30.153466,25.742452,127.9,1493,9
2026-03-27T15:05:13+00:00,Andre,-30.151625,25.743362,137.6,1493.3,9
2026-03-27T15:05:20+00:00,Andre,-30.149342,25.744495,144.6,1495.8,9
2026-03-27T15:05:27+00:00,Andre,-30.147022,25.745651,140.9,1498.3,9
2026-03-27T15:05:34+00:00,Andre,-30.144795,25.746754,134.7,1499.5,9
2026-03-27T15:05:40+00:00,Andre,-30.143039,25.747618,122.2,1500.4,9
2026-03-27T15:05:48+00:00,Andre,-30.140806,25.748728,121.4,1499.5,9
2026-03-27T15:05:54+00:00,Andre,-30.139134,25.749563,121,1497.8,9
2026-03-27T15:06:02+00:00,Andre,-30.13691,25.750665,121,1497.4,9
2026-03-27T15:06:09+00:00,Andre,-30.134962,25.751634,121.2,1497.1,9
2026-03-27T15:06:15+00:00,Andre,-30.133289,25.752461,121,1495.7,9
2026-03-27T15:06:21+00:00,Andre,-30.13162,25.75329,120.9,1495.1,9
2026-03-27T15:06:28+00:00,Andre,-30.12967,25.754255,121.1,1495.3,9
2026-03-27T15:06:34+00:00,Andre,-30.128,25.755082,120.8,1495.2,9
2026-03-27T15:06:41+00:00,Andre,-30.126034,25.756002,121,1495,10
2026-03-27T15:06:48+00:00,Andre,-30.124041,25.756852,121.5,1493.3,10
2026-03-27T15:06:54+00:00,Andre,-30.122326,25.757575,121.5,1488.3,10
2026-03-27T15:07:00+00:00,Andre,-30.120616,25.758299,120.9,1483.9,10
2026-03-27T15:07:23+00:00,Andre,-30.114075,25.761056,120.8,1477.4,10
2026-03-27T15:09:34+00:00,Andre,-30.079149,25.775786,121.2,1448.8,10
2026-03-27T15:09:40+00:00,Andre,-30.077438,25.776504,121.1,1446.2,10
2026-03-27T15:09:47+00:00,Andre,-30.075444,25.777344,121,1443,10
2026-03-27T15:09:54+00:00,Andre,-30.073457,25.778184,120.6,1442.6,10
2026-03-27T15:10:00+00:00,Andre,-30.071753,25.778897,120.6,1445.7,10
2026-03-27T15:10:07+00:00,Andre,-30.06976,25.779732,121.4,1447.8,10
2026-03-27T15:10:13+00:00,Andre,-30.068049,25.780466,121.4,1445.3,10
2026-03-27T15:10:19+00:00,Andre,-30.066336,25.781182,121.1,1442,10
2026-03-27T15:10:25+00:00,Andre,-30.064628,25.781907,121.1,1438.8,10
2026-03-27T15:10:32+00:00,Andre,-30.062632,25.782747,121,1435.1,10
2026-03-27T15:10:38+00:00,Andre,-30.060925,25.783468,121,1432.4,10
2026-03-27T15:10:45+00:00,Andre,-30.058934,25.784305,120.9,1430,10
2026-03-27T15:10:45+00:00,Andre,-30.058934,25.784305,120.9,1430,10
2026-03-27T15:10:56+00:00,Andre,-30.055804,25.785627,121,1426.6,10
2026-03-27T15:11:02+00:00,Andre,-30.054094,25.786339,120.8,1425.5,10
2026-03-27T15:11:09+00:00,Andre,-30.052107,25.787186,121,1425.5,10
2026-03-27T15:11:15+00:00,Andre,-30.050398,25.787903,121,1425.5,10
2026-03-27T15:11:21+00:00,Andre,-30.048685,25.788604,121,1425.5,10
2026-03-27T15:11:27+00:00,Andre,-30.046952,25.789236,120.9,1425.6,10
2026-03-27T15:11:33+00:00,Andre,-30.045217,25.789854,120.8,1427.9,10
2026-03-27T15:11:39+00:00,Andre,-30.043534,25.790546,110.6,1429.8,10
2026-03-27T15:11:47+00:00,Andre,-30.041874,25.791236,76.9,1430.4,10
2026-03-27T15:11:58+00:00,Andre,-30.039998,25.792021,74.5,1427.8,10
2026-03-27T15:12:04+00:00,Andre,-30.038935,25.792464,81.3,1425.3,10
2026-03-27T15:12:13+00:00,Andre,-30.036725,25.79341,122.2,1420.1,10
2026-03-27T15:12:19+00:00,Andre,-30.034937,25.79413,123.8,1417.2,10
2026-03-27T15:12:27+00:00,Andre,-30.032592,25.795109,122.3,1413.6,10
2026-03-27T15:12:35+00:00,Andre,-30.030303,25.796061,121.1,1411.1,10
2026-03-27T15:12:41+00:00,Andre,-30.028591,25.796773,121,1409.2,10
2026-03-27T15:12:48+00:00,Andre,-30.026595,25.797609,121,1406.9,10
2026-03-27T15:12:54+00:00,Andre,-30.024884,25.79832,121,1405.3,10
2026-03-27T15:13:04+00:00,Andre,-30.022033,25.799507,120.9,1402.9,10
2026-03-27T15:13:09+00:00,Andre,-30.020607,25.8001,121,1402.7,10
2026-03-27T15:13:20+00:00,Andre,-30.01747,25.801416,121.2,1399.3,10
2026-03-27T15:13:26+00:00,Andre,-30.015758,25.802126,120.8,1397.5,10
2026-03-27T15:13:32+00:00,Andre,-30.014049,25.802835,120.8,1397.8,10
2026-03-27T15:13:39+00:00,Andre,-30.012057,25.80367,120.7,1398.5,10
2026-03-27T15:13:45+00:00,Andre,-30.010524,25.804306,97.2,1399.2,10
2026-03-27T15:13:51+00:00,Andre,-30.009248,25.804843,84.7,1399.4,10
2026-03-27T15:13:57+00:00,Andre,-30.008088,25.805322,82.1,1399,10
2026-03-27T15:14:04+00:00,Andre,-30.006656,25.805923,88.3,1397.7,10
2026-03-27T15:14:11+00:00,Andre,-30.005268,25.806503,81.9,1396.6,10
2026-03-27T15:14:18+00:00,Andre,-30.003908,25.807071,84,1395.6,10
2026-03-27T15:14:24+00:00,Andre,-30.002745,25.807556,80,1394.8,10
2026-03-27T15:14:30+00:00,Andre,-30.001583,25.808038,81.2,1393.7,10
2026-03-27T15:14:36+00:00,Andre,-30.000479,25.808497,75.6,1392.8,10
2026-03-27T15:14:42+00:00,Andre,-29.999445,25.808925,71.8,1391.8,10
2026-03-27T15:14:48+00:00,Andre,-29.998459,25.809335,63.9,1390.8,10
2026-03-27T15:15:02+00:00,Andre,-29.996019,25.810354,87,1387.7,10
2026-03-27T15:15:12+00:00,Andre,-29.994049,25.811177,77.5,1387.5,10
2026-03-27T15:15:18+00:00,Andre,-29.992885,25.811662,82.6,1388.5,10
2026-03-27T15:15:24+00:00,Andre,-29.991667,25.81217,88.9,1389.4,10
2026-03-27T15:15:31+00:00,Andre,-29.990056,25.812841,101,1390.4,10
2026-03-27T15:15:37+00:00,Andre,-29.988547,25.813475,105,1391.5,10
2026-03-27T15:15:37+00:00,Andre,-29.988547,25.813475,105,1391.5,10
2026-03-27T15:15:48+00:00,Andre,-29.986279,25.814417,90.3,1392.2,10
2026-03-27T15:15:58+00:00,Andre,-29.984162,25.81532,103.2,1393.6,10
2026-03-27T15:15:58+00:00,Andre,-29.984162,25.81532,103.2,1393.6,10
2026-03-27T15:16:16+00:00,Andre,-29.979472,25.817252,119.6,1395.8,10
2026-03-27T15:16:29+00:00,Andre,-29.975786,25.818789,120.8,1400.7,10
2026-03-27T15:16:34+00:00,Andre,-29.974361,25.819381,121,1403,10
2026-03-27T15:16:41+00:00,Andre,-29.972367,25.820213,120.8,1405.2,10
2026-03-27T15:16:48+00:00,Andre,-29.970411,25.821028,107.8,1408.3,10
2026-03-27T15:16:54+00:00,Andre,-29.969071,25.821586,91.8,1409.9,10
2026-03-27T15:17:00+00:00,Andre,-29.967693,25.822164,98.5,1410.9,10
2026-03-27T15:17:07+00:00,Andre,-29.965997,25.822868,101.7,1411.7,10
2026-03-27T15:17:13+00:00,Andre,-29.9645,25.823492,106.5,1412.2,10
2026-03-27T15:17:19+00:00,Andre,-29.962978,25.824125,110.2,1412.9,10
2026-03-27T15:17:25+00:00,Andre,-29.961428,25.824771,110.2,1413.3,10
2026-03-27T15:17:31+00:00,Andre,-29.959855,25.825423,116,1414.4,10
2026-03-27T15:17:38+00:00,Andre,-29.957884,25.826248,120.5,1415.7,10
2026-03-27T15:17:44+00:00,Andre,-29.956179,25.826958,120.7,1417,10
2026-03-27T15:17:50+00:00,Andre,-29.954471,25.82767,121,1419.3,10
2026-03-27T15:17:56+00:00,Andre,-29.952761,25.828381,121,1421.7,10
2026-03-27T15:18:03+00:00,Andre,-29.950766,25.829214,121,1424.2,10
2026-03-27T15:18:09+00:00,Andre,-29.94905,25.829928,122.3,1426.5,10
2026-03-27T15:18:15+00:00,Andre,-29.947297,25.830654,127.9,1429.1,10
2026-03-27T15:18:23+00:00,Andre,-29.944797,25.831696,135.5,1432.3,10
2026-03-27T15:18:30+00:00,Andre,-29.942595,25.832612,131,1435.1,10
2026-03-27T15:18:37+00:00,Andre,-29.940434,25.833478,129.6,1437.8,10
2026-03-27T15:18:43+00:00,Andre,-29.938627,25.834229,125.4,1440,10
2026-03-27T15:18:50+00:00,Andre,-29.936605,25.835099,122.1,1441.6,10
2026-03-27T15:18:55+00:00,Andre,-29.935212,25.835826,122.7,1441.7,9
2026-03-27T15:19:02+00:00,Andre,-29.933296,25.836998,124.8,1441,10
2026-03-27T15:19:14+00:00,Andre,-29.930057,25.839113,121.6,1440.3,10
2026-03-27T15:19:25+00:00,Andre,-29.927143,25.840987,121.1,1439.4,10
2026-03-27T15:19:41+00:00,Andre,-29.922889,25.843719,123.9,1437.5,10
2026-03-27T15:19:47+00:00,Andre,-29.921262,25.844765,124.1,1436.8,10
2026-03-27T15:19:53+00:00,Andre,-29.919629,25.845809,124.7,1436.9,10
2026-03-27T15:19:59+00:00,Andre,-29.917995,25.846864,124.7,1437.2,10
2026-03-27T15:20:05+00:00,Andre,-29.916356,25.847911,124.9,1437.4,10
2026-03-27T15:20:12+00:00,Andre,-29.914447,25.84914,124.9,1437.4,10
2026-03-27T15:20:18+00:00,Andre,-29.912807,25.850192,125,1437,10
2026-03-27T15:20:28+00:00,Andre,-29.910077,25.851946,124.9,1436.3,10
2026-03-27T15:20:36+00:00,Andre,-29.90795,25.853311,118,1435.8,10
2026-03-27T15:20:42+00:00,Andre,-29.906478,25.854252,103.9,1436.2,10
2026-03-27T15:20:49+00:00,Andre,-29.904934,25.855242,102.5,1437.1,10
2026-03-27T15:20:55+00:00,Andre,-29.903472,25.856197,119.2,1437.6,10
2026-03-27T15:21:01+00:00,Andre,-29.901882,25.857199,119.6,1437.2,10
2026-03-27T15:21:12+00:00,Andre,-29.898862,25.859136,131.3,1436,10
2026-03-27T15:21:24+00:00,Andre,-29.895548,25.861256,125,1434.8,10
2026-03-27T15:21:33+00:00,Andre,-29.893088,25.862829,125,1436.9,10
2026-03-27T15:21:40+00:00,Andre,-29.891178,25.864062,124.9,1437.6,10
2026-03-27T15:21:46+00:00,Andre,-29.889537,25.865108,124.9,1437.9,10
2026-03-27T15:21:53+00:00,Andre,-29.887628,25.86634,124.9,1438.3,10
2026-03-27T15:22:00+00:00,Andre,-29.885713,25.867564,125,1438.7,10
2026-03-27T15:22:00+00:00,Andre,-29.885713,25.867564,125,1438.7,10
2026-03-27T15:22:11+00:00,Andre,-29.882708,25.869492,124.9,1439.9,11
2026-03-27T15:22:19+00:00,Andre,-29.880553,25.870953,124.9,1440.9,11
2026-03-27T15:22:29+00:00,Andre,-29.877868,25.872798,124.8,1442.3,11
2026-03-27T15:22:35+00:00,Andre,-29.876237,25.873861,124.8,1443.7,11
2026-03-27T15:22:41+00:00,Andre,-29.874596,25.874908,124.9,1445,11
2026-03-27T15:22:49+00:00,Andre,-29.872409,25.876307,124.9,1446.2,11
2026-03-27T15:23:00+00:00,Andre,-29.869404,25.878232,124.9,1448.9,11
2026-03-27T15:23:07+00:00,Andre,-29.867493,25.879459,125,1450.7,11
2026-03-27T15:23:16+00:00,Andre,-29.865032,25.881029,124.9,1452.4,11
2026-03-27T15:23:26+00:00,Andre,-29.862302,25.882783,124.8,1455,11
2026-03-27T15:23:32+00:00,Andre,-29.860661,25.88383,124.9,1456.4,11
2026-03-27T15:23:39+00:00,Andre,-29.858747,25.885047,124.7,1459,11
2026-03-27T15:23:49+00:00,Andre,-29.85601,25.886788,125.1,1462.5,11
2026-03-27T15:23:55+00:00,Andre,-29.85437,25.887842,125,1462.7,11
2026-03-27T15:26:21+00:00,Andre,-29.817251,25.918338,117.9,1411.4,11
2026-03-27T15:26:22+00:00,Andre,-29.81701,25.918537,118.7,1411.2,11
2026-03-27T15:26:44+00:00,Andre,-29.811874,25.922773,122.5,1404.4,11
2026-03-27T15:26:55+00:00,Andre,-29.809171,25.925006,117.1,1404.5,11
2026-03-27T15:29:01+00:00,Andre,-29.779496,25.949389,125.1,1400.1,11
2026-03-27T15:29:07+00:00,Andre,-29.777856,25.950441,125,1402.5,11
2026-03-27T15:29:18+00:00,Andre,-29.774702,25.95203,125.1,1403.1,11
2026-03-27T15:29:33+00:00,Andre,-29.770188,25.953523,125,1398,11
2026-03-27T15:29:33+00:00,Andre,-29.770188,25.953523,125,1398,11
2026-03-27T15:29:44+00:00,Andre,-29.766851,25.954514,125,1392.3,11
2026-03-27T15:30:28+00:00,Andre,-29.753525,25.958488,125,1384.2,11
2026-03-27T15:30:37+00:00,Andre,-29.750799,25.9593,124.8,1382.3,11
2026-03-27T15:30:44+00:00,Andre,-29.748679,25.959926,124.8,1382.2,11
2026-03-27T15:30:50+00:00,Andre,-29.746863,25.96047,125,1381.6,11
2026-03-27T15:30:56+00:00,Andre,-29.745043,25.961007,125,1380.5,11
2026-03-27T15:31:06+00:00,Andre,-29.742014,25.961914,125,1378.3,11
2026-03-27T15:31:12+00:00,Andre,-29.740193,25.962451,125.1,1376,11
2026-03-27T15:31:19+00:00,Andre,-29.738071,25.963081,124.8,1373.7,11
2026-03-27T15:31:25+00:00,Andre,-29.736255,25.963622,124.8,1372.3,11
2026-03-27T15:31:32+00:00,Andre,-29.734136,25.964253,125,1371.3,11
2026-03-27T15:31:38+00:00,Andre,-29.732319,25.964796,124.8,1370.1,11
2026-03-27T15:31:44+00:00,Andre,-29.730501,25.965336,124.9,1369.4,11
2026-03-27T15:31:51+00:00,Andre,-29.728452,25.965944,114.9,1368.2,11
2026-03-27T15:31:57+00:00,Andre,-29.726817,25.966437,107.2,1367.4,11
2026-03-27T15:32:04+00:00,Andre,-29.725194,25.966912,84.3,1366.5,11
2026-03-27T15:32:12+00:00,Andre,-29.723609,25.967388,81.8,1365.6,11
2026-03-27T15:32:22+00:00,Andre,-29.721685,25.96796,78.6,1366.7,11
2026-03-27T15:32:30+00:00,Andre,-29.720147,25.968412,80.7,1367.9,11
2026-03-27T15:32:44+00:00,Andre,-29.717408,25.969218,86.7,1369.3,11
2026-03-27T15:32:53+00:00,Andre,-29.715197,25.969904,114.9,1368,11
2026-03-27T15:33:00+00:00,Andre,-29.713145,25.970474,118,1368.5,11
2026-03-27T15:33:00+00:00,Andre,-29.713145,25.970474,118,1368.5,11
2026-03-27T15:33:17+00:00,Andre,-29.708803,25.971761,89.4,1367.7,11
2026-03-27T15:33:29+00:00,Andre,-29.70622,25.972538,89.5,1362.7,11
2026-03-27T15:33:37+00:00,Andre,-29.704557,25.973031,82.2,1358.9,11
2026-03-27T15:33:43+00:00,Andre,-29.703337,25.973387,85.7,1356,11
2026-03-27T15:33:49+00:00,Andre,-29.70205,25.973773,87.2,1353.2,11
2026-03-27T15:35:57+00:00,Andre,-29.67734,25.981135,78.9,1347,11
2026-03-27T15:36:04+00:00,Andre,-29.67603,25.981531,77,1345.7,11
2026-03-27T15:36:10+00:00,Andre,-29.674813,25.981998,97.9,1343.8,11
2026-03-27T15:36:17+00:00,Andre,-29.673054,25.982768,115.7,1340.1,10
2026-03-27T15:36:24+00:00,Andre,-29.671117,25.983563,116.5,1335.7,11
2026-03-27T15:36:37+00:00,Andre,-29.667419,25.985192,116.9,1327.8,11
2026-03-27T15:36:43+00:00,Andre,-29.665789,25.985912,118.9,1327.2,11
2026-03-27T15:36:49+00:00,Andre,-29.664124,25.986644,117.6,1327,11
2026-03-27T15:36:59+00:00,Andre,-29.661376,25.987851,117.8,1327.3,11
2026-03-27T15:37:09+00:00,Andre,-29.658538,25.989099,123.6,1327.3,11
2026-03-27T15:37:16+00:00,Andre,-29.65651,25.990005,124.2,1327.5,11
2026-03-27T15:38:03+00:00,Andre,-29.643283,25.995825,119.5,1343.3,11
2026-03-27T15:38:30+00:00,Andre,-29.635824,25.99989,130.2,1358.5,11
2026-03-27T15:38:51+00:00,Andre,-29.629955,26.003999,125.7,1358,11
2026-03-27T15:40:53+00:00,Andre,-29.597497,26.026692,124.3,1379.4,10
2026-03-27T15:44:21+00:00,Andre,-29.542534,26.065879,110.5,1409.5,10
2026-03-27T15:46:35+00:00,Andre,-29.506359,26.089331,124.6,1414.1,10
2026-03-27T15:46:41+00:00,Andre,-29.504583,26.09002,124.6,1411.5,10
2026-03-27T15:46:58+00:00,Andre,-29.499544,26.091963,124.9,1407,10
2026-03-27T15:47:12+00:00,Andre,-29.495385,26.093554,125,1402.5,11
2026-03-27T15:47:13+00:00,Andre,-29.495088,26.093668,125,1402.2,11
2026-03-27T15:49:34+00:00,Andre,-29.458774,26.107565,75.8,1396.7,11
2026-03-27T15:49:40+00:00,Andre,-29.457709,26.107972,75.5,1397,10
2026-03-27T15:49:46+00:00,Andre,-29.456603,26.108393,79.3,1396.6,10
2026-03-27T15:49:53+00:00,Andre,-29.455263,26.108908,84,1395.1,10
2026-03-27T15:49:59+00:00,Andre,-29.453897,26.109453,106.2,1393.5,10
2026-03-27T15:50:09+00:00,Andre,-29.451338,26.110409,105.8,1390.1,10
2026-03-27T15:50:10+00:00,Andre,-29.451086,26.110508,106.2,1389.8,10
2026-03-27T15:50:30+00:00,Andre,-29.446017,26.112459,117.4,1385.4,10
2026-03-27T15:50:36+00:00,Andre,-29.444331,26.113096,117.2,1383.1,10
2026-03-27T15:50:42+00:00,Andre,-29.442652,26.11374,116,1382.4,10
2026-03-27T15:50:48+00:00,Andre,-29.440962,26.114382,120.1,1383.2,10
2026-03-27T15:50:55+00:00,Andre,-29.439055,26.115108,107,1386.5,10
2026-03-27T15:51:01+00:00,Andre,-29.437536,26.115687,103,1390.4,10
2026-03-27T15:51:10+00:00,Andre,-29.435352,26.116526,100.8,1396.2,10
2026-03-27T15:51:18+00:00,Andre,-29.433375,26.117317,107,1399.4,10
2026-03-27T15:51:34+00:00,Andre,-29.429588,26.119394,107.6,1395.3,10
2026-03-27T15:51:41+00:00,Andre,-29.427861,26.120414,118.1,1391.4,10
2026-03-27T15:51:49+00:00,Andre,-29.425547,26.121723,131.6,1385.5,10
2026-03-27T15:51:55+00:00,Andre,-29.423835,26.122705,125.9,1381.3,10
2026-03-27T15:52:03+00:00,Andre,-29.421596,26.124,125.1,1376,10
2026-03-27T15:52:10+00:00,Andre,-29.419639,26.125124,124.6,1372.7,10
2026-03-27T15:52:18+00:00,Andre,-29.417404,26.126411,124.7,1371.4,10
2026-03-27T15:52:25+00:00,Andre,-29.415455,26.12754,125,1371.9,10
2026-03-27T15:52:32+00:00,Andre,-29.413506,26.128656,124.3,1375.5,10
2026-03-27T15:52:38+00:00,Andre,-29.411834,26.129616,124.7,1379.6,10
2026-03-27T15:52:44+00:00,Andre,-29.41016,26.130582,125,1382.7,10
2026-03-27T15:52:55+00:00,Andre,-29.407094,26.132355,124.8,1386.7,10
2026-03-27T15:53:02+00:00,Andre,-29.405133,26.133467,124.9,1389.3,10
2026-03-27T15:53:09+00:00,Andre,-29.403176,26.134588,124.7,1391.5,10
2026-03-27T15:53:17+00:00,Andre,-29.400948,26.13587,121.4,1394.3,10
2026-03-27T15:53:24+00:00,Andre,-29.399118,26.136934,120.5,1396.6,10
2026-03-27T15:53:31+00:00,Andre,-29.397185,26.137918,121.2,1398.8,10
2026-03-27T15:53:41+00:00,Andre,-29.394179,26.138825,124.8,1401.2,10
2026-03-27T15:53:48+00:00,Andre,-29.392045,26.139398,125.1,1401.1,10
2026-03-27T15:53:49+00:00,Andre,-29.39174,26.139479,125,1401,10
2026-03-27T15:56:05+00:00,Andre,-29.352326,26.150035,125,1380.5,10
2026-03-27T15:59:02+00:00,Andre,-29.301151,26.16351,124.8,1396.8,10
2026-03-27T15:59:08+00:00,Andre,-29.29932,26.163993,125,1396.4,10
2026-03-27T15:59:17+00:00,Andre,-29.296576,26.164734,125.1,1395.8,10
2026-03-27T15:59:26+00:00,Andre,-29.293829,26.165469,125.2,1394.3,10
2026-03-27T15:59:45+00:00,Andre,-29.288024,26.167019,125,1377.7,10
2026-03-27T15:59:53+00:00,Andre,-29.285533,26.167686,133.1,1370.2,10
2026-03-27T16:00:00+00:00,Andre,-29.28334,26.168273,125.4,1364.1,10
2026-03-27T16:00:08+00:00,Andre,-29.280905,26.168928,124.7,1363,10
2026-03-27T16:00:16+00:00,Andre,-29.278469,26.169575,124.9,1363.2,10
2026-03-27T16:00:25+00:00,Andre,-29.27569,26.170318,126,1364.6,10
2026-03-27T16:02:41+00:00,Andre,-29.234251,26.181454,125.1,1416.7,10
2026-03-27T16:02:54+00:00,Andre,-29.230297,26.182578,125,1409.2,10
2026-03-27T16:03:01+00:00,Andre,-29.228169,26.18318,124.9,1405.6,10
2026-03-27T16:03:08+00:00,Andre,-29.226043,26.183787,124.9,1401.5,10
2026-03-27T16:03:21+00:00,Andre,-29.222094,26.184907,124.9,1396.8,10
2026-03-27T16:03:41+00:00,Andre,-29.216047,26.186607,115,1396.3,10
2026-03-27T16:03:48+00:00,Andre,-29.21422,26.187105,104.1,1397,10
2026-03-27T16:03:58+00:00,Andre,-29.211656,26.187827,106,1398,10
2026-03-27T16:04:08+00:00,Andre,-29.20918,26.188532,93.9,1399.5,10
2026-03-27T16:04:16+00:00,Andre,-29.207273,26.189072,98.2,1400.5,10
2026-03-27T16:04:33+00:00,Andre,-29.202944,26.190323,114.5,1406.5,10
2026-03-27T16:04:41+00:00,Andre,-29.200653,26.190973,118,1409.8,10
2026-03-27T16:04:49+00:00,Andre,-29.198401,26.1916,118.9,1412.5,10
2026-03-27T16:05:02+00:00,Andre,-29.194613,26.192673,120,1416.2,10
2026-03-27T16:05:12+00:00,Andre,-29.191649,26.193226,120,1417.5,10
2026-03-27T16:05:13+00:00,Andre,-29.191349,26.193247,120,1417.6,10
2026-03-27T16:05:42+00:00,Andre,-29.18305,26.19127,107.2,1420.7,10
2026-03-27T16:05:52+00:00,Andre,-29.180783,26.190012,93.7,1423.6,10
2026-03-27T16:05:58+00:00,Andre,-29.179551,26.189339,90.3,1421.4,10
2026-03-27T16:06:06+00:00,Andre,-29.177906,26.188411,94.6,1415.4,10
2026-03-27T16:06:21+00:00,Andre,-29.17422,26.186335,118.5,1412.2,10
2026-03-27T16:06:31+00:00,Andre,-29.171565,26.184795,112.5,1414.9,10
2026-03-27T16:06:43+00:00,Andre,-29.169022,26.183356,79.4,1417.3,10
2026-03-27T16:06:50+00:00,Andre,-29.167918,26.18262,66.7,1418.4,10
2026-03-27T16:06:58+00:00,Andre,-29.166982,26.181819,49.4,1421,10
2026-03-27T16:06:58+00:00,Andre,-29.166982,26.181819,49.4,1421,10
2026-03-27T16:07:11+00:00,Andre,-29.166499,26.1812,0.4,1425.7,10
2026-03-27T16:07:20+00:00,Andre,-29.166497,26.181197,0.1,1426.4,10
2026-03-27T16:07:20+00:00,Andre,-29.166497,26.181197,0.1,1426.4,10
2026-03-27T16:07:32+00:00,Andre,-29.1665,26.181199,0.1,1426.9,10
2026-03-27T16:07:39+00:00,Andre,-29.166501,26.181201,0,1426.7,10
2026-03-27T16:07:45+00:00,Andre,-29.166502,26.181202,0,1427,10
2026-03-27T16:07:55+00:00,Andre,-29.166498,26.181199,1.9,1427.6,10
2026-03-27T16:08:01+00:00,Andre,-29.166404,26.181072,14.5,1428.1,10
2026-03-27T16:08:09+00:00,Andre,-29.166365,26.181016,0.1,1428.6,10
2026-03-27T16:08:15+00:00,Andre,-29.166364,26.181015,0.1,1428.9,10
2026-03-27T16:08:21+00:00,Andre,-29.166363,26.181014,0,1428.9,10
2026-03-27T16:08:27+00:00,Andre,-29.166364,26.181012,0,1429.2,10
2026-03-27T16:08:33+00:00,Andre,-29.166365,26.181012,0.2,1429.2,10
2026-03-27T16:08:41+00:00,Andre,-29.166363,26.181012,0.1,1429.7,10
2026-03-27T16:08:47+00:00,Andre,-29.166363,26.181011,0,1429.6,10
2026-03-27T16:08:53+00:00,Andre,-29.166329,26.180966,13,1429.7,10
2026-03-27T16:08:59+00:00,Andre,-29.166045,26.180933,22.3,1429.7,10
2026-03-27T16:09:05+00:00,Andre,-29.165719,26.181148,26.2,1430,10
2026-03-27T16:09:12+00:00,Andre,-29.16525,26.181456,41.7,1430.3,10
2026-03-27T16:09:18+00:00,Andre,-29.164717,26.181798,36.9,1430.4,10
2026-03-27T16:09:24+00:00,Andre,-29.164557,26.181903,0.1,1430.3,10
2026-03-27T16:09:30+00:00,Andre,-29.164556,26.181905,0,1430.5,9
2026-03-27T16:09:36+00:00,Andre,-29.164552,26.181909,2.6,1430.5,10
2026-03-27T16:09:43+00:00,Andre,-29.164222,26.182123,39.1,1430.1,10
2026-03-27T16:09:49+00:00,Andre,-29.163639,26.182503,55.4,1428.6,10
2026-03-27T16:09:56+00:00,Andre,-29.162714,26.183102,63.7,1426.7,10
2026-03-27T16:10:02+00:00,Andre,-29.161914,26.183611,58,1427.7,9
2026-03-27T16:10:08+00:00,Andre,-29.161151,26.184092,59.1,1428.8,10
2026-03-27T16:10:24+00:00,Andre,-29.158877,26.185554,67.4,1432.6,10
2026-03-27T16:10:55+00:00,Andre,-29.155939,26.187437,40.1,1434.2,10
2026-03-27T16:11:02+00:00,Andre,-29.155166,26.187937,52.8,1432.9,10
2026-03-27T16:11:09+00:00,Andre,-29.154329,26.188477,57.9,1432,10
2026-03-27T16:11:15+00:00,Andre,-29.153751,26.188849,36,1431.5,10
2026-03-27T16:11:22+00:00,Andre,-29.152946,26.18937,65.5,1431,10
2026-03-27T16:11:28+00:00,Andre,-29.152054,26.189941,69.3,1430.4,10
2026-03-27T16:11:35+00:00,Andre,-29.151025,26.190603,63.9,1430.1,10
2026-03-27T16:11:42+00:00,Andre,-29.150395,26.19101,7.8,1430.3,10
2026-03-27T16:11:49+00:00,Andre,-29.150383,26.191017,0,1430.8,10
2026-03-27T16:11:54+00:00,Andre,-29.150385,26.191016,0.1,1431.1,10
2026-03-27T16:12:00+00:00,Andre,-29.150388,26.191014,0.1,1431.3,10
2026-03-27T16:12:06+00:00,Andre,-29.150388,26.191012,0.1,1431.3,10
2026-03-27T16:12:13+00:00,Andre,-29.150357,26.191033,10.2,1431.1,10
2026-03-27T16:12:19+00:00,Andre,-29.150052,26.191231,37.3,1431,10
2026-03-27T16:12:25+00:00,Andre,-29.149464,26.19161,53.2,1431.2,10
2026-03-27T16:12:32+00:00,Andre,-29.148521,26.192209,64.7,1432.1,10
2026-03-27T16:12:37+00:00,Andre,-29.147841,26.192651,60.8,1433.2,10
2026-03-27T16:12:44+00:00,Andre,-29.1471,26.193135,22.5,1433.1,10
2026-03-27T16:12:50+00:00,Andre,-29.146984,26.19321,9.9,1432.9,10
2026-03-27T16:12:56+00:00,Andre,-29.146666,26.193408,34.5,1431.7,10
2026-03-27T16:13:02+00:00,Andre,-29.146113,26.193779,51.2,1429.9,10
2026-03-27T16:13:09+00:00,Andre,-29.145195,26.194369,64.1,1427.1,10
2026-03-27T16:13:15+00:00,Andre,-29.14433,26.194928,65.9,1424.8,10
2026-03-27T16:13:21+00:00,Andre,-29.143458,26.195491,68.7,1423.5,10
2026-03-27T16:13:28+00:00,Andre,-29.142441,26.196265,70.1,1423,10
2026-03-27T16:13:34+00:00,Andre,-29.141721,26.197114,66.1,1422.1,10
2026-03-27T16:13:40+00:00,Andre,-29.141046,26.197881,61.6,1420.5,10
2026-03-27T16:13:46+00:00,Andre,-29.140387,26.198606,58.3,1419.4,10
2026-03-27T16:13:52+00:00,Andre,-29.139849,26.199279,50.7,1418.2,10
2026-03-27T16:13:58+00:00,Andre,-29.13929,26.199948,57.1,1417.7,10
2026-03-27T16:14:04+00:00,Andre,-29.138681,26.200659,59.4,1416,10
2026-03-27T16:14:11+00:00,Andre,-29.13802,26.201424,41.1,1413,10
2026-03-27T16:14:17+00:00,Andre,-29.13768,26.201816,25.7,1411.1,10
2026-03-27T16:14:23+00:00,Andre,-29.137418,26.202121,29.8,1410.3,10
2026-03-27T16:14:29+00:00,Andre,-29.137042,26.202574,45.1,1408.6,10
2026-03-27T16:14:36+00:00,Andre,-29.136468,26.203272,49.3,1406.9,10
2026-03-27T16:14:42+00:00,Andre,-29.13607,26.203752,35,1406,10
2026-03-27T16:14:48+00:00,Andre,-29.135631,26.204262,45.9,1404.2,10
2026-03-27T16:14:55+00:00,Andre,-29.135021,26.204985,56.3,1403,10
2026-03-27T16:15:01+00:00,Andre,-29.134435,26.205678,54.9,1401.4,10
2026-03-27T16:15:07+00:00,Andre,-29.133858,26.206386,55.5,1401.7,10
2026-03-27T16:15:13+00:00,Andre,-29.133234,26.206892,47.9,1405.5,10
2026-03-27T16:15:20+00:00,Andre,-29.132283,26.20715,62.9,1402.7,10
2026-03-27T16:15:27+00:00,Andre,-29.131131,26.207413,66.4,1398.5,10
2026-03-27T16:15:33+00:00,Andre,-29.130227,26.207714,59.2,1397.6,10
2026-03-27T16:15:39+00:00,Andre,-29.129403,26.207938,55.4,1398.1,10
2026-03-27T16:15:46+00:00,Andre,-29.128455,26.208192,54.2,1398.8,10
2026-03-27T16:15:52+00:00,Andre,-29.127629,26.208431,59,1397.8,10
2026-03-27T16:15:59+00:00,Andre,-29.126774,26.20914,60.7,1397.4,10
2026-03-27T16:16:08+00:00,Andre,-29.125928,26.210369,62.8,1394.2,10
2026-03-27T16:16:20+00:00,Andre,-29.124638,26.211252,41.8,1388.9,10
2026-03-27T16:16:27+00:00,Andre,-29.124092,26.211403,23.7,1387.6,10
2026-03-27T16:16:33+00:00,Andre,-29.123596,26.211534,38.1,1386.4,10
2026-03-27T16:16:41+00:00,Andre,-29.122792,26.211751,44.6,1385.9,10
2026-03-27T16:16:48+00:00,Andre,-29.122048,26.211967,41.4,1384.7,10
2026-03-27T16:16:56+00:00,Andre,-29.121411,26.21218,30.2,1383.9,10
2026-03-27T16:17:02+00:00,Andre,-29.120877,26.212328,41.3,1382.8,10
2026-03-27T16:17:08+00:00,Andre,-29.120303,26.212487,36.6,1383,10
2026-03-27T16:17:14+00:00,Andre,-29.119787,26.212631,32.7,1382.6,10
2026-03-27T16:17:20+00:00,Andre,-29.11962,26.212678,1.3,1382.7,10
2026-03-27T16:17:26+00:00,Andre,-29.1196,26.212687,0,1382.2,10
2026-03-27T16:17:32+00:00,Andre,-29.119598,26.212689,0,1382.2,10
2026-03-27T16:17:38+00:00,Andre,-29.1196,26.212687,0.2,1382.4,10
2026-03-27T16:17:45+00:00,Andre,-29.119601,26.212685,0.1,1382.7,10
2026-03-27T16:17:55+00:00,Andre,-29.119317,26.212812,28.8,1382.6,10
2026-03-27T16:18:02+00:00,Andre,-29.118858,26.21328,39.2,1382,10
2026-03-27T16:18:09+00:00,Andre,-29.118121,26.213547,49.3,1380.9,10
2026-03-27T16:18:15+00:00,Andre,-29.11742,26.213694,42.8,1381,10
2026-03-27T16:18:21+00:00,Andre,-29.11691,26.213803,31.4,1382.4,10
2026-03-27T16:18:29+00:00,Andre,-29.116212,26.213992,37.8,1385.9,9
2026-03-27T16:18:36+00:00,Andre,-29.115547,26.214172,41.2,1383.7,10
2026-03-27T16:18:42+00:00,Andre,-29.11492,26.214333,43.3,1383.2,10
2026-03-27T16:18:48+00:00,Andre,-29.11429,26.214497,41.9,1383.8,9
2026-03-27T16:18:54+00:00,Andre,-29.113738,26.214647,34.9,1385.3,10
2026-03-27T16:19:01+00:00,Andre,-29.113211,26.214782,32.3,1387.3,10
2026-03-27T16:19:08+00:00,Andre,-29.112655,26.214924,26.8,1388.5,10
2026-03-27T16:21:17+00:00,Andre,-29.107977,26.22031,26.8,1403,8
2026-03-27T16:21:23+00:00,Andre,-29.107992,26.220487,12.1,1402.1,8
2026-03-27T16:21:29+00:00,Andre,-29.107712,26.220579,23.9,1402.5,9
2026-03-27T16:21:35+00:00,Andre,-29.107198,26.220711,40.8,1403.7,9
2026-03-27T16:21:41+00:00,Andre,-29.106502,26.220902,47.3,1405.3,10
2026-03-27T16:21:47+00:00,Andre,-29.105746,26.221094,52.7,1406.1,10
2026-03-27T16:21:54+00:00,Andre,-29.104864,26.221332,53.7,1408.1,8
2026-03-27T16:22:00+00:00,Andre,-29.104081,26.22154,55.3,1410.5,8
2026-03-27T16:22:07+00:00,Andre,-29.103139,26.221801,52.6,1413.4,10
2026-03-27T16:22:15+00:00,Andre,-29.102186,26.222046,44.8,1416.5,10
2026-03-27T16:22:21+00:00,Andre,-29.101622,26.222197,32.8,1418.3,10
2026-03-27T16:22:27+00:00,Andre,-29.101292,26.222287,9.6,1419.9,10
2026-03-27T16:22:33+00:00,Andre,-29.101246,26.2223,0,1419.8,10
2026-03-27T16:22:33+00:00,Andre,-29.101246,26.2223,0,1419.8,10
2026-03-27T16:22:51+00:00,Andre,-29.100985,26.222373,21,1420.5,10
2026-03-27T16:23:01+00:00,Andre,-29.100015,26.22267,50.8,1422,9
2026-03-27T16:23:10+00:00,Andre,-29.098879,26.222981,49.2,1425.2,8
2026-03-27T16:23:20+00:00,Andre,-29.097794,26.223722,56.9,1425.6,9
2026-03-27T16:23:26+00:00,Andre,-29.097154,26.224354,55.4,1423.7,9
2026-03-27T16:23:33+00:00,Andre,-29.096396,26.225088,59,1421.9,9
2026-03-27T16:23:39+00:00,Andre,-29.095728,26.22574,57.8,1420.3,10
2026-03-27T16:23:45+00:00,Andre,-29.09499,26.226293,60.1,1417.5,9
2026-03-27T16:23:51+00:00,Andre,-29.094166,26.226766,61.5,1414.1,9
2026-03-27T16:23:58+00:00,Andre,-29.093202,26.227304,59.9,1409.1,10
2026-03-27T16:24:04+00:00,Andre,-29.092407,26.227753,57.6,1405.4,9
2026-03-27T16:24:13+00:00,Andre,-29.091283,26.228392,54.1,1402.1,9
2026-03-27T16:24:19+00:00,Andre,-29.090625,26.228757,40.8,1400.6,9
2026-03-27T16:24:25+00:00,Andre,-29.090338,26.228921,7.1,1399.1,10
2026-03-27T16:24:35+00:00,Andre,-29.089856,26.229192,36.4,1398,10
2026-03-27T16:24:41+00:00,Andre,-29.089274,26.229522,44.7,1397.5,9
2026-03-27T16:24:47+00:00,Andre,-29.088798,26.229792,20.9,1397.3,9
2026-03-27T16:24:54+00:00,Andre,-29.088474,26.229868,26.4,1398.3,10
2026-03-27T16:25:00+00:00,Andre,-29.088126,26.230144,33.6,1397.8,10
2026-03-27T16:25:07+00:00,Andre,-29.087533,26.230567,49.6,1397.4,9
2026-03-27T16:25:13+00:00,Andre,-29.086891,26.231104,51.7,1399.3,9
2026-03-27T16:25:19+00:00,Andre,-29.086179,26.231589,61.1,1399.3,10
2026-03-27T16:25:26+00:00,Andre,-29.085225,26.232162,61.2,1398.7,9
2026-03-27T16:25:32+00:00,Andre,-29.084404,26.232652,62.6,1397.9,9
2026-03-27T16:25:38+00:00,Andre,-29.083564,26.233164,64.6,1398.4,9
2026-03-27T16:25:44+00:00,Andre,-29.08271,26.23368,61.5,1398.6,9
2026-03-27T16:25:51+00:00,Andre,-29.081808,26.234219,56,1399.1,9
2026-03-27T16:25:58+00:00,Andre,-29.080876,26.234779,62.1,1399.2,9
2026-03-27T16:26:03+00:00,Andre,-29.080171,26.235207,62.4,1398.9,9
2026-03-27T16:26:10+00:00,Andre,-29.079245,26.235762,56,1400.8,9
2026-03-27T16:26:16+00:00,Andre,-29.078605,26.236143,34.5,1402.8,9
2026-03-27T16:26:22+00:00,Andre,-29.078325,26.236353,16.4,1403.8,9
2026-03-27T16:26:29+00:00,Andre,-29.078524,26.236656,19.9,1401.6,10
2026-03-27T16:26:37+00:00,Andre,-29.078768,26.237145,27.5,1398.3,10
2026-03-27T16:26:59+00:00,Andre,-29.079248,26.23863,27,1388.9,10
2026-03-27T16:27:07+00:00,Andre,-29.079194,26.239292,25.2,1387.9,9
2026-03-27T16:27:18+00:00,Andre,-29.078523,26.239732,31.9,1393.3,9
2026-03-27T16:27:30+00:00,Andre,-29.077497,26.240084,34.8,1394.9,10
2026-03-27T16:27:38+00:00,Andre,-29.077054,26.240446,21.6,1392.4,10
2026-03-27T16:27:44+00:00,Andre,-29.076839,26.240729,19.5,1392.8,9
2026-03-27T16:27:51+00:00,Andre,-29.076656,26.240977,13.9,1393.1,10
2026-03-27T16:28:05+00:00,Andre,-29.076386,26.241429,5.7,1394,10
2026-03-27T16:28:12+00:00,Andre,-29.076394,26.241454,0,1395.4,10
2026-03-27T16:28:18+00:00,Andre,-29.07639,26.241456,0,1396,10
2026-03-27T16:28:28+00:00,Andre,-29.076389,26.241461,0,1396.7,10
2026-03-27T16:28:37+00:00,Andre,-29.07639,26.241463,0.1,1397.8,10
2026-03-27T16:28:43+00:00,Andre,-29.07639,26.241467,0,1399.4,9
2026-03-27T16:28:49+00:00,Andre,-29.076389,26.24147,0.1,1400.9,9
2026-03-27T16:28:55+00:00,Andre,-29.076401,26.241483,4.1,1400.7,9
2026-03-27T16:29:01+00:00,Andre,-29.076467,26.241554,8,1398.9,10
2026-03-27T16:29:01+00:00,Andre,-29.076467,26.241554,8,1398.9,10
2026-03-27T16:29:13+00:00,Andre,-29.076587,26.241704,5.4,1397,10
2026-03-27T16:29:20+00:00,Andre,-29.076563,26.241744,0,1398,10
2026-03-27T16:29:30+00:00,Andre,-29.076557,26.241762,0.1,1397.7,9
2026-03-27T16:29:37+00:00,Andre,-29.076553,26.241771,0,1397.9,9
2026-03-27T16:29:43+00:00,Andre,-29.07655,26.241778,0.1,1397.8,9
2026-03-27T16:29:49+00:00,Andre,-29.076546,26.241785,0,1398.3,9
2026-03-27T16:30:20+00:00,Andre,-29.076552,26.24178,0,1399.1,9
2026-03-27T16:30:26+00:00,Andre,-29.076548,26.241781,0,1399.1,9
2026-03-27T16:30:32+00:00,Andre,-29.076543,26.241783,0,1398,9
2026-03-27T16:30:39+00:00,Andre,-29.076537,26.241786,0,1397.5,9
2026-03-27T16:30:49+00:00,Andre,-29.076533,26.241791,0,1397.8,9
2026-03-27T16:30:59+00:00,Andre,-29.076531,26.241793,0,1398.3,9
2026-03-27T16:31:06+00:00,Andre,-29.076531,26.241794,0,1398.5,10
2026-03-27T16:31:14+00:00,Andre,-29.076532,26.241792,0,1398.3,10
2026-03-27T16:31:20+00:00,Andre,-29.076534,26.24179,0.1,1398.3,10
2026-03-27T16:31:27+00:00,Andre,-29.076535,26.241788,0.1,1398.3,10
2026-03-27T16:31:33+00:00,Andre,-29.076535,26.241787,0.1,1398,10
2026-03-27T16:31:42+00:00,Andre,-29.076538,26.241783,0,1397.5,9
2026-03-27T16:31:52+00:00,Andre,-29.076541,26.241779,0,1397.4,9
2026-03-27T16:31:59+00:00,Andre,-29.076543,26.241779,0.1,1397.4,9
2026-03-27T16:32:05+00:00,Andre,-29.076544,26.241778,0,1397.3,9
2026-03-27T16:32:11+00:00,Andre,-29.076545,26.241777,0,1397.2,9
2026-03-27T16:32:18+00:00,Andre,-29.076545,26.241775,0,1396.9,9
2026-03-27T16:32:18+00:00,Andre,-29.076545,26.241775,0,1396.9,9
2026-03-27T16:32:29+00:00,Andre,-29.076544,26.241774,0,1396.4,10
2026-03-27T16:32:36+00:00,Andre,-29.076543,26.241775,0,1396.4,10
2026-03-27T16:32:42+00:00,Andre,-29.076543,26.241775,0.1,1396.4,9
2026-03-27T16:32:49+00:00,Andre,-29.076542,26.241777,0,1396.5,9
2026-03-27T16:32:58+00:00,Andre,-29.076541,26.241781,0,1396.7,9
2026-03-27T16:33:05+00:00,Andre,-29.07654,26.241785,0,1396.9,10
2026-03-27T16:33:11+00:00,Andre,-29.07654,26.241787,0,1397,10
2026-03-27T16:33:32+00:00,Andre,-29.076542,26.241813,0.1,1400.2,9
2026-03-27T16:33:37+00:00,Andre,-29.076542,26.241816,0,1400.7,10
2026-03-27T16:33:43+00:00,Andre,-29.076542,26.241816,0,1401.4,10
2026-03-27T16:33:49+00:00,Andre,-29.076541,26.241816,0.1,1401.7,10
2026-03-27T16:33:56+00:00,Andre,-29.076541,26.241814,0,1401.5,10
2026-03-27T16:34:02+00:00,Andre,-29.076542,26.241811,0,1401.4,10
2026-03-27T16:34:09+00:00,Andre,-29.076541,26.241808,0,1401.4,10
2026-03-27T16:34:22+00:00,Andre,-29.076543,26.241807,0.1,1402,9
2026-03-27T16:34:36+00:00,Andre,-29.076542,26.241807,0,1401.8,10
2026-03-27T16:34:42+00:00,Andre,-29.076541,26.241808,0,1401.2,10
2026-03-27T16:34:48+00:00,Andre,-29.076539,26.241809,0,1400.7,10
2026-03-27T16:34:54+00:00,Andre,-29.076539,26.24181,0,1400.4,10
2026-03-27T16:35:00+00:00,Andre,-29.076539,26.24181,0.1,1400.1,10
2026-03-27T16:35:00+00:00,Andre,-29.076539,26.24181,0.1,1400.1,10
2026-03-27T17:12:03+00:00,Andre,-29.076537,26.241795,0.1,1397.6,9
2026-03-27T17:12:08+00:00,Andre,-29.076534,26.241797,0.3,1398.1,9
2026-03-27T17:12:08+00:00,Andre,-29.076534,26.241797,0.3,1398.1,9
2026-03-27T17:12:13+00:00,Andre,-29.076533,26.241799,0,1398.9,9
2026-03-27T17:12:13+00:00,Andre,-29.076533,26.241799,0,1398.9,9
2026-03-27T17:12:18+00:00,Andre,-29.076529,26.2418,0,1399.2,9
2026-03-27T17:12:18+00:00,Andre,-29.076529,26.2418,0,1399.2,9
2026-03-27T17:12:23+00:00,Andre,-29.076527,26.241802,0,1399.5,9
2026-03-27T17:12:23+00:00,Andre,-29.076527,26.241802,0,1399.5,9
2026-03-27T17:12:28+00:00,Andre,-29.076528,26.241803,0,1400.2,10
2026-03-27T17:12:28+00:00,Andre,-29.076528,26.241803,0,1400.2,10
2026-03-27T17:12:33+00:00,Andre,-29.076529,26.241805,0,1400.8,9
2026-03-27T17:12:33+00:00,Andre,-29.076529,26.241805,0,1400.8,9
2026-03-27T17:12:38+00:00,Andre,-29.07653,26.241806,0,1401,9
2026-03-27T17:12:38+00:00,Andre,-29.07653,26.241806,0,1401,9
2026-03-27T17:12:43+00:00,Andre,-29.076532,26.241806,0,1401.1,9
2026-03-27T17:12:43+00:00,Andre,-29.076532,26.241806,0,1401.1,9
2026-03-27T17:12:48+00:00,Andre,-29.076534,26.241806,0,1401.4,9
2026-03-27T17:12:48+00:00,Andre,-29.076534,26.241806,0,1401.4,9
2026-03-27T17:12:53+00:00,Andre,-29.076537,26.241805,0,1401.6,9
2026-03-27T17:12:53+00:00,Andre,-29.076537,26.241805,0,1401.6,9
2026-03-27T17:12:58+00:00,Andre,-29.07654,26.241802,0,1401.7,10
2026-03-27T17:12:58+00:00,Andre,-29.07654,26.241802,0,1401.7,10
2026-03-27T17:13:03+00:00,Andre,-29.076544,26.2418,0,1401.7,10
2026-03-27T17:13:03+00:00,Andre,-29.076544,26.2418,0,1401.7,10
2026-03-27T17:13:08+00:00,Andre,-29.076546,26.241798,0,1401.6,11
2026-03-27T17:13:08+00:00,Andre,-29.076546,26.241798,0,1401.6,11
2026-03-27T17:13:13+00:00,Andre,-29.076546,26.241795,0.1,1401.6,10
2026-03-27T17:13:13+00:00,Andre,-29.076546,26.241795,0.1,1401.6,10
2026-03-27T17:13:18+00:00,Andre,-29.076546,26.241794,0,1401.8,10
2026-03-27T17:13:18+00:00,Andre,-29.076546,26.241794,0,1401.8,10
2026-03-27T17:13:23+00:00,Andre,-29.076545,26.241792,0,1402,10
2026-03-27T17:13:23+00:00,Andre,-29.076545,26.241792,0,1402,10
2026-03-27T17:13:28+00:00,Andre,-29.076544,26.241793,0,1402.4,10
2026-03-27T17:13:28+00:00,Andre,-29.076544,26.241793,0,1402.4,10
2026-03-27T17:13:33+00:00,Andre,-29.076544,26.241793,0,1402.7,10
2026-03-27T17:13:33+00:00,Andre,-29.076544,26.241793,0,1402.7,10
2026-03-27T17:13:38+00:00,Andre,-29.076544,26.241793,0,1402.9,10
2026-03-27T17:13:43+00:00,Andre,-29.076544,26.241794,0.1,1402.9,10
2026-03-27T17:13:43+00:00,Andre,-29.076544,26.241794,0.1,1402.9,10
2026-03-27T17:13:49+00:00,Andre,-29.076545,26.241795,0,1402.8,10
2026-03-27T17:13:49+00:00,Andre,-29.076545,26.241795,0,1402.8,10
2026-03-27T17:13:54+00:00,Andre,-29.076546,26.241794,0,1402.5,9
2026-03-27T17:13:54+00:00,Andre,-29.076546,26.241794,0,1402.5,9
2026-03-27T17:13:59+00:00,Andre,-29.076546,26.241796,0,1402.6,10
2026-03-27T17:13:59+00:00,Andre,-29.076546,26.241796,0,1402.6,10
2026-03-27T17:14:04+00:00,Andre,-29.076546,26.241797,0,1402.7,10
2026-03-27T17:14:04+00:00,Andre,-29.076546,26.241797,0,1402.7,10
2026-03-27T17:14:09+00:00,Andre,-29.076546,26.241798,0,1402.7,10
2026-03-27T17:14:09+00:00,Andre,-29.076546,26.241798,0,1402.7,10
2026-03-27T17:14:14+00:00,Andre,-29.076546,26.241798,0,1402.8,10
2026-03-27T17:14:14+00:00,Andre,-29.076546,26.241798,0,1402.8,10
2026-03-27T17:14:19+00:00,Andre,-29.076546,26.241798,0.1,1402.8,10
2026-03-27T17:14:19+00:00,Andre,-29.076546,26.241798,0.1,1402.8,10
2026-03-27T17:14:24+00:00,Andre,-29.076547,26.241798,0,1402.8,10
2026-03-27T17:14:24+00:00,Andre,-29.076547,26.241798,0,1402.8,10
2026-03-27T17:14:29+00:00,Andre,-29.076548,26.241797,0,1402.8,10
2026-03-27T17:14:29+00:00,Andre,-29.076548,26.241797,0,1402.8,10
2026-03-27T17:14:34+00:00,Andre,-29.076548,26.241795,0,1402.8,10
2026-03-27T17:14:34+00:00,Andre,-29.076548,26.241795,0,1402.8,10
2026-03-27T17:14:39+00:00,Andre,-29.076548,26.241793,0,1402.8,10
2026-03-27T17:14:39+00:00,Andre,-29.076548,26.241793,0,1402.8,10
2026-03-27T17:14:44+00:00,Andre,-29.076547,26.241792,0,1402.8,10
2026-03-27T17:14:44+00:00,Andre,-29.076547,26.241792,0,1402.8,10
2026-03-27T18:13:34+00:00,Andre,-29.07656,26.241757,0.6,1395.3,9
2026-03-27T18:13:34+00:00,Andre,-29.07656,26.241757,0.6,1395.3,9
2026-03-27T18:13:39+00:00,Andre,-29.07656,26.241756,0,1395.1,9
2026-03-27T18:13:39+00:00,Andre,-29.07656,26.241756,0,1395.1,9
2026-03-27T18:13:45+00:00,Andre,-29.076559,26.241755,0.1,1395.5,9
2026-03-27T18:13:45+00:00,Andre,-29.076559,26.241755,0.1,1395.5,9
2026-03-27T18:13:50+00:00,Andre,-29.076557,26.241754,0,1395.7,9
2026-03-27T18:13:50+00:00,Andre,-29.076557,26.241754,0,1395.7,9
2026-03-27T18:13:55+00:00,Andre,-29.076555,26.241754,0,1396.1,9
2026-03-27T18:13:55+00:00,Andre,-29.076555,26.241754,0,1396.1,9
2026-03-27T18:14:00+00:00,Andre,-29.076553,26.241754,0,1396.5,9
2026-03-27T18:14:00+00:00,Andre,-29.076553,26.241754,0,1396.5,9
2026-03-27T18:14:05+00:00,Andre,-29.076553,26.241753,0,1396.4,9
2026-03-27T18:14:05+00:00,Andre,-29.076553,26.241753,0,1396.4,9
2026-03-27T18:14:10+00:00,Andre,-29.076552,26.241752,0,1396.3,9
2026-03-27T18:14:10+00:00,Andre,-29.076552,26.241752,0,1396.3,9
2026-03-27T18:14:15+00:00,Andre,-29.076552,26.241752,0,1396.2,9
2026-03-27T18:14:15+00:00,Andre,-29.076552,26.241752,0,1396.2,9
2026-03-27T18:14:20+00:00,Andre,-29.076552,26.241751,0,1396,9
2026-03-27T18:14:20+00:00,Andre,-29.076552,26.241751,0,1396,9
2026-03-27T18:14:25+00:00,Andre,-29.076552,26.241752,0,1396.1,9
2026-03-27T18:14:25+00:00,Andre,-29.076552,26.241752,0,1396.1,9
2026-03-27T18:14:30+00:00,Andre,-29.076551,26.241753,0,1396.3,9
2026-03-27T18:14:30+00:00,Andre,-29.076551,26.241753,0,1396.3,9
2026-03-27T18:14:35+00:00,Andre,-29.076552,26.241753,0,1396.8,10
2026-03-27T18:14:35+00:00,Andre,-29.076552,26.241753,0,1396.8,10
2026-03-27T18:14:40+00:00,Andre,-29.076552,26.241754,0,1397.3,10
2026-03-27T18:14:40+00:00,Andre,-29.076552,26.241754,0,1397.3,10
2026-03-27T18:14:45+00:00,Andre,-29.076552,26.241754,0,1397.6,10
2026-03-27T18:14:45+00:00,Andre,-29.076552,26.241754,0,1397.6,10
2026-03-27T18:14:50+00:00,Andre,-29.076553,26.241754,0,1398,10
2026-03-27T18:14:50+00:00,Andre,-29.076553,26.241754,0,1398,10
2026-03-27T18:14:55+00:00,Andre,-29.076553,26.241755,0,1398.3,10
2026-03-27T18:14:55+00:00,Andre,-29.076553,26.241755,0,1398.3,10
2026-03-27T18:15:01+00:00,Andre,-29.076553,26.241757,0,1398.5,10
2026-03-27T18:15:01+00:00,Andre,-29.076553,26.241757,0,1398.5,10
2026-03-27T18:15:06+00:00,Andre,-29.076553,26.241758,0,1398.8,10
2026-03-27T18:15:06+00:00,Andre,-29.076553,26.241758,0,1398.8,10
2026-03-27T18:15:11+00:00,Andre,-29.076553,26.24176,0,1398.9,10
2026-03-27T18:15:11+00:00,Andre,-29.076553,26.24176,0,1398.9,10
2026-03-27T18:15:16+00:00,Andre,-29.076553,26.241762,0,1398.9,10
2026-03-27T18:15:16+00:00,Andre,-29.076553,26.241762,0,1398.9,10
2026-03-27T18:15:21+00:00,Andre,-29.076552,26.241764,0,1398.9,10
2026-03-27T18:15:21+00:00,Andre,-29.076552,26.241764,0,1398.9,10
2026-03-27T18:15:26+00:00,Andre,-29.076551,26.241767,0,1399,10
2026-03-27T18:15:26+00:00,Andre,-29.076551,26.241767,0,1399,10
2026-03-27T18:15:31+00:00,Andre,-29.076549,26.24177,0,1399.1,10
2026-03-27T18:15:31+00:00,Andre,-29.076549,26.24177,0,1399.1,10
2026-03-27T18:15:36+00:00,Andre,-29.076547,26.241772,0,1399.4,10
2026-03-27T18:15:36+00:00,Andre,-29.076547,26.241772,0,1399.4,10
2026-03-27T18:15:41+00:00,Andre,-29.076545,26.241775,0,1399.6,10
2026-03-27T18:15:41+00:00,Andre,-29.076545,26.241775,0,1399.6,10
2026-03-27T18:15:46+00:00,Andre,-29.076542,26.241778,0,1399.9,10
2026-03-27T18:15:46+00:00,Andre,-29.076542,26.241778,0,1399.9,10
2026-03-27T18:15:51+00:00,Andre,-29.076539,26.241782,0,1400.5,10
2026-03-27T18:15:51+00:00,Andre,-29.076539,26.241782,0,1400.5,10
2026-03-27T18:15:56+00:00,Andre,-29.076536,26.241785,0,1401,10
2026-03-27T18:15:56+00:00,Andre,-29.076536,26.241785,0,1401,10
2026-03-27T18:16:01+00:00,Andre,-29.076534,26.241788,0,1401.7,10
2026-03-27T18:16:01+00:00,Andre,-29.076534,26.241788,0,1401.7,10
2026-03-27T18:16:06+00:00,Andre,-29.076533,26.24179,0,1402.3,10
2026-03-27T18:16:06+00:00,Andre,-29.076533,26.24179,0,1402.3,10
2026-03-27T18:16:12+00:00,Andre,-29.076532,26.241793,0,1403.1,10
2026-03-27T18:16:12+00:00,Andre,-29.076532,26.241793,0,1403.1,10
2026-03-27T18:16:17+00:00,Andre,-29.076533,26.241793,0,1403.6,10
2026-03-27T18:16:17+00:00,Andre,-29.076533,26.241793,0,1403.6,10
2026-03-28T07:25:02+00:00,Andre,-29.076555,26.241844,0.2,1421.9,6
2026-03-28T07:25:02+00:00,Andre,-29.076555,26.241844,0.2,1421.9,6
2026-03-28T07:25:07+00:00,Andre,-29.076552,26.241843,0.7,1421.7,6
2026-03-28T07:25:07+00:00,Andre,-29.076552,26.241843,0.7,1421.7,6
2026-03-28T07:25:12+00:00,Andre,-29.07655,26.24184,0.2,1421.3,6
2026-03-28T07:25:12+00:00,Andre,-29.07655,26.24184,0.2,1421.3,6
2026-03-28T07:25:17+00:00,Andre,-29.076546,26.241831,0,1419.1,6
2026-03-28T07:25:17+00:00,Andre,-29.076546,26.241831,0,1419.1,6
2026-03-28T07:25:22+00:00,Andre,-29.076545,26.241822,0,1417.4,6
2026-03-28T07:25:22+00:00,Andre,-29.076545,26.241822,0,1417.4,6
2026-03-28T07:25:27+00:00,Andre,-29.076544,26.241813,0.1,1415.4,6
2026-03-28T07:25:27+00:00,Andre,-29.076544,26.241813,0.1,1415.4,6
2026-03-28T07:25:32+00:00,Andre,-29.076546,26.24182,0,1416.5,8
2026-03-28T07:25:32+00:00,Andre,-29.076546,26.24182,0,1416.5,8
2026-03-28T07:25:37+00:00,Andre,-29.076547,26.241827,0,1417.6,8
2026-03-28T07:25:42+00:00,Andre,-29.076549,26.241833,0,1418.2,8
2026-03-28T07:25:42+00:00,Andre,-29.076549,26.241833,0,1418.2,8
2026-03-28T07:25:47+00:00,Andre,-29.07655,26.241836,0,1418.5,8
2026-03-28T07:25:47+00:00,Andre,-29.07655,26.241836,0,1418.5,8
2026-03-28T07:25:52+00:00,Andre,-29.076551,26.241838,0,1418.6,8
2026-03-28T07:25:52+00:00,Andre,-29.076551,26.241838,0,1418.6,8
2026-03-28T07:25:57+00:00,Andre,-29.076551,26.241838,0,1418.6,7
2026-03-28T07:25:57+00:00,Andre,-29.076551,26.241838,0,1418.6,7
2026-03-28T07:26:03+00:00,Andre,-29.076552,26.241841,0,1418.8,8
2026-03-28T07:26:03+00:00,Andre,-29.076552,26.241841,0,1418.8,8
2026-03-28T07:26:08+00:00,Andre,-29.076552,26.241841,0.1,1418.7,8
2026-03-28T07:26:08+00:00,Andre,-29.076552,26.241841,0.1,1418.7,8
2026-03-28T07:26:13+00:00,Andre,-29.076553,26.241842,0.1,1418.5,7
2026-03-28T07:26:13+00:00,Andre,-29.076553,26.241842,0.1,1418.5,7
2026-03-28T07:26:18+00:00,Andre,-29.076555,26.241844,0,1418.4,7
2026-03-28T07:26:18+00:00,Andre,-29.076555,26.241844,0,1418.4,7
2026-03-28T07:26:23+00:00,Andre,-29.076556,26.241844,0,1418.2,7
2026-03-28T07:26:23+00:00,Andre,-29.076556,26.241844,0,1418.2,7
2026-03-28T07:26:28+00:00,Andre,-29.076558,26.241843,0,1418,7
2026-03-28T07:26:33+00:00,Andre,-29.07656,26.241841,0.1,1418,7
2026-03-28T07:26:33+00:00,Andre,-29.07656,26.241841,0.1,1418,7
2026-03-28T07:26:38+00:00,Andre,-29.076561,26.241842,0,1418.5,7
2026-03-28T07:26:38+00:00,Andre,-29.076561,26.241842,0,1418.5,7
2026-03-28T07:26:43+00:00,Andre,-29.076562,26.241845,0,1419.4,6
2026-03-28T07:26:43+00:00,Andre,-29.076562,26.241845,0,1419.4,6
2026-03-28T07:26:48+00:00,Andre,-29.076563,26.241852,0,1420.8,6
2026-03-28T07:26:48+00:00,Andre,-29.076563,26.241852,0,1420.8,6
2026-03-28T07:26:53+00:00,Andre,-29.076563,26.241857,0,1421.7,7
2026-03-28T07:26:53+00:00,Andre,-29.076563,26.241857,0,1421.7,7
2026-03-28T07:26:58+00:00,Andre,-29.076562,26.241865,0.1,1422.5,8
2026-03-28T07:26:58+00:00,Andre,-29.076562,26.241865,0.1,1422.5,8
2026-03-28T07:27:03+00:00,Andre,-29.076562,26.241875,0,1423.5,8
2026-03-28T07:27:03+00:00,Andre,-29.076562,26.241875,0,1423.5,8
2026-03-28T07:27:08+00:00,Andre,-29.076564,26.24189,0,1425.5,8
2026-03-28T07:27:08+00:00,Andre,-29.076564,26.24189,0,1425.5,8
2026-03-28T07:27:13+00:00,Andre,-29.076564,26.241902,0.1,1427.1,7
2026-03-28T07:27:13+00:00,Andre,-29.076564,26.241902,0.1,1427.1,7
2026-03-28T07:27:18+00:00,Andre,-29.076566,26.241915,0,1428.9,8
2026-03-28T07:27:18+00:00,Andre,-29.076566,26.241915,0,1428.9,8
2026-03-28T07:27:23+00:00,Andre,-29.076568,26.241926,0,1430.7,8
2026-03-28T07:27:23+00:00,Andre,-29.076568,26.241926,0,1430.7,8
2026-03-28T07:37:42+00:00,Andre,-29.076553,26.241761,0.3,1404.9,7
2026-03-28T07:37:47+00:00,Andre,-29.076556,26.241773,0.3,1406.8,7
2026-03-28T07:37:47+00:00,Andre,-29.076556,26.241773,0.3,1406.8,7
2026-03-28T07:37:52+00:00,Andre,-29.076559,26.241785,0,1408.5,7
2026-03-28T07:37:52+00:00,Andre,-29.076559,26.241785,0,1408.5,7
2026-03-28T07:37:57+00:00,Andre,-29.07656,26.241796,0.1,1410,8
2026-03-28T07:37:57+00:00,Andre,-29.07656,26.241796,0.1,1410,8
2026-03-28T07:38:02+00:00,Andre,-29.076561,26.241801,0,1410.2,8
2026-03-28T07:38:02+00:00,Andre,-29.076561,26.241801,0,1410.2,8
2026-03-28T07:38:07+00:00,Andre,-29.076563,26.241808,0.2,1410.8,8
2026-03-28T07:38:07+00:00,Andre,-29.076563,26.241808,0.2,1410.8,8
2026-03-28T07:38:12+00:00,Andre,-29.076564,26.241806,0.1,1410.4,8
2026-03-28T07:38:18+00:00,Andre,-29.076561,26.241792,0,1408.6,7
2026-03-28T07:38:23+00:00,Andre,-29.07656,26.241782,0.1,1407.1,7
2026-03-28T07:38:28+00:00,Andre,-29.076559,26.241772,0.1,1405.9,8
2026-03-28T07:38:33+00:00,Andre,-29.076559,26.241767,0,1405.6,8
2026-03-28T07:38:38+00:00,Andre,-29.076558,26.241764,0,1405.8,8
2026-03-28T07:38:43+00:00,Andre,-29.076556,26.241761,0,1406.2,9
2026-03-28T07:38:48+00:00,Andre,-29.076552,26.241755,0,1405.8,7
2026-03-28T07:38:53+00:00,Andre,-29.076548,26.241753,0,1405.8,7
2026-03-28T07:38:58+00:00,Andre,-29.076545,26.241753,0,1406,7
2026-03-28T07:39:03+00:00,Andre,-29.076543,26.241753,0,1406.1,8
2026-03-28T07:39:08+00:00,Andre,-29.076542,26.241753,0,1406.1,8
2026-03-28T07:39:13+00:00,Andre,-29.076542,26.241754,0,1406.2,8
2026-03-28T07:39:18+00:00,Andre,-29.076542,26.241755,0,1406.2,9
2026-03-28T07:39:23+00:00,Andre,-29.076542,26.241755,0,1406.1,9
2026-03-28T07:39:28+00:00,Andre,-29.076542,26.241754,0,1406,9
2026-03-28T07:39:34+00:00,Andre,-29.076543,26.241755,0,1406.5,9
2026-03-28T07:39:39+00:00,Andre,-29.076543,26.241754,0,1406.6,9
2026-03-28T07:39:44+00:00,Andre,-29.076543,26.241755,0.1,1407.4,9
2026-03-28T07:39:49+00:00,Andre,-29.076543,26.241756,0,1407.8,9
2026-03-28T07:39:54+00:00,Andre,-29.076542,26.241754,0,1407.7,8
2026-03-28T07:39:59+00:00,Andre,-29.076542,26.241754,0,1407.6,8
2026-03-28T07:40:04+00:00,Andre,-29.07654,26.241754,0.1,1407.5,8
2026-03-28T07:40:09+00:00,Andre,-29.076557,26.241737,2.7,1406.6,9
2026-03-28T07:40:14+00:00,Andre,-29.076579,26.241709,2.6,1407.4,7
2026-03-28T07:40:19+00:00,Andre,-29.07658,26.241689,1.4,1408.6,8
2026-03-28T07:40:24+00:00,Andre,-29.076559,26.241664,4.7,1411.5,9
2026-03-28T07:40:29+00:00,Andre,-29.076514,26.241605,5.8,1413.9,8
2026-03-28T07:40:34+00:00,Andre,-29.076465,26.241555,4.9,1413.5,9
2026-03-28T07:40:39+00:00,Andre,-29.076419,26.241501,3.5,1414.2,9
2026-03-28T07:40:44+00:00,Andre,-29.076378,26.241459,1.2,1414,9
2026-03-28T07:40:50+00:00,Andre,-29.076438,26.241384,4.9,1409.6,9
2026-03-28T07:40:55+00:00,Andre,-29.076442,26.241365,0,1407.4,9
2026-03-28T07:41:00+00:00,Andre,-29.076442,26.241354,0,1405.7,9
2026-03-28T07:41:05+00:00,Andre,-29.076441,26.241345,0.1,1404.1,9
2026-03-28T07:41:10+00:00,Andre,-29.076438,26.241337,0.2,1402.7,9
2026-03-28T07:41:15+00:00,Andre,-29.076432,26.241331,0,1401.5,9
2026-03-28T07:41:20+00:00,Andre,-29.076427,26.241325,0.1,1400.4,8
2026-03-28T07:41:25+00:00,Andre,-29.076424,26.241321,0,1399.6,8
2026-03-28T07:41:30+00:00,Andre,-29.076422,26.241317,0,1399.1,9
2026-03-28T07:41:35+00:00,Andre,-29.076421,26.241313,0.2,1398.8,9
2026-03-28T07:41:40+00:00,Andre,-29.076418,26.241311,0,1399.3,9
2026-03-28T07:41:45+00:00,Andre,-29.076416,26.241311,0,1399.9,9
2026-03-28T07:41:50+00:00,Andre,-29.076414,26.24131,0,1400.4,9
2026-03-28T07:41:55+00:00,Andre,-29.076416,26.241309,0.1,1400.3,9
2026-03-28T07:42:01+00:00,Andre,-29.076421,26.241309,0,1399.6,9
2026-03-28T07:42:06+00:00,Andre,-29.076423,26.241311,0,1399.3,9
2026-03-28T07:42:11+00:00,Andre,-29.076424,26.241312,0,1399.4,9
2026-03-28T07:42:16+00:00,Andre,-29.076422,26.241314,0.1,1399.6,8
2026-03-28T07:42:21+00:00,Andre,-29.076422,26.241315,0.1,1399.6,8
2026-03-28T07:42:26+00:00,Andre,-29.076421,26.241318,0.1,1399.9,9
2026-03-28T07:42:31+00:00,Andre,-29.076422,26.241321,0,1400.3,9
2026-03-28T07:42:36+00:00,Andre,-29.076425,26.241322,0,1400.5,8
2026-03-28T07:42:41+00:00,Andre,-29.076428,26.241322,0,1400.7,9
2026-03-28T07:42:46+00:00,Andre,-29.076432,26.241322,0,1401,8
2026-03-28T07:42:51+00:00,Andre,-29.076435,26.241321,0,1401.5,8
2026-03-28T07:43:03+00:00,Andre,-29.076458,26.241335,0,0,0
2026-03-28T07:43:12+00:00,Andre,-29.076449,26.241341,0.4,1407.8,9
2026-03-28T07:43:43+00:00,Andre,-29.077317,26.239403,26.2,1404.4,7
2026-03-28T07:43:44+00:00,Andre,-29.077264,26.239366,24.4,1404.4,7
2026-03-28T07:44:38+00:00,Andre,-29.073988,26.23801,50,1414,9
2026-03-28T07:44:44+00:00,Andre,-29.073928,26.237152,45,1415.3,9
2026-03-28T07:44:47+00:00,Andre,-29.073989,26.236863,25.1,1416.3,9
2026-03-28T07:45:15+00:00,Andre,-29.072306,26.235679,63.4,1423.9,8
2026-03-28T07:45:22+00:00,Andre,-29.071463,26.235325,49.4,1424.7,9
2026-03-28T07:45:25+00:00,Andre,-29.071091,26.235174,55,1424.9,8
2026-03-28T07:45:52+00:00,Andre,-29.070298,26.233988,0.1,1425.1,8
2026-03-28T07:45:58+00:00,Andre,-29.070414,26.233992,11.4,1424.8,7
2026-03-28T07:46:02+00:00,Andre,-29.070494,26.234021,6,1425.3,9
2026-03-28T07:47:11+00:00,Andre,-29.070716,26.234246,0.1,1424,8
2026-03-28T07:47:17+00:00,Andre,-29.070715,26.234248,0.1,1423.5,8
2026-03-28T07:48:38+00:00,Andre,-29.070708,26.234247,0,1426.4,8
2026-03-28T07:48:43+00:00,Andre,-29.070707,26.234247,0,1425.9,8
2026-03-28T07:48:48+00:00,Andre,-29.070708,26.234245,0.1,1425.2,8
2026-03-28T07:48:53+00:00,Andre,-29.07071,26.234243,0.1,1424.6,8
2026-03-28T07:48:58+00:00,Andre,-29.070711,26.234241,0,1424,8
2026-03-28T07:49:03+00:00,Andre,-29.070713,26.23424,0,1423.3,8
2026-03-28T07:49:08+00:00,Andre,-29.070714,26.23424,0,1423,9
2026-03-28T07:49:13+00:00,Andre,-29.070716,26.234239,0.1,1423.1,9
2026-03-28T07:49:18+00:00,Andre,-29.070718,26.23424,0,1423.2,9
2026-03-28T07:49:23+00:00,Andre,-29.070719,26.234242,0,1423.2,8
2026-03-28T07:49:28+00:00,Andre,-29.070721,26.234246,0,1423.3,9
2026-03-28T07:49:33+00:00,Andre,-29.07072,26.23425,0,1423.3,9
2026-03-28T07:49:38+00:00,Andre,-29.07072,26.234253,0,1423.2,9
2026-03-28T07:49:43+00:00,Andre,-29.070719,26.234254,0,1423.2,9
2026-03-28T07:49:49+00:00,Andre,-29.070716,26.234255,0,1423.3,8
2026-03-28T07:49:54+00:00,Andre,-29.070715,26.234256,0,1423.6,8
2026-03-28T07:49:59+00:00,Andre,-29.070714,26.234255,0,1424,8
2026-03-28T07:50:04+00:00,Andre,-29.070713,26.234253,0,1424.5,8
2026-03-28T07:50:09+00:00,Andre,-29.070712,26.234251,0,1424.9,8
2026-03-28T07:50:14+00:00,Andre,-29.070713,26.234249,0,1425.2,8
2026-03-28T07:50:19+00:00,Andre,-29.070714,26.234247,0,1425.3,8
2026-03-28T07:50:24+00:00,Andre,-29.070714,26.234246,0,1425.6,8
2026-03-28T07:50:29+00:00,Andre,-29.070714,26.234245,0,1425.8,8
2026-03-28T07:50:34+00:00,Andre,-29.070713,26.234243,0,1425.9,9
2026-03-28T07:50:39+00:00,Andre,-29.070713,26.234242,0,1425.8,9
2026-03-28T07:50:44+00:00,Andre,-29.070711,26.234242,0.1,1425.6,9
2026-03-28T07:50:49+00:00,Andre,-29.07071,26.234243,0,1425.3,9
2026-03-28T07:50:54+00:00,Andre,-29.070709,26.234245,0,1425,9
2026-03-28T07:51:04+00:00,Andre,-29.070709,26.23425,0.1,1424.4,9
2026-03-28T07:51:10+00:00,Andre,-29.070712,26.234251,0,1424.3,9
2026-03-28T07:51:15+00:00,Andre,-29.070714,26.234253,0,1424.1,9
2026-03-28T07:51:20+00:00,Andre,-29.070716,26.234254,0,1423.8,8
2026-03-28T07:51:25+00:00,Andre,-29.070719,26.234254,0,1423.6,8
2026-03-28T07:51:30+00:00,Andre,-29.070721,26.234254,0,1423.5,8
2026-03-28T07:51:35+00:00,Andre,-29.070722,26.234253,0,1423.5,9
2026-03-28T07:51:40+00:00,Andre,-29.070723,26.234251,0,1423.5,8
2026-03-28T07:51:45+00:00,Andre,-29.070725,26.234248,0,1423.8,8
2026-03-28T07:51:50+00:00,Andre,-29.070726,26.234246,0,1424.2,9
2026-03-28T07:51:55+00:00,Andre,-29.070727,26.234244,0,1424.4,9
2026-03-28T07:52:00+00:00,Andre,-29.070727,26.234243,0,1424.6,9
2026-03-28T07:52:05+00:00,Andre,-29.070726,26.234243,0,1424.9,8
2026-03-28T07:52:10+00:00,Andre,-29.070725,26.234242,0,1425.1,8
2026-03-28T07:52:15+00:00,Andre,-29.070723,26.234242,0,1425.2,9
2026-03-28T07:52:26+00:00,Andre,-29.070719,26.234243,0,1425.5,9
2026-03-28T07:52:31+00:00,Andre,-29.070718,26.234243,0,1425.9,8
2026-03-28T07:52:36+00:00,Andre,-29.070717,26.234243,0,1426.3,8
2026-03-28T07:52:41+00:00,Andre,-29.070717,26.234243,0,1426.5,8
2026-03-28T07:53:01+00:00,Andre,-29.070715,26.234243,0,1426.7,8
2026-03-28T07:53:21+00:00,Andre,-29.070715,26.234247,0,1426.4,8
2026-03-28T07:53:27+00:00,Andre,-29.070715,26.23425,0,1426.3,8
2026-03-28T07:53:32+00:00,Andre,-29.070715,26.234253,0,1426.2,8
2026-03-28T07:53:37+00:00,Andre,-29.070714,26.234255,0,1426,8
2026-03-28T07:53:47+00:00,Andre,-29.07071,26.234258,0,1425.9,8
2026-03-28T07:53:52+00:00,Andre,-29.070708,26.234258,0,1425.9,8
2026-03-28T07:53:57+00:00,Andre,-29.070707,26.234257,0,1425.8,8
2026-03-28T07:54:02+00:00,Andre,-29.070705,26.234257,0,1425.8,8
2026-03-28T07:54:07+00:00,Andre,-29.070704,26.234256,0,1425.9,8
2026-03-28T07:54:12+00:00,Andre,-29.070704,26.234256,0,1426.1,9
2026-03-28T07:54:17+00:00,Andre,-29.070704,26.234255,0,1426.3,9
2026-03-28T07:54:22+00:00,Andre,-29.070704,26.234256,0,1426.5,9
2026-03-28T07:54:27+00:00,Andre,-29.070707,26.234256,0.1,1426.7,9
2026-03-28T07:54:33+00:00,Andre,-29.07071,26.234255,0,1426.8,9
2026-03-28T07:54:38+00:00,Andre,-29.070712,26.234254,0,1426.9,9
2026-03-28T07:54:43+00:00,Andre,-29.070712,26.234255,0.1,1427,9
2026-03-28T07:54:48+00:00,Andre,-29.070713,26.234255,0.1,1426.8,9
2026-03-28T07:54:53+00:00,Andre,-29.070714,26.234256,0,1426.6,9
2026-03-28T07:54:58+00:00,Andre,-29.070715,26.234256,0,1426.3,9
2026-03-28T07:55:03+00:00,Andre,-29.070716,26.234258,0,1426.1,9
2026-03-28T07:55:08+00:00,Andre,-29.070719,26.234258,0,1426.1,9
2026-03-28T07:55:13+00:00,Andre,-29.070721,26.234258,0,1426.2,9
2026-03-28T07:55:18+00:00,Andre,-29.070722,26.234258,0,1426.2,9
2026-03-28T07:55:23+00:00,Andre,-29.070724,26.234257,0,1426.3,9
2026-03-28T07:55:28+00:00,Andre,-29.070725,26.234257,0.1,1426.4,9
2026-03-28T07:55:33+00:00,Andre,-29.070724,26.234257,0.1,1426.5,9
2026-03-28T07:55:38+00:00,Andre,-29.070722,26.234258,0,1426.6,9
2026-03-28T07:55:43+00:00,Andre,-29.07072,26.234259,0,1426.5,9
2026-03-28T07:55:49+00:00,Andre,-29.070718,26.234261,0,1426.2,9
2026-03-28T07:55:54+00:00,Andre,-29.070717,26.234261,0,1426,9
2026-03-28T07:55:59+00:00,Andre,-29.070717,26.234263,0,1425.7,9
2026-03-28T07:56:04+00:00,Andre,-29.070718,26.234263,0,1425.4,8
2026-03-28T07:56:09+00:00,Andre,-29.070719,26.234263,0,1425.2,8
2026-03-28T07:56:14+00:00,Andre,-29.070721,26.234262,0.1,1425.1,8
2026-03-28T07:56:19+00:00,Andre,-29.070724,26.23426,0,1425.2,8
2026-03-28T07:56:24+00:00,Andre,-29.070727,26.234257,0,1425.3,9
2026-03-28T07:56:29+00:00,Andre,-29.070729,26.234256,0,1425.6,9
2026-03-28T07:56:34+00:00,Andre,-29.07073,26.234256,0,1425.9,9
2026-03-28T07:56:39+00:00,Andre,-29.070731,26.234254,0.1,1426,9
2026-03-28T07:56:44+00:00,Andre,-29.070732,26.234253,0,1426.3,9
2026-03-28T07:56:49+00:00,Andre,-29.070732,26.234253,0,1426.5,9
2026-03-28T07:56:54+00:00,Andre,-29.070732,26.234253,0.1,1426.6,9
2026-03-28T07:56:59+00:00,Andre,-29.070731,26.234255,0,1426.7,9
2026-03-28T07:57:04+00:00,Andre,-29.070729,26.234257,0,1426.8,9
2026-03-28T07:57:10+00:00,Andre,-29.07073,26.234259,0,1426.7,9
2026-03-28T07:57:15+00:00,Andre,-29.07073,26.234259,0,1426.5,9
2026-03-28T07:57:20+00:00,Andre,-29.07073,26.23426,0.1,1426.5,9
2026-03-28T07:57:25+00:00,Andre,-29.070728,26.234261,0,1426.6,9
2026-03-28T07:57:30+00:00,Andre,-29.070725,26.234262,0,1426.7,9
2026-03-28T07:57:35+00:00,Andre,-29.070722,26.234263,0.1,1426.8,9
2026-03-28T07:57:40+00:00,Andre,-29.070721,26.234262,0.1,1426.8,9
2026-03-28T07:57:45+00:00,Andre,-29.070721,26.234261,0.1,1426.6,9
2026-03-28T07:57:50+00:00,Andre,-29.070721,26.234262,0,1426.5,9
2026-03-28T07:57:55+00:00,Andre,-29.070721,26.234263,0,1426.4,9
2026-03-28T07:58:00+00:00,Andre,-29.07072,26.234264,0,1426.3,9
2026-03-28T07:58:05+00:00,Andre,-29.070721,26.234264,0,1426.2,9
2026-03-28T07:58:10+00:00,Andre,-29.070722,26.234264,0,1426,9
2026-03-28T07:58:15+00:00,Andre,-29.070723,26.234262,0,1425.8,9
2026-03-28T07:58:20+00:00,Andre,-29.070724,26.234261,0,1425.7,9
2026-03-28T07:58:26+00:00,Andre,-29.070724,26.234259,0.1,1425.6,9
2026-03-28T07:58:31+00:00,Andre,-29.070723,26.234258,0,1425.7,9
2026-03-28T08:08:50+00:00,Andre,-29.070701,26.234212,0.7,1426.3,10
2026-03-28T08:08:58+00:00,Andre,-29.070696,26.234225,0.1,1428,10
2026-03-28T08:08:59+00:00,Andre,-29.070697,26.234225,0.1,1427.9,10
2026-03-28T08:09:36+00:00,Andre,-29.070724,26.234208,0,1427,9
2026-03-28T08:09:44+00:00,Andre,-29.070725,26.234216,0,1426.7,9
2026-03-28T08:09:45+00:00,Andre,-29.070725,26.234218,0,1426.7,9
2026-03-28T08:10:10+00:00,Andre,-29.070711,26.234232,0,1425.7,10
2026-03-28T08:10:16+00:00,Andre,-29.070708,26.234239,0,1426.2,9
2026-03-28T08:10:20+00:00,Andre,-29.070709,26.234239,0,1426.3,9
2026-03-28T08:10:49+00:00,Andre,-29.070711,26.234251,0,1427.1,10
2026-03-28T08:10:55+00:00,Andre,-29.070709,26.234252,0,1427.3,10
2026-03-28T08:10:58+00:00,Andre,-29.070709,26.234252,0.1,1427.2,10
2026-03-28T08:11:30+00:00,Andre,-29.07072,26.234236,0,1425.7,10
2026-03-28T08:11:37+00:00,Andre,-29.070722,26.234236,0,1425.9,10
2026-03-28T08:11:40+00:00,Andre,-29.070722,26.234236,0.1,1426.2,10
2026-03-28T08:12:24+00:00,Andre,-29.070715,26.234248,0,1428,10
2026-03-28T08:12:30+00:00,Andre,-29.070711,26.234253,0,1428,10
2026-03-28T08:12:34+00:00,Andre,-29.070709,26.234255,0.1,1427.8,10
2026-03-28T08:15:09+00:00,Andre,-29.070709,26.234255,0,1425.8,10
2026-03-28T08:15:19+00:00,Andre,-29.070713,26.234244,0,1424.9,10
2026-03-28T08:15:44+00:00,Andre,-29.070585,26.234039,10.9,1422.2,9
2026-03-28T08:15:50+00:00,Andre,-29.070444,26.23398,10.5,1422.7,9
2026-03-28T08:15:53+00:00,Andre,-29.070366,26.233924,15.7,1423.3,9
2026-03-28T08:16:20+00:00,Andre,-29.069349,26.234268,21.6,1423.6,10
2026-03-28T08:16:26+00:00,Andre,-29.069295,26.234326,0.2,1423.8,10
2026-03-28T08:16:45+00:00,Andre,-29.068402,26.234051,45.6,1423.8,10
2026-03-28T08:16:51+00:00,Andre,-29.067644,26.233771,59.9,1425.9,10
2026-03-28T08:16:57+00:00,Andre,-29.066715,26.233424,68.6,1428,10
2026-03-28T08:17:00+00:00,Andre,-29.06621,26.233212,73.5,1428.9,9
2026-03-28T08:17:25+00:00,Andre,-29.061094,26.230931,98,1421.1,11
2026-03-28T08:17:31+00:00,Andre,-29.059729,26.23032,96.6,1418.3,11
2026-03-28T08:17:34+00:00,Andre,-29.05906,26.230017,95.4,1416,11
2026-03-28T08:18:15+00:00,Andre,-29.050189,26.226032,91,1386.5,11
2026-03-28T08:18:16+00:00,Andre,-29.049975,26.225945,90.3,1386.5,11
2026-03-28T08:21:43+00:00,Andre,-29.020103,26.25896,115.6,1378.7,10
2026-03-28T08:24:56+00:00,Andre,-28.975224,26.292011,99.6,1324.6,10
2026-03-28T08:25:02+00:00,Andre,-28.974071,26.293219,109.6,1323,10
2026-03-28T08:25:06+00:00,Andre,-28.973204,26.294025,114,1321.4,10
2026-03-28T08:25:37+00:00,Andre,-28.966351,26.300595,115.4,1300.9,10
2026-03-28T08:25:43+00:00,Andre,-28.965059,26.301904,114.7,1298.2,10
2026-03-28T08:25:46+00:00,Andre,-28.964405,26.302549,116.3,1297.4,10
2026-03-28T08:26:20+00:00,Andre,-28.956439,26.310405,115.3,1294.4,10
2026-03-28T08:26:29+00:00,Andre,-28.954476,26.312345,115.7,1293.1,10
2026-03-28T08:26:54+00:00,Andre,-28.948266,26.316171,115.2,1288.5,10
2026-03-28T08:27:01+00:00,Andre,-28.946266,26.316498,115.2,1288.7,10
2026-03-28T08:27:04+00:00,Andre,-28.945408,26.316634,115.2,1288.7,10
2026-03-28T08:28:16+00:00,Andre,-28.926045,26.325002,115.2,1311.7,10
2026-03-28T08:28:17+00:00,Andre,-28.925779,26.325129,115.2,1311.9,10
2026-03-28T08:30:35+00:00,Andre,-28.901052,26.33862,54.8,1333.9,10
2026-03-28T08:30:42+00:00,Andre,-28.900109,26.339349,69.8,1335.6,10
2026-03-28T08:30:48+00:00,Andre,-28.899169,26.340063,80.7,1337.8,10
2026-03-28T08:30:55+00:00,Andre,-28.897915,26.341016,87.6,1340.9,10
2026-03-28T08:31:01+00:00,Andre,-28.89673,26.341912,100.5,1344.1,10
2026-03-28T08:31:08+00:00,Andre,-28.895163,26.343102,112.6,1348.6,10
2026-03-28T08:31:14+00:00,Andre,-28.893736,26.344185,114.7,1353.5,10
2026-03-28T08:31:22+00:00,Andre,-28.89182,26.345637,115,1360.3,10
2026-03-28T08:31:28+00:00,Andre,-28.890379,26.34673,115.5,1363.9,10
2026-03-28T08:31:34+00:00,Andre,-28.888888,26.347742,115.2,1365.7,10
2026-03-28T08:31:41+00:00,Andre,-28.887088,26.348789,115.1,1367.6,10
2026-03-28T08:31:50+00:00,Andre,-28.884692,26.349918,115.1,1371.1,10
2026-03-28T08:31:57+00:00,Andre,-28.882796,26.3507,115,1375,10
2026-03-28T08:32:05+00:00,Andre,-28.880636,26.351622,115.2,1379.7,10
2026-03-28T08:32:15+00:00,Andre,-28.877928,26.352774,115.4,1382.3,10
2026-03-28T08:32:25+00:00,Andre,-28.875284,26.354085,115.1,1382.7,10
2026-03-28T08:32:31+00:00,Andre,-28.873824,26.355143,115.2,1382.3,10
2026-03-28T08:32:38+00:00,Andre,-28.872165,26.356458,115.2,1380.9,10
2026-03-28T08:32:44+00:00,Andre,-28.870736,26.357573,115.1,1379.6,10
2026-03-28T08:32:51+00:00,Andre,-28.869067,26.358857,114.7,1380.7,10
2026-03-28T08:32:57+00:00,Andre,-28.867629,26.359943,115,1384,10
2026-03-28T08:33:03+00:00,Andre,-28.866155,26.360968,114.5,1386.8,10
2026-03-28T08:33:09+00:00,Andre,-28.864576,26.361771,115.3,1388.9,10
2026-03-28T08:33:15+00:00,Andre,-28.862911,26.362311,115.3,1389.5,9
2026-03-28T08:33:21+00:00,Andre,-28.861198,26.3626,115,1390.8,10
2026-03-28T08:33:27+00:00,Andre,-28.859473,26.362613,114.7,1393.4,10
2026-03-28T08:33:33+00:00,Andre,-28.857754,26.362443,115,1397.4,10
2026-03-28T08:33:40+00:00,Andre,-28.855736,26.362523,115.4,1400,10
2026-03-28T08:33:46+00:00,Andre,-28.854046,26.362959,115.5,1400.1,10
2026-03-28T08:33:55+00:00,Andre,-28.851696,26.364227,115.7,1396.8,10
2026-03-28T08:34:01+00:00,Andre,-28.850194,26.365215,115.3,1391.6,10
2026-03-28T08:34:07+00:00,Andre,-28.848698,26.366197,114.8,1388.9,10
2026-03-28T08:34:14+00:00,Andre,-28.846889,26.367206,115.3,1387.8,10
2026-03-28T08:34:20+00:00,Andre,-28.845255,26.367868,115.3,1385.9,10
2026-03-28T08:34:26+00:00,Andre,-28.843578,26.368364,115.2,1383.7,10
2026-03-28T08:34:32+00:00,Andre,-28.841893,26.368814,115,1382.5,10
2026-03-28T08:34:39+00:00,Andre,-28.839925,26.369334,115.2,1381.5,10
2026-03-28T08:34:45+00:00,Andre,-28.838241,26.369788,115.1,1381.2,10
2026-03-28T08:34:52+00:00,Andre,-28.836275,26.370319,115.4,1380.9,10
2026-03-28T08:34:58+00:00,Andre,-28.834583,26.370757,115.4,1379,10
2026-03-28T08:35:04+00:00,Andre,-28.832896,26.371206,115.1,1377.1,10
2026-03-28T08:35:11+00:00,Andre,-28.830932,26.371734,115.1,1376.2,10
2026-03-28T08:35:17+00:00,Andre,-28.829247,26.372177,115.1,1375.4,10
2026-03-28T08:35:25+00:00,Andre,-28.826999,26.372781,115.2,1374.5,10
2026-03-28T08:35:35+00:00,Andre,-28.824188,26.373537,115.3,1372.2,10
2026-03-28T08:36:08+00:00,Andre,-28.814899,26.375991,115.4,1363.9,11
2026-03-28T08:36:16+00:00,Andre,-28.812653,26.376591,115.2,1360.6,11
2026-03-28T08:36:23+00:00,Andre,-28.810685,26.377114,115.2,1357.6,11
2026-03-28T08:36:29+00:00,Andre,-28.808999,26.377561,115.3,1355.7,11
2026-03-28T08:36:36+00:00,Andre,-28.807032,26.37809,115.2,1353.5,11
2026-03-28T08:36:43+00:00,Andre,-28.805066,26.378616,115.1,1351.8,11
2026-03-28T08:36:51+00:00,Andre,-28.802817,26.379209,115.2,1350.3,11
2026-03-28T08:36:58+00:00,Andre,-28.80085,26.379737,115.1,1349.1,11
2026-03-28T08:37:06+00:00,Andre,-28.798607,26.380363,115.2,1347.4,11
2026-03-28T08:37:07+00:00,Andre,-28.798331,26.380459,115.2,1347.1,11
2026-03-28T08:37:25+00:00,Andre,-28.793811,26.383292,115.1,1345.9,11
2026-03-28T08:37:32+00:00,Andre,-28.792298,26.38481,115.1,1346.6,11
2026-03-28T08:37:39+00:00,Andre,-28.790795,26.38634,115.1,1348.3,11
2026-03-28T08:37:49+00:00,Andre,-28.788643,26.388524,115.1,1350,11
2026-03-28T08:37:55+00:00,Andre,-28.787352,26.389834,115.2,1351,11
2026-03-28T08:38:01+00:00,Andre,-28.786061,26.391146,115.2,1351.7,11
2026-03-28T08:38:10+00:00,Andre,-28.784156,26.393152,115.2,1352.4,11
2026-03-28T08:38:16+00:00,Andre,-28.782932,26.394544,115.3,1352.5,10
2026-03-28T08:38:23+00:00,Andre,-28.78151,26.396174,115.2,1353,11
2026-03-28T08:38:29+00:00,Andre,-28.780292,26.397571,115.1,1353.2,10
2026-03-28T08:38:29+00:00,Andre,-28.780292,26.397571,115.1,1353.2,10
2026-03-28T08:38:44+00:00,Andre,-28.777248,26.401062,115.2,1355.1,11
2026-03-28T08:38:51+00:00,Andre,-28.775825,26.402691,115.2,1356.1,10
2026-03-28T08:38:58+00:00,Andre,-28.774406,26.404324,115.2,1357.2,10
2026-03-28T08:39:04+00:00,Andre,-28.773184,26.405718,115.3,1358,10
2026-03-28T08:39:10+00:00,Andre,-28.771968,26.40712,115.3,1358.8,11
2026-03-28T08:39:17+00:00,Andre,-28.770542,26.408744,115.2,1359.6,11
2026-03-28T08:39:23+00:00,Andre,-28.769327,26.410143,115.2,1360.4,10
2026-03-28T08:39:30+00:00,Andre,-28.767906,26.411773,115.2,1361.3,10
2026-03-28T08:39:37+00:00,Andre,-28.766486,26.413405,115.1,1362.1,11
2026-03-28T08:39:43+00:00,Andre,-28.765261,26.414795,115.2,1362.9,11
2026-03-28T08:39:50+00:00,Andre,-28.763839,26.416425,115.2,1363.8,11
2026-03-28T08:39:56+00:00,Andre,-28.76262,26.417822,115.3,1364.4,11
2026-03-28T08:40:03+00:00,Andre,-28.761199,26.419453,115.1,1365.3,11
2026-03-28T08:40:09+00:00,Andre,-28.759979,26.420849,115.2,1365.9,11
2026-03-28T08:40:15+00:00,Andre,-28.758758,26.422244,115.1,1366.5,10
2026-03-28T08:40:22+00:00,Andre,-28.757336,26.423873,115.2,1367.2,11
2026-03-28T08:40:29+00:00,Andre,-28.755919,26.425509,115.2,1367.6,11
2026-03-28T08:40:35+00:00,Andre,-28.754694,26.426901,115.3,1367.8,11
2026-03-28T08:40:42+00:00,Andre,-28.753266,26.428431,102,1368.3,11
2026-03-28T08:40:50+00:00,Andre,-28.75156,26.429636,102.7,1369.1,11
2026-03-28T08:40:56+00:00,Andre,-28.750046,26.430314,114.4,1369.5,11
2026-03-28T08:41:03+00:00,Andre,-28.747999,26.430981,123.5,1369.9,11
2026-03-28T08:41:09+00:00,Andre,-28.746256,26.431549,118.4,1370.4,11
2026-03-28T08:41:16+00:00,Andre,-28.744287,26.432195,116.1,1370.9,11
2026-03-28T08:41:25+00:00,Andre,-28.741785,26.433017,115.2,1371.3,11
2026-03-28T08:41:32+00:00,Andre,-28.739844,26.433657,115.2,1371.7,11
2026-03-28T08:41:40+00:00,Andre,-28.737623,26.434375,115.2,1372.2,11
2026-03-28T08:41:51+00:00,Andre,-28.734576,26.435388,115.2,1372.8,11
2026-03-28T08:41:58+00:00,Andre,-28.732633,26.43602,115.2,1373,11
2026-03-28T08:42:04+00:00,Andre,-28.730969,26.436566,115.1,1373.4,11
2026-03-28T08:42:11+00:00,Andre,-28.729028,26.437203,115.2,1374,11
2026-03-28T08:42:17+00:00,Andre,-28.727365,26.437753,115.1,1374.5,11
2026-03-28T08:42:24+00:00,Andre,-28.725424,26.438391,115.3,1375.3,11
2026-03-28T08:42:30+00:00,Andre,-28.72376,26.438938,115.1,1375.6,11
2026-03-28T08:42:37+00:00,Andre,-28.721817,26.439569,115.2,1376.3,11
2026-03-28T08:42:43+00:00,Andre,-28.720129,26.440006,115.1,1376.9,11
2026-03-28T08:42:55+00:00,Andre,-28.716678,26.440304,115.4,1376.1,11
2026-03-28T08:43:02+00:00,Andre,-28.714655,26.440289,115.2,1374.6,11
2026-03-28T08:43:09+00:00,Andre,-28.712644,26.440279,112.4,1376.5,11
2026-03-28T08:43:16+00:00,Andre,-28.710829,26.440248,96,1379,11
2026-03-28T08:43:22+00:00,Andre,-28.709533,26.440238,77.4,1379.5,11
2026-03-28T08:43:30+00:00,Andre,-28.70848,26.440304,34.9,1380.1,11
2026-03-28T08:43:36+00:00,Andre,-28.708201,26.440843,40.8,1379.3,11
2026-03-28T08:43:43+00:00,Andre,-28.707618,26.44157,60.7,1379.4,11
2026-03-28T08:43:49+00:00,Andre,-28.706799,26.442383,82.8,1380.2,11
2026-03-28T08:43:57+00:00,Andre,-28.705766,26.443969,85.1,1381.1,11
2026-03-28T08:44:04+00:00,Andre,-28.705233,26.445496,83.6,1381.8,11
2026-03-28T08:44:10+00:00,Andre,-28.704949,26.446901,83.7,1383.3,11
2026-03-28T08:44:17+00:00,Andre,-28.704644,26.448463,77.4,1385.1,11
2026-03-28T08:44:23+00:00,Andre,-28.704363,26.449801,84.4,1381.8,11
2026-03-28T08:44:30+00:00,Andre,-28.70409,26.451359,73.4,1384.1,11
2026-03-28T08:44:37+00:00,Andre,-28.703842,26.452724,59.9,1385.9,11
2026-03-28T08:44:43+00:00,Andre,-28.703701,26.453407,21.8,1386,11
2026-03-28T08:44:50+00:00,Andre,-28.703283,26.453374,31.6,1384.8,11
2026-03-28T08:44:56+00:00,Andre,-28.702754,26.453266,38.6,1385.1,11
2026-03-28T08:45:03+00:00,Andre,-28.702413,26.453308,15.1,1386.4,11
2026-03-28T08:45:09+00:00,Andre,-28.702342,26.453648,21.4,1386.6,10
2026-03-28T08:45:19+00:00,Andre,-28.702221,26.4543,30.7,1386.9,11
2026-03-28T08:45:26+00:00,Andre,-28.702137,26.454588,3.8,1386.2,11
2026-03-28T08:45:34+00:00,Andre,-28.702123,26.454658,0.2,1386.4,10
2026-03-28T08:45:40+00:00,Andre,-28.702122,26.454669,0.2,1388.2,11
2026-03-28T08:45:46+00:00,Andre,-28.702123,26.454677,0.1,1389.1,9
2026-03-28T08:45:53+00:00,Andre,-28.702125,26.454686,0,1389.9,10
2026-03-28T08:45:59+00:00,Andre,-28.702128,26.454691,0,1390.6,10
2026-03-28T08:46:07+00:00,Andre,-28.702131,26.454698,0,1391,10
2026-03-28T08:46:13+00:00,Andre,-28.70213,26.4547,0,1391.1,11
2026-03-28T08:46:20+00:00,Andre,-28.702132,26.454704,0,1391.1,11
2026-03-28T08:46:27+00:00,Andre,-28.702135,26.454708,0.1,1391.1,11
2026-03-28T08:46:33+00:00,Andre,-28.702138,26.45471,0.1,1390.9,10
2026-03-28T08:46:40+00:00,Andre,-28.702142,26.454712,0.1,1390.7,11
2026-03-28T08:46:50+00:00,Andre,-28.702148,26.454716,0.1,1390.1,11
2026-03-28T08:46:51+00:00,Andre,-28.702149,26.454717,0,1390.1,11
2026-03-28T08:52:28+00:00,Andre,-28.702111,26.454684,0.1,1390.8,9
2026-03-28T08:52:35+00:00,Andre,-28.702109,26.454686,0,1391.1,9
2026-03-28T08:52:42+00:00,Andre,-28.702106,26.454687,0,1391.3,9
2026-03-28T08:52:48+00:00,Andre,-28.702105,26.454691,0,1391.4,9
2026-03-28T08:52:55+00:00,Andre,-28.702104,26.454694,0,1391.4,9
2026-03-28T08:53:01+00:00,Andre,-28.702104,26.4547,0,1391.9,9
2026-03-28T08:53:08+00:00,Andre,-28.702104,26.454706,0,1392.7,9
2026-03-28T08:53:14+00:00,Andre,-28.702103,26.454708,0,1393.2,9
2026-03-28T08:53:20+00:00,Andre,-28.702104,26.454711,0,1393.5,9
2026-03-28T08:53:28+00:00,Andre,-28.702108,26.454711,0.3,1393.4,8
2026-03-28T08:53:35+00:00,Andre,-28.702112,26.454845,12.6,1393.2,10
2026-03-28T08:53:43+00:00,Andre,-28.702024,26.455372,28.7,1392.7,10
2026-03-28T08:53:49+00:00,Andre,-28.701922,26.45593,35.6,1393,10
2026-03-28T08:53:55+00:00,Andre,-28.701782,26.456251,17.1,1393.5,10
2026-03-28T08:54:02+00:00,Andre,-28.701359,26.456163,30.2,1394.9,10
2026-03-28T08:54:08+00:00,Andre,-28.700853,26.456044,33.5,1397.3,10
2026-03-28T08:54:15+00:00,Andre,-28.700656,26.455767,24.5,1396.8,10
2026-03-28T08:54:22+00:00,Andre,-28.700767,26.455152,33.3,1394.9,10
2026-03-28T08:54:28+00:00,Andre,-28.700875,26.454602,32.6,1391.4,9
2026-03-28T08:54:35+00:00,Andre,-28.700996,26.453916,36.2,1391.3,10
2026-03-28T08:54:41+00:00,Andre,-28.701121,26.453315,33.2,1390.7,10
2026-03-28T08:54:47+00:00,Andre,-28.701163,26.45304,2.5,1389.4,10
2026-03-28T08:54:54+00:00,Andre,-28.701082,26.452912,15.3,1390.3,10
2026-03-28T08:55:00+00:00,Andre,-28.700799,26.452832,20.9,1392.5,10
2026-03-28T08:55:07+00:00,Andre,-28.700343,26.452725,31.4,1394.5,10
2026-03-28T08:55:13+00:00,Andre,-28.699835,26.4526,34.4,1396,10
2026-03-28T08:55:19+00:00,Andre,-28.699268,26.452472,41.7,1397.8,10
2026-03-28T08:55:27+00:00,Andre,-28.698567,26.4522,35.9,1399.5,10
2026-03-28T08:55:27+00:00,Andre,-28.698567,26.4522,35.9,1399.2,10
2026-03-28T08:57:43+00:00,Andre,-28.684514,26.450662,1.5,1405.1,10
2026-03-28T08:57:57+00:00,Andre,-28.684286,26.450568,11.9,1404.8,10
2026-03-28T08:58:06+00:00,Andre,-28.684227,26.450539,0,1404.9,10
2026-03-28T08:58:15+00:00,Andre,-28.684228,26.450539,0,1405.1,10
2026-03-28T08:58:23+00:00,Andre,-28.684228,26.45054,0,1405.1,10
2026-03-28T08:58:39+00:00,Andre,-28.684228,26.45054,0,1405.5,10
2026-03-28T08:58:40+00:00,Andre,-28.684228,26.45054,0,1405.6,10
2026-03-28T08:59:09+00:00,Andre,-28.68383,26.450402,28.7,1405.8,10
2026-03-28T08:59:16+00:00,Andre,-28.683246,26.450167,38,1405.1,10
2026-03-28T08:59:25+00:00,Andre,-28.68238,26.449822,41.8,1403.4,10
2026-03-28T08:59:35+00:00,Andre,-28.681542,26.4495,31.4,1402.7,10
2026-03-28T08:59:43+00:00,Andre,-28.680823,26.449217,43.7,1401.6,10
2026-03-28T08:59:50+00:00,Andre,-28.680092,26.448926,43.3,1400.5,10
2026-03-28T09:00:00+00:00,Andre,-28.679063,26.448512,44.9,1397.4,10
2026-03-28T09:00:10+00:00,Andre,-28.678047,26.448094,38.7,1395.6,10
2026-03-28T09:00:18+00:00,Andre,-28.677288,26.447814,42.1,1394.4,10
2026-03-28T09:00:18+00:00,Andre,-28.677288,26.447814,42.1,1394.4,10
2026-03-28T09:00:36+00:00,Andre,-28.675297,26.447021,48.4,1391.4,10
2026-03-28T09:00:46+00:00,Andre,-28.674107,26.446559,51,1389.6,10
2026-03-28T09:00:53+00:00,Andre,-28.673283,26.446212,49.4,1388.2,10
2026-03-28T09:01:00+00:00,Andre,-28.672512,26.445777,50.3,1386.7,10
2026-03-28T09:01:06+00:00,Andre,-28.671903,26.445267,49.1,1385.8,10
2026-03-28T09:01:21+00:00,Andre,-28.670496,26.443977,47.5,1382.6,10
2026-03-28T09:01:21+00:00,Andre,-28.670496,26.443977,47.5,1382.6,10
2026-03-28T09:01:40+00:00,Andre,-28.6687,26.44237,51.3,1377.7,10
2026-03-28T09:01:52+00:00,Andre,-28.667407,26.441248,53.8,1376.3,10
2026-03-28T09:03:57+00:00,Andre,-28.653738,26.426438,74,1372.9,10
2026-03-28T09:04:03+00:00,Andre,-28.652751,26.425857,71.8,1373.3,10
2026-03-28T09:04:11+00:00,Andre,-28.651583,26.425175,61.1,1373.9,10
2026-03-28T09:04:17+00:00,Andre,-28.650755,26.424701,62.4,1374.1,10
2026-03-28T09:04:24+00:00,Andre,-28.649767,26.424133,63.8,1374.4,10
2026-03-28T09:04:34+00:00,Andre,-28.648389,26.423325,60,1374.7,10
2026-03-28T09:04:40+00:00,Andre,-28.647601,26.422862,58.2,1374.8,10
2026-03-28T09:04:48+00:00,Andre,-28.646554,26.422256,58.2,1375.6,10
2026-03-28T09:04:55+00:00,Andre,-28.64566,26.421751,59.6,1375.6,10
2026-03-28T09:05:01+00:00,Andre,-28.644832,26.421274,62,1376,10
2026-03-28T09:05:08+00:00,Andre,-28.643882,26.420721,58.1,1376,10
2026-03-28T09:05:14+00:00,Andre,-28.643104,26.420271,59.7,1376,10
2026-03-28T09:05:21+00:00,Andre,-28.642162,26.419715,62.7,1376,10
2026-03-28T09:05:27+00:00,Andre,-28.641279,26.419208,66.8,1376,10
2026-03-28T09:05:35+00:00,Andre,-28.640106,26.418534,62.4,1376,10
2026-03-28T09:05:41+00:00,Andre,-28.639314,26.418073,56.7,1376.2,10
2026-03-28T09:06:00+00:00,Andre,-28.636499,26.417543,59.4,1378,10
2026-03-28T09:06:27+00:00,Andre,-28.63251,26.419902,72.7,1382.8,10
2026-03-28T09:06:43+00:00,Andre,-28.630134,26.42165,66,1386.4,10
2026-03-28T09:07:00+00:00,Andre,-28.627841,26.423089,66.7,1389.2,10
2026-03-28T09:07:01+00:00,Andre,-28.627679,26.423136,66.9,1389.2,10
2026-03-28T09:07:49+00:00,Andre,-28.620721,26.420125,60.9,1388.9,8
2026-03-28T09:08:07+00:00,Andre,-28.617649,26.41985,68.8,1385,10
2026-03-28T09:10:49+00:00,Andre,-28.597521,26.429429,0,1418.1,10
2026-03-28T09:11:26+00:00,Andre,-28.597527,26.429432,0,1418.6,9
2026-03-28T09:11:42+00:00,Andre,-28.597529,26.429427,0,1417.6,10
2026-03-28T09:11:58+00:00,Andre,-28.597528,26.429428,0,1416.9,10
2026-03-28T09:12:16+00:00,Andre,-28.597526,26.42943,0,1416.5,10
2026-03-28T09:12:32+00:00,Andre,-28.597529,26.429427,0.1,1417.2,9
2026-03-28T09:12:49+00:00,Andre,-28.597532,26.429435,1.4,1418,9
2026-03-28T09:13:06+00:00,Andre,-28.597561,26.429489,0.6,1416.3,10
2026-03-28T09:13:24+00:00,Andre,-28.597578,26.429533,7.2,1416.8,9
2026-03-28T09:13:40+00:00,Andre,-28.59793,26.430088,18.3,1417.7,9
2026-03-28T09:13:56+00:00,Andre,-28.597839,26.430612,20.6,1416.7,9
2026-03-28T09:14:12+00:00,Andre,-28.596919,26.431005,23.3,1415.9,8
2026-03-28T09:14:28+00:00,Andre,-28.595826,26.43144,31.8,1417.6,9
2026-03-28T09:14:45+00:00,Andre,-28.594556,26.43222,33.9,1421.1,9
2026-03-28T09:15:02+00:00,Andre,-28.594053,26.432943,18,1422.8,9
2026-03-28T09:15:18+00:00,Andre,-28.594214,26.433831,16.9,1423.7,9
2026-03-28T09:15:34+00:00,Andre,-28.594271,26.434016,0.1,1424,8
2026-03-28T09:15:52+00:00,Andre,-28.594149,26.434074,2.4,1423.5,9
2026-03-28T09:16:08+00:00,Andre,-28.594116,26.434064,0,1423.4,9
2026-03-28T09:16:25+00:00,Andre,-28.594111,26.434064,0.1,1423.1,9
2026-03-28T09:16:42+00:00,Andre,-28.594112,26.434065,0,1424.2,9
2026-03-28T09:16:58+00:00,Andre,-28.594109,26.434066,0,1425.1,9
2026-03-28T09:17:14+00:00,Andre,-28.594104,26.434064,0.1,1424.9,9
2026-03-28T09:17:31+00:00,Andre,-28.594105,26.434061,0,1424.7,8
2026-03-28T09:17:46+00:00,Andre,-28.594112,26.434055,0.1,1423,8
2026-03-28T09:17:51+00:00,Andre,-28.594113,26.434053,0,1422.6,8
2026-03-28T09:17:56+00:00,Andre,-28.594113,26.434052,0.1,1422.4,8
2026-03-28T09:18:01+00:00,Andre,-28.594112,26.434052,0.1,1422.5,7
2026-03-28T09:18:06+00:00,Andre,-28.594111,26.434052,0,1422.4,8
2026-03-28T09:18:11+00:00,Andre,-28.594109,26.434053,0,1422.7,8
2026-03-28T09:18:16+00:00,Andre,-28.594109,26.434053,0,1423.1,8
2026-03-28T09:18:21+00:00,Andre,-28.594107,26.434052,0,1423.4,8
2026-03-28T09:18:26+00:00,Andre,-28.594106,26.434051,0,1423.4,8
2026-03-28T09:18:31+00:00,Andre,-28.594105,26.434051,0.3,1423.4,8
2026-03-28T09:18:36+00:00,Andre,-28.594103,26.43405,0.1,1423.3,8
2026-03-28T09:18:41+00:00,Andre,-28.5941,26.434049,0,1423.2,8
2026-03-28T09:18:46+00:00,Andre,-28.5941,26.434048,0.1,1423.3,8
2026-03-28T09:18:51+00:00,Andre,-28.594102,26.434047,0,1423.6,8
2026-03-28T09:18:56+00:00,Andre,-28.594106,26.434046,0,1423.9,8
2026-03-28T09:19:01+00:00,Andre,-28.59411,26.434045,0,1424.1,8
2026-03-28T09:19:07+00:00,Andre,-28.594114,26.434045,0,1424.2,8
2026-03-28T09:19:12+00:00,Andre,-28.594117,26.434044,0,1424.3,8
2026-03-28T09:19:17+00:00,Andre,-28.59412,26.434043,0,1424.4,8
2026-03-28T09:19:22+00:00,Andre,-28.594121,26.434043,0,1424.3,8
2026-03-28T09:19:27+00:00,Andre,-28.594122,26.434043,0,1424.1,8
2026-03-28T09:19:32+00:00,Andre,-28.594123,26.434043,0,1424,8
2026-03-28T09:19:37+00:00,Andre,-28.594123,26.434041,0,1424,8
2026-03-28T09:19:42+00:00,Andre,-28.594123,26.43404,0,1424,8
2026-03-28T09:19:47+00:00,Andre,-28.594124,26.434038,0,1424,8
2026-03-28T09:19:52+00:00,Andre,-28.594126,26.434038,0.1,1424.2,8
2026-03-28T09:19:57+00:00,Andre,-28.594127,26.434038,0,1424.3,8
2026-03-28T09:20:02+00:00,Andre,-28.594129,26.434039,0,1424.5,8
2026-03-28T09:20:07+00:00,Andre,-28.594129,26.434039,0,1424.8,8
2026-03-28T09:20:12+00:00,Andre,-28.594129,26.43404,0,1425,8
2026-03-28T09:20:17+00:00,Andre,-28.594127,26.434041,0,1425.1,8
2026-03-28T09:20:22+00:00,Andre,-28.594127,26.434042,0,1425.3,8
2026-03-28T09:20:28+00:00,Andre,-28.594127,26.434044,0,1425.4,8
2026-03-28T09:20:33+00:00,Andre,-28.594127,26.434045,0,1425.5,8
2026-03-28T09:20:38+00:00,Andre,-28.594128,26.434046,0.1,1425.4,8
2026-03-28T09:20:43+00:00,Andre,-28.594129,26.434047,0,1425.3,8
2026-03-28T09:20:48+00:00,Andre,-28.594129,26.434047,0,1425.3,8
2026-03-28T09:20:53+00:00,Andre,-28.594129,26.434047,0,1425.3,8
2026-03-28T09:20:58+00:00,Andre,-28.59413,26.434047,0,1425.3,8
2026-03-28T09:21:03+00:00,Andre,-28.594131,26.434045,0,1425.3,8
2026-03-28T09:21:08+00:00,Andre,-28.594132,26.434044,0,1425.4,9
2026-03-28T09:21:13+00:00,Andre,-28.594133,26.434043,0,1425.4,9
2026-03-28T09:21:18+00:00,Andre,-28.594133,26.434043,0,1425.6,9
2026-03-28T09:21:23+00:00,Andre,-28.594132,26.434043,0,1425.8,9
2026-03-28T09:21:28+00:00,Andre,-28.594132,26.434044,0,1425.9,8
2026-03-28T09:21:33+00:00,Andre,-28.594132,26.434044,0,1426.1,9
2026-03-28T09:21:38+00:00,Andre,-28.594133,26.434045,0,1426.7,9
2026-03-28T09:21:43+00:00,Andre,-28.594134,26.434047,0,1427.3,9
2026-03-28T09:21:49+00:00,Andre,-28.594132,26.434048,0.1,1427.5,9
2026-03-28T09:21:54+00:00,Andre,-28.59413,26.434049,0,1427.5,8
2026-03-28T09:21:59+00:00,Andre,-28.594128,26.434049,0,1427.4,9
2026-03-28T09:22:04+00:00,Andre,-28.594125,26.434049,0.1,1427.4,8
2026-03-28T09:22:09+00:00,Andre,-28.594123,26.434049,0.1,1427.4,8
2026-03-28T09:22:14+00:00,Andre,-28.594121,26.434049,0,1427.2,8
2026-03-28T09:22:19+00:00,Andre,-28.594119,26.434049,0,1427.2,9
2026-03-28T09:22:24+00:00,Andre,-28.594117,26.43405,0,1427.5,8
2026-03-28T09:22:29+00:00,Andre,-28.594115,26.434051,0,1427.4,8
2026-03-28T09:22:34+00:00,Andre,-28.594114,26.434052,0.2,1427.1,8
2026-03-28T09:22:39+00:00,Andre,-28.594112,26.434052,0.1,1426.8,8
2026-03-28T09:22:44+00:00,Andre,-28.594111,26.434052,0.1,1426.5,9
2026-03-28T09:22:49+00:00,Andre,-28.594112,26.434052,0,1426.6,9
2026-03-28T09:22:54+00:00,Andre,-28.594113,26.434051,0,1426.5,9
2026-03-28T09:22:59+00:00,Andre,-28.594114,26.43405,0.1,1426.2,9
2026-03-28T09:23:04+00:00,Andre,-28.594116,26.43405,0.4,1425.9,9
2026-03-28T09:23:10+00:00,Andre,-28.594117,26.43405,0,1425.7,9
2026-03-28T09:23:15+00:00,Andre,-28.594118,26.434051,0,1425.4,9
2026-03-28T09:23:20+00:00,Andre,-28.59412,26.43405,0,1425.1,9
2026-03-28T09:23:25+00:00,Andre,-28.594123,26.434049,0,1425.2,9
2026-03-28T09:23:30+00:00,Andre,-28.594124,26.434049,0,1425.6,9
2026-03-28T09:23:35+00:00,Andre,-28.594127,26.434049,0.1,1426.1,9
2026-03-28T09:23:40+00:00,Andre,-28.594128,26.434051,0.2,1426.2,9
2026-03-28T09:23:45+00:00,Andre,-28.594129,26.434051,0,1426.1,9
2026-03-28T09:23:50+00:00,Andre,-28.59413,26.434052,0,1425.9,9
2026-03-28T09:23:55+00:00,Andre,-28.59413,26.434052,0,1425.8,9
2026-03-28T09:24:00+00:00,Andre,-28.59413,26.434052,0,1425.6,9
2026-03-28T09:24:05+00:00,Andre,-28.59413,26.434052,0.1,1425.4,9
2026-03-28T09:24:10+00:00,Andre,-28.594129,26.434052,0.1,1425.4,9
2026-03-28T09:24:15+00:00,Andre,-28.594128,26.434053,0.1,1425.4,9
2026-03-28T09:24:21+00:00,Andre,-28.594129,26.434054,0,1425.4,9
2026-03-28T09:24:26+00:00,Andre,-28.59413,26.434054,0,1425.5,9
2026-03-28T09:24:31+00:00,Andre,-28.594131,26.434053,0.1,1425.6,9
2026-03-28T09:24:36+00:00,Andre,-28.594132,26.434053,0.2,1425.9,9
2026-03-28T09:24:41+00:00,Andre,-28.594132,26.434051,0,1426.1,9
2026-03-28T09:24:46+00:00,Andre,-28.594132,26.434051,0.1,1426.4,9
2026-03-28T09:24:51+00:00,Andre,-28.594133,26.43405,0.1,1426.6,9
2026-03-28T09:24:56+00:00,Andre,-28.594133,26.434049,0.2,1426.7,9
2026-03-28T09:25:01+00:00,Andre,-28.594131,26.434048,0,1426.8,9
2026-03-28T09:25:06+00:00,Andre,-28.59413,26.434048,0,1426.7,9
2026-03-28T09:25:11+00:00,Andre,-28.59413,26.434047,0,1426.3,9
2026-03-28T09:25:16+00:00,Andre,-28.594131,26.434047,0,1425.8,9
2026-03-28T09:25:21+00:00,Andre,-28.594133,26.434046,0,1425.3,9
2026-03-28T09:25:26+00:00,Andre,-28.594134,26.434046,0,1425.1,9
2026-03-28T09:25:31+00:00,Andre,-28.594134,26.434046,0.1,1425.2,9
2026-03-28T09:25:36+00:00,Andre,-28.594136,26.434047,0.1,1425.4,9
2026-03-28T09:25:41+00:00,Andre,-28.594136,26.434047,0,1425.6,9
2026-03-28T09:25:46+00:00,Andre,-28.594136,26.434047,0.1,1426,9
2026-03-28T09:25:52+00:00,Andre,-28.594134,26.434047,0,1426.3,9
2026-03-28T09:25:57+00:00,Andre,-28.594134,26.434048,0.1,1426.3,9
2026-03-28T09:26:02+00:00,Andre,-28.594136,26.434048,0.1,1426.2,9
2026-03-28T09:26:07+00:00,Andre,-28.594136,26.434048,0.1,1425.9,9
2026-03-28T09:26:12+00:00,Andre,-28.594137,26.434047,0,1425.8,9
2026-03-28T09:39:38+00:00,Andre,-28.594182,26.43403,4,1423.9,7
2026-03-28T09:39:46+00:00,Andre,-28.594232,26.434037,2.7,1427.9,8
2026-03-28T09:39:48+00:00,Andre,-28.59423,26.434039,1.6,1427.7,8
2026-03-28T09:40:15+00:00,Andre,-28.594172,26.434052,0.2,1426.9,9
2026-03-28T09:40:21+00:00,Andre,-28.594165,26.43405,0,1427,9
2026-03-28T09:40:24+00:00,Andre,-28.594161,26.43405,0.2,1427.1,9
2026-03-28T09:40:50+00:00,Andre,-28.59416,26.434044,0,1426.8,9
2026-03-28T09:40:56+00:00,Andre,-28.594165,26.434041,0,1426.7,9
2026-03-28T09:41:00+00:00,Andre,-28.594167,26.43404,0.1,1427,9
2026-03-28T09:41:25+00:00,Andre,-28.594162,26.434042,0.1,1425.9,9
2026-03-28T09:41:31+00:00,Andre,-28.594166,26.434041,0,1425.5,9
2026-03-28T09:41:56+00:00,Andre,-28.594166,26.434041,0,1425,9
2026-03-28T09:42:02+00:00,Andre,-28.594162,26.434041,0,1425.2,9
2026-03-28T09:42:07+00:00,Andre,-28.59416,26.434041,0,1425.3,9
2026-03-28T09:42:11+00:00,Andre,-28.59416,26.434041,0,1425,9
2026-03-28T09:42:38+00:00,Andre,-28.594147,26.434037,0,1425.2,9
2026-03-28T09:42:45+00:00,Andre,-28.59414,26.434037,0,1426.4,9
2026-03-28T09:42:47+00:00,Andre,-28.594137,26.434037,0,1427,9
2026-03-28T09:43:06+00:00,Andre,-28.59413,26.434038,0,1427,9
2026-03-28T09:43:13+00:00,Andre,-28.594133,26.434038,0,1426,9
2026-03-28T09:43:19+00:00,Andre,-28.594137,26.434038,0,1425.4,9
2026-03-28T09:43:24+00:00,Andre,-28.59414,26.434038,0,1424.9,9
2026-03-28T09:43:31+00:00,Andre,-28.594144,26.434038,0,1424.4,9
2026-03-28T09:43:37+00:00,Andre,-28.594144,26.434039,0,1424,9
2026-03-28T09:43:43+00:00,Andre,-28.594141,26.43404,0,1423.9,9
2026-03-28T09:43:49+00:00,Andre,-28.594139,26.43404,0,1424.1,9
2026-03-28T09:43:55+00:00,Andre,-28.594136,26.43404,0,1424.5,9
2026-03-28T09:44:01+00:00,Andre,-28.594131,26.434041,0,1425.3,9
2026-03-28T09:44:07+00:00,Andre,-28.594126,26.434042,0.1,1426,9
2026-03-28T09:44:13+00:00,Andre,-28.594121,26.434042,0.1,1426.4,9
2026-03-28T09:44:20+00:00,Andre,-28.594118,26.434041,0,1427,9
2026-03-28T09:44:25+00:00,Andre,-28.594117,26.43404,0,1427.4,9
2026-03-28T09:44:32+00:00,Andre,-28.594121,26.434041,0,1427.8,9
2026-03-28T09:44:38+00:00,Andre,-28.594123,26.434042,0,1428.2,9
2026-03-28T09:44:44+00:00,Andre,-28.594126,26.434042,0,1428.3,9
2026-03-28T09:44:50+00:00,Andre,-28.594129,26.434042,0,1428,9
2026-03-28T09:44:56+00:00,Andre,-28.594129,26.434043,0,1427.8,9
2026-03-28T09:45:03+00:00,Andre,-28.594128,26.434042,0,1428.2,9
2026-03-28T09:45:09+00:00,Andre,-28.594128,26.434041,0,1428.8,9
2026-03-28T09:45:15+00:00,Andre,-28.594131,26.434041,0,1428.8,9
2026-03-28T09:45:22+00:00,Andre,-28.594135,26.434041,0,1428.7,9
2026-03-28T09:45:28+00:00,Andre,-28.594136,26.43404,0,1429,9
2026-03-28T09:45:35+00:00,Andre,-28.594135,26.43404,0,1429.8,9
2026-03-28T09:45:41+00:00,Andre,-28.594134,26.43404,0,1430.3,9
2026-03-28T09:45:47+00:00,Andre,-28.594134,26.434041,0,1430.5,9
2026-03-28T09:45:53+00:00,Andre,-28.594134,26.434042,0,1431,9
2026-03-28T09:46:00+00:00,Andre,-28.594133,26.434042,0.1,1431.4,9
2026-03-28T09:46:06+00:00,Andre,-28.594135,26.434043,0,1431.8,9
2026-03-28T09:46:12+00:00,Andre,-28.594138,26.434044,0,1431.8,9
2026-03-28T09:46:18+00:00,Andre,-28.59414,26.434047,0.1,1431.4,9
2026-03-28T09:46:25+00:00,Andre,-28.594139,26.434049,0.1,1431.4,9
2026-03-28T09:46:31+00:00,Andre,-28.59414,26.434051,0,1431,9
2026-03-28T09:46:37+00:00,Andre,-28.59414,26.434051,0,1430.5,9
2026-03-28T09:46:43+00:00,Andre,-28.59414,26.434052,0,1430,9
2026-03-28T09:46:50+00:00,Andre,-28.594139,26.434051,0,1429.5,9
2026-03-28T09:46:56+00:00,Andre,-28.594139,26.43405,0.1,1429,9
2026-03-28T09:47:07+00:00,Andre,-28.594141,26.434049,0,1428.3,9
2026-03-28T09:47:14+00:00,Andre,-28.59414,26.434048,0.1,1428.1,9
2026-03-28T09:47:20+00:00,Andre,-28.594139,26.434048,0,1428.1,9
2026-03-28T09:47:26+00:00,Andre,-28.594142,26.434048,0,1428.1,9
2026-03-28T09:47:33+00:00,Andre,-28.594148,26.434049,0,1428.3,9
2026-03-28T09:47:39+00:00,Andre,-28.594154,26.434049,0.1,1428.2,9
2026-03-28T09:47:46+00:00,Andre,-28.594155,26.43405,0.1,1428.3,9
2026-03-28T09:47:52+00:00,Andre,-28.594155,26.43405,0.1,1428.3,9
2026-03-28T09:47:58+00:00,Andre,-28.594154,26.43405,0.1,1428.4,9
2026-03-28T09:48:05+00:00,Andre,-28.594149,26.434049,0.1,1428.7,9
2026-03-28T09:48:11+00:00,Andre,-28.594144,26.434048,0,1428.7,9
2026-03-28T09:48:17+00:00,Andre,-28.594141,26.434048,0,1428.6,9
2026-03-28T09:48:23+00:00,Andre,-28.594142,26.434049,0,1428.4,9
2026-03-28T09:48:30+00:00,Andre,-28.594141,26.434048,0,1428.1,9
2026-03-28T09:48:36+00:00,Andre,-28.59414,26.434047,0,1428,9
2026-03-28T09:48:43+00:00,Andre,-28.594139,26.434047,0,1427.8,9
2026-03-28T09:48:50+00:00,Andre,-28.594136,26.434047,0.1,1427.6,9
2026-03-28T09:48:56+00:00,Andre,-28.594135,26.434048,0,1427.4,9
2026-03-28T09:49:03+00:00,Andre,-28.594139,26.43405,0,1427.2,9
2026-03-28T09:49:09+00:00,Andre,-28.594139,26.434051,0.1,1427,9
2026-03-28T09:49:15+00:00,Andre,-28.594139,26.43405,0,1426.8,9
2026-03-28T09:49:22+00:00,Andre,-28.594136,26.43405,0.1,1427,9
2026-03-28T09:49:28+00:00,Andre,-28.594133,26.434048,0.1,1427.2,8
2026-03-28T09:49:35+00:00,Andre,-28.59413,26.434047,0,1427.2,9
2026-03-28T09:49:41+00:00,Andre,-28.594129,26.434047,0,1427.2,9
2026-03-28T09:49:47+00:00,Andre,-28.594127,26.434047,0,1427.1,9
2026-03-28T09:49:53+00:00,Andre,-28.594125,26.434047,0.1,1427.3,8
2026-03-28T09:50:00+00:00,Andre,-28.594123,26.434047,0,1427.5,9
2026-03-28T09:50:06+00:00,Andre,-28.594121,26.434046,0,1427.8,9
2026-03-28T09:50:12+00:00,Andre,-28.594119,26.434046,0,1427.8,9
2026-03-28T09:50:19+00:00,Andre,-28.594117,26.434045,0.1,1427.8,9
2026-03-28T09:50:25+00:00,Andre,-28.594116,26.434045,0,1427.8,9
2026-03-28T09:50:31+00:00,Andre,-28.594114,26.434045,0,1427.6,9
2026-03-28T09:50:38+00:00,Andre,-28.594114,26.434045,0,1427.6,9
2026-03-28T09:50:44+00:00,Andre,-28.594113,26.434044,0.1,1427.7,9
2026-03-28T09:50:50+00:00,Andre,-28.594113,26.434043,0,1427.8,9
2026-03-28T09:50:56+00:00,Andre,-28.594112,26.434042,0.1,1428.2,9
2026-03-28T09:51:02+00:00,Andre,-28.59411,26.434041,0,1428.6,9
2026-03-28T09:51:08+00:00,Andre,-28.594108,26.43404,0,1428.9,9
2026-03-28T09:51:15+00:00,Andre,-28.594106,26.43404,0.1,1429.3,9
2026-03-28T09:51:21+00:00,Andre,-28.594104,26.43404,0.1,1429.3,9
2026-03-28T09:51:27+00:00,Andre,-28.594102,26.434039,0,1429.3,9
2026-03-28T09:51:34+00:00,Andre,-28.5941,26.434038,0,1429.1,9
2026-03-28T09:51:40+00:00,Andre,-28.594099,26.434037,0,1428.8,9
2026-03-28T09:51:46+00:00,Andre,-28.594098,26.434036,0,1428.6,9
2026-03-28T09:51:52+00:00,Andre,-28.594097,26.434036,0.1,1428.5,9
2026-03-28T09:51:59+00:00,Andre,-28.594094,26.434036,0,1428.7,9
2026-03-28T09:52:05+00:00,Andre,-28.594095,26.434036,0,1428.9,9
2026-03-28T09:52:11+00:00,Andre,-28.594096,26.434035,0,1429,9
2026-03-28T09:52:17+00:00,Andre,-28.5941,26.434036,0,1429.1,9
2026-03-28T09:52:23+00:00,Andre,-28.594104,26.434038,0.1,1429.1,9
2026-03-28T09:52:29+00:00,Andre,-28.594108,26.434039,0,1428.9,9
2026-03-28T09:52:35+00:00,Andre,-28.594111,26.434041,0,1428.9,9
2026-03-28T09:52:41+00:00,Andre,-28.594114,26.434043,0,1429.2,9
2026-03-28T09:52:47+00:00,Andre,-28.594115,26.434044,0.1,1429.6,9
2026-03-28T09:52:54+00:00,Andre,-28.594117,26.434045,0,1429.7,9
2026-03-28T09:53:00+00:00,Andre,-28.594118,26.434046,0,1429.3,9
2026-03-28T09:53:07+00:00,Andre,-28.59412,26.434048,0,1428.8,9
2026-03-28T09:53:13+00:00,Andre,-28.59412,26.434049,0,1428.2,9
2026-03-28T09:53:19+00:00,Andre,-28.594119,26.434049,0,1428,9
2026-03-28T09:53:26+00:00,Andre,-28.594117,26.43405,0,1428.1,9
2026-03-28T09:53:32+00:00,Andre,-28.594116,26.434051,0,1428,9
2026-03-28T09:53:38+00:00,Andre,-28.594113,26.434051,0.1,1428.1,9
2026-03-28T09:53:44+00:00,Andre,-28.594112,26.43405,0.1,1428.2,9
2026-03-28T09:53:50+00:00,Andre,-28.594111,26.43405,0,1428.2,9
2026-03-28T09:53:57+00:00,Andre,-28.594114,26.434051,0.1,1428.1,9
2026-03-28T09:54:03+00:00,Andre,-28.594116,26.434053,0,1428,9
2026-03-28T09:54:09+00:00,Andre,-28.594117,26.434054,0.1,1427.9,9
2026-03-28T09:54:15+00:00,Andre,-28.59412,26.434055,0.1,1427.7,9
2026-03-28T09:54:21+00:00,Andre,-28.594121,26.434056,0.1,1427.3,9
2026-03-28T09:54:27+00:00,Andre,-28.594121,26.434057,0,1427.1,9
2026-03-28T09:54:33+00:00,Andre,-28.594121,26.434058,0,1427.1,9
2026-03-28T09:54:39+00:00,Andre,-28.594121,26.434059,0,1427,9
2026-03-28T09:54:45+00:00,Andre,-28.594125,26.434062,0,1427,9
2026-03-28T09:54:51+00:00,Andre,-28.594127,26.434065,0.1,1426.9,9
2026-03-28T09:54:58+00:00,Andre,-28.594127,26.434068,0.1,1427,9
2026-03-28T09:55:04+00:00,Andre,-28.594126,26.434069,0.1,1427,9
2026-03-28T09:55:10+00:00,Andre,-28.594124,26.43407,0,1426.9,9
2026-03-28T09:55:16+00:00,Andre,-28.594123,26.43407,0,1426.9,8
2026-03-28T09:55:22+00:00,Andre,-28.594122,26.434069,0.1,1426.7,9
2026-03-28T09:55:29+00:00,Andre,-28.59412,26.434067,0.1,1426.7,8
2026-03-28T09:55:35+00:00,Andre,-28.594121,26.434067,0.1,1426.8,9
2026-03-28T09:55:42+00:00,Andre,-28.594125,26.434066,0,1426.8,9
2026-03-28T09:55:48+00:00,Andre,-28.594128,26.434067,0.1,1426.7,9
2026-03-28T09:58:36+00:00,Andre,-28.59412,26.434065,0.7,0,0
2026-03-28T09:58:42+00:00,Andre,-28.594121,26.434066,0,1427.2,8
2026-03-28T09:58:48+00:00,Andre,-28.59412,26.434065,0,1427.3,8
2026-03-28T09:58:54+00:00,Andre,-28.594122,26.434062,0,1426.9,8
2026-03-28T09:59:00+00:00,Andre,-28.594124,26.43406,0,1426.5,8
2026-03-28T09:59:07+00:00,Andre,-28.594124,26.434057,0,1425.9,8
2026-03-28T09:59:12+00:00,Andre,-28.594121,26.434055,0,1425.6,8
2026-03-28T09:59:18+00:00,Andre,-28.594118,26.434052,0,1425,8
2026-03-28T09:59:25+00:00,Andre,-28.594114,26.434052,0.1,1424.5,8
2026-03-28T09:59:31+00:00,Andre,-28.594114,26.434053,0.1,1424.3,8
2026-03-28T09:59:37+00:00,Andre,-28.594115,26.434054,0,1424.6,8
2026-03-28T09:59:43+00:00,Andre,-28.594114,26.434053,0,1425.1,8
2026-03-28T09:59:49+00:00,Andre,-28.594114,26.434054,0.1,1425.3,8
2026-03-28T09:59:55+00:00,Andre,-28.594116,26.434057,0,1425.4,8
2026-03-28T10:00:01+00:00,Andre,-28.594117,26.434058,0.1,1425.6,9
2026-03-28T10:00:07+00:00,Andre,-28.59412,26.43406,0,1425.6,8
2026-03-28T10:00:13+00:00,Andre,-28.594125,26.434062,0,1425.6,8
2026-03-28T10:00:20+00:00,Andre,-28.594129,26.434064,0,1425.9,8
2026-03-28T10:00:26+00:00,Andre,-28.594132,26.434065,0,1426.3,9
2026-03-28T10:00:32+00:00,Andre,-28.594134,26.434067,0,1426.6,9
2026-03-28T10:00:38+00:00,Andre,-28.594131,26.434067,0,1426.8,9
2026-03-28T10:00:44+00:00,Andre,-28.594128,26.434068,0,1427,9
2026-03-28T10:00:50+00:00,Andre,-28.594127,26.434067,0,1426.9,9
2026-03-28T10:00:56+00:00,Andre,-28.594129,26.434066,0.1,1426.8,9
2026-03-28T10:01:02+00:00,Andre,-28.594131,26.434064,0,1426.7,9
2026-03-28T10:01:08+00:00,Andre,-28.594131,26.434062,0,1426.9,9
2026-03-28T10:01:14+00:00,Andre,-28.59413,26.434061,0,1427.1,9
2026-03-28T10:01:20+00:00,Andre,-28.594127,26.43406,0.1,1427,9
2026-03-28T10:01:26+00:00,Andre,-28.594126,26.43406,0,1426.7,9
2026-03-28T10:01:32+00:00,Andre,-28.594126,26.43406,0,1426.3,9
2026-03-28T10:17:11+00:00,Andre,-28.594188,26.434033,6.1,1420.8,9
2026-03-28T10:17:20+00:00,Andre,-28.594284,26.434082,8.7,1431.7,8
2026-03-28T10:17:27+00:00,Andre,-28.59429,26.434088,0.1,1434.1,8
2026-03-28T10:17:33+00:00,Andre,-28.59426,26.434083,0,1433.3,8
2026-03-28T10:17:39+00:00,Andre,-28.594237,26.434075,0,1431.9,8
2026-03-28T10:17:46+00:00,Andre,-28.594217,26.434065,0,1430,8
2026-03-28T10:17:53+00:00,Andre,-28.594205,26.434057,0,1428.8,9
2026-03-28T10:17:58+00:00,Andre,-28.5942,26.434053,0.1,1427.8,8
2026-03-28T10:18:05+00:00,Andre,-28.594194,26.434048,0,1427.2,8
2026-03-28T10:18:11+00:00,Andre,-28.594186,26.434045,0,1426.8,8
2026-03-28T10:18:17+00:00,Andre,-28.594179,26.434041,0,1426.2,8
2026-03-28T10:18:23+00:00,Andre,-28.594173,26.434037,0.1,1425.7,8
2026-03-28T10:18:29+00:00,Andre,-28.594169,26.434034,0.1,1425.2,8
2026-03-28T10:18:35+00:00,Andre,-28.594167,26.434031,0.1,1424.7,8
2026-03-28T10:18:42+00:00,Andre,-28.594175,26.434026,0.1,1424.5,8
2026-03-28T10:18:48+00:00,Andre,-28.594182,26.434023,0.1,1424.5,9
2026-03-28T10:18:54+00:00,Andre,-28.594184,26.434021,0.1,1424.6,9
2026-03-28T10:19:01+00:00,Andre,-28.594179,26.434021,0,1424.2,8
2026-03-28T10:19:07+00:00,Andre,-28.594175,26.43402,0.1,1423.9,8
2026-03-28T10:19:13+00:00,Andre,-28.594172,26.43402,0,1423.8,8
2026-03-28T10:19:20+00:00,Andre,-28.594172,26.43402,0.1,1423.8,8
2026-03-28T10:19:26+00:00,Andre,-28.594174,26.43402,0.1,1424,9
2026-03-28T10:19:32+00:00,Andre,-28.594176,26.434021,0,1424.4,8
2026-03-28T10:19:39+00:00,Andre,-28.594172,26.434022,0,1424.5,8
2026-03-28T10:19:45+00:00,Andre,-28.594167,26.434022,0,1424.1,8
2026-03-28T10:19:52+00:00,Andre,-28.594164,26.434023,0,1423.8,9
2026-03-28T10:19:57+00:00,Andre,-28.594165,26.434023,0,1423.8,8
2026-03-28T10:20:04+00:00,Andre,-28.594166,26.434026,0.1,1424.1,9
2026-03-28T10:20:10+00:00,Andre,-28.594166,26.434027,0,1424.2,9
2026-03-28T10:20:16+00:00,Andre,-28.594167,26.434026,0.1,1424.4,9
2026-03-28T10:20:22+00:00,Andre,-28.594167,26.434024,0,1424.6,9
2026-03-28T10:20:28+00:00,Andre,-28.594169,26.434025,0.1,1424.9,9
2026-03-28T10:20:34+00:00,Andre,-28.594174,26.434027,0.1,1425,9
2026-03-28T10:48:00+00:00,Andre,-28.594169,26.434047,2.6,1432.2,10
2026-03-28T10:48:07+00:00,Andre,-28.594173,26.434051,0.2,1432.4,10
2026-03-28T10:48:13+00:00,Andre,-28.594173,26.434052,0.5,1431.6,10
2026-03-28T10:48:19+00:00,Andre,-28.594167,26.434049,0.2,1431.1,10
2026-03-28T10:48:27+00:00,Andre,-28.594158,26.434047,0,1430.9,11
2026-03-28T10:48:33+00:00,Andre,-28.594151,26.434046,0,1430.3,11
2026-03-28T10:48:40+00:00,Andre,-28.594149,26.434045,0,1430,11
2026-03-28T10:48:46+00:00,Andre,-28.594155,26.434044,0,1429.8,10
2026-03-28T10:48:53+00:00,Andre,-28.594165,26.434041,0,1429.5,10
2026-03-28T10:48:59+00:00,Andre,-28.594169,26.434039,0,1430,11
2026-03-28T10:49:05+00:00,Andre,-28.594168,26.434039,0.1,1430.3,11
2026-03-28T10:49:12+00:00,Andre,-28.594164,26.43404,0,1430.3,11
2026-03-28T10:49:18+00:00,Andre,-28.594161,26.43404,0,1430.3,11
2026-03-28T10:49:25+00:00,Andre,-28.594159,26.434037,0,1430.5,11
2026-03-28T10:49:31+00:00,Andre,-28.594161,26.434034,0.1,1430.4,11
2026-03-28T10:49:38+00:00,Andre,-28.594164,26.434032,0,1430.1,11
2026-03-28T10:49:44+00:00,Andre,-28.594165,26.434032,0,1430,11
2026-03-28T10:49:51+00:00,Andre,-28.594164,26.434031,0.2,1430.1,11
2026-03-28T10:49:57+00:00,Andre,-28.59416,26.43403,0.1,1430,11
2026-03-28T10:50:03+00:00,Andre,-28.594156,26.43403,0,1429.6,11
2026-03-28T10:50:09+00:00,Andre,-28.594153,26.434029,0,1429.3,11
2026-03-28T10:50:15+00:00,Andre,-28.594152,26.434028,0,1429.4,11
2026-03-28T10:50:21+00:00,Andre,-28.59415,26.434027,0,1429.1,11
2026-03-28T10:50:27+00:00,Andre,-28.594193,26.434069,6.3,1428.8,11
2026-03-28T10:50:33+00:00,Andre,-28.594117,26.434234,13.8,1428.5,11
2026-03-28T10:50:40+00:00,Andre,-28.593972,26.434467,12,1427.9,11
2026-03-28T10:50:46+00:00,Andre,-28.593802,26.434618,13.3,1427,10
2026-03-28T10:50:52+00:00,Andre,-28.593778,26.434804,8.6,1426.5,11
2026-03-28T10:50:59+00:00,Andre,-28.593782,26.434836,0.1,1426.4,11
2026-03-28T10:51:05+00:00,Andre,-28.593785,26.434866,5.8,1426,10
2026-03-28T10:51:12+00:00,Andre,-28.593802,26.435054,13.9,1425.4,10
2026-03-28T10:51:18+00:00,Andre,-28.593774,26.435325,16.8,1425.1,11
2026-03-28T10:51:24+00:00,Andre,-28.593787,26.435636,19,1424.9,11
2026-03-28T10:51:31+00:00,Andre,-28.593848,26.436009,19.2,1424.7,11
2026-03-28T10:51:37+00:00,Andre,-28.593768,26.436328,20.1,1423.9,11
2026-03-28T10:51:44+00:00,Andre,-28.593618,26.436702,19.5,1422.8,11
2026-03-28T10:51:50+00:00,Andre,-28.593484,26.437018,22.5,1421.6,11
2026-03-28T10:51:56+00:00,Andre,-28.59347,26.437266,10.1,1421,11
2026-03-28T10:52:03+00:00,Andre,-28.593549,26.437524,18.6,1420.5,11
2026-03-28T10:52:09+00:00,Andre,-28.593518,26.437877,23.2,1419.6,10
2026-03-28T10:52:15+00:00,Andre,-28.593427,26.43828,25.1,1419.9,11
2026-03-28T10:52:21+00:00,Andre,-28.593317,26.438686,24.9,1420.2,10
2026-03-28T10:52:28+00:00,Andre,-28.593132,26.439106,22.2,1421.7,11
2026-03-28T10:52:34+00:00,Andre,-28.59297,26.43946,25.1,1422.1,11
2026-03-28T10:52:40+00:00,Andre,-28.592824,26.439862,24.7,1422.8,11
2026-03-28T10:52:46+00:00,Andre,-28.592693,26.440264,26.1,1423.1,11
2026-03-28T10:52:53+00:00,Andre,-28.592536,26.440802,30.1,1423.7,10
2026-03-28T10:53:00+00:00,Andre,-28.592362,26.44138,32.2,1424.7,11
2026-03-28T10:53:06+00:00,Andre,-28.592153,26.441887,29.3,1426.2,11
2026-03-28T10:53:12+00:00,Andre,-28.592002,26.442235,21,1426.6,11
2026-03-28T10:53:19+00:00,Andre,-28.591851,26.442602,18.8,1427.3,11
2026-03-28T10:53:25+00:00,Andre,-28.591751,26.442869,18.2,1427.6,11
2026-03-28T10:53:31+00:00,Andre,-28.591642,26.4432,22.6,1428,11
2026-03-28T10:53:37+00:00,Andre,-28.591548,26.443601,24.7,1428.4,11
2026-03-28T10:53:43+00:00,Andre,-28.591488,26.444015,25.4,1429.3,11
2026-03-28T10:53:50+00:00,Andre,-28.591402,26.444538,27.3,1430.8,10
2026-03-28T10:53:56+00:00,Andre,-28.59125,26.444954,26,1431.6,11
2026-03-28T10:54:02+00:00,Andre,-28.591127,26.445355,24.2,1432.5,10
2026-03-28T10:54:08+00:00,Andre,-28.59109,26.445753,23.8,1433.4,11
2026-03-28T10:54:15+00:00,Andre,-28.591124,26.446248,25.3,1434.8,11
2026-03-28T10:54:21+00:00,Andre,-28.591151,26.446677,26.7,1435.8,11
2026-03-28T10:54:27+00:00,Andre,-28.59116,26.447139,27.9,1436.9,11
2026-03-28T10:54:33+00:00,Andre,-28.591064,26.447603,28.2,1437.7,10
2026-03-28T10:54:40+00:00,Andre,-28.590981,26.447809,0.1,1438.3,11
2026-03-28T10:54:46+00:00,Andre,-28.590979,26.447811,0,1438.4,11
2026-03-28T10:54:53+00:00,Andre,-28.590979,26.447812,0,1438.8,11
2026-03-28T10:54:59+00:00,Andre,-28.59098,26.447811,0,1439.4,11
2026-03-28T10:55:05+00:00,Andre,-28.590979,26.447811,0,1439.8,10
2026-03-28T10:55:12+00:00,Andre,-28.590978,26.447813,0,1440.4,10
2026-03-28T10:55:18+00:00,Andre,-28.590977,26.447815,0,1440.6,10
2026-03-28T10:55:25+00:00,Andre,-28.590976,26.447816,0,1440.7,10
2026-03-28T10:55:32+00:00,Andre,-28.590976,26.447817,0,1440.7,10
2026-03-28T10:55:38+00:00,Andre,-28.590977,26.447817,0.1,1440.8,10
2026-03-28T10:55:45+00:00,Andre,-28.590978,26.447817,0,1440.7,9
2026-03-28T10:55:51+00:00,Andre,-28.59098,26.447816,0.5,1440.5,10
2026-03-28T10:55:58+00:00,Andre,-28.59094,26.447903,8,1440.8,10
2026-03-28T10:56:04+00:00,Andre,-28.590872,26.44804,5.5,1441.1,10
2026-03-28T10:56:11+00:00,Andre,-28.590837,26.44812,11.1,1441.3,10
2026-03-28T10:56:17+00:00,Andre,-28.590802,26.448346,15,1441.9,10
2026-03-28T10:56:24+00:00,Andre,-28.590758,26.448698,19.6,1442.4,10
2026-03-28T10:56:30+00:00,Andre,-28.590689,26.449053,23,1444,9
2026-03-28T10:56:37+00:00,Andre,-28.590592,26.449529,26.2,1446,9
2026-03-28T10:56:43+00:00,Andre,-28.5905,26.449942,23,1448,9
2026-03-28T10:56:50+00:00,Andre,-28.590313,26.450322,22.8,1449.5,10
2026-03-28T10:56:56+00:00,Andre,-28.590083,26.450614,23.4,1450.5,10
2026-03-28T10:57:02+00:00,Andre,-28.589784,26.450865,24.7,1451,10
2026-03-28T10:57:09+00:00,Andre,-28.589469,26.451164,22.3,1451.4,10
2026-03-28T10:57:16+00:00,Andre,-28.589157,26.451456,23.9,1452.2,10
2026-03-28T10:57:22+00:00,Andre,-28.588866,26.451733,26.3,1453.6,10
2026-03-28T10:57:28+00:00,Andre,-28.588684,26.452065,18.7,1455,10
2026-03-28T10:57:35+00:00,Andre,-28.588536,26.45236,18,1455.9,10
2026-03-28T10:57:41+00:00,Andre,-28.588379,26.452593,16.3,1457.1,10
2026-03-28T10:57:48+00:00,Andre,-28.588191,26.452764,8.6,1457.8,10
2026-03-28T10:57:54+00:00,Andre,-28.588165,26.452778,0,1458,9
2026-03-28T10:58:00+00:00,Andre,-28.588166,26.452777,0,1458.1,9
2026-03-28T10:58:06+00:00,Andre,-28.588167,26.452777,0,1458.2,9
2026-03-28T10:58:13+00:00,Andre,-28.588166,26.452776,0,1458.4,9
2026-03-28T10:58:19+00:00,Andre,-28.588166,26.452776,0,1458.4,9
2026-03-28T10:58:25+00:00,Andre,-28.588166,26.452774,0,1458.1,9
2026-03-28T10:58:32+00:00,Andre,-28.588168,26.452772,0,1458.3,9
2026-03-28T10:58:38+00:00,Andre,-28.588168,26.452772,0.1,1458.8,10
2026-03-28T10:58:45+00:00,Andre,-28.588166,26.452774,0.1,1458.8,10
2026-03-28T10:58:51+00:00,Andre,-28.588101,26.452798,9.8,1458.9,10
2026-03-28T10:58:58+00:00,Andre,-28.587843,26.452739,20.5,1458.9,10
2026-03-28T10:59:04+00:00,Andre,-28.587584,26.452639,16.5,1459.3,10
2026-03-28T10:59:10+00:00,Andre,-28.587493,26.452847,15.4,1460.7,10
2026-03-28T10:59:17+00:00,Andre,-28.587293,26.453077,17.8,1460.8,10
2026-03-28T10:59:23+00:00,Andre,-28.587076,26.453243,17.9,1462.8,10
2026-03-28T10:59:29+00:00,Andre,-28.586932,26.453525,21.1,1463,10
2026-03-28T10:59:35+00:00,Andre,-28.586804,26.453871,20.4,1461.5,10
2026-03-28T10:59:42+00:00,Andre,-28.586678,26.454189,16.2,1459.4,10
2026-03-28T10:59:49+00:00,Andre,-28.586481,26.454397,16.5,1458.4,10
2026-03-28T10:59:55+00:00,Andre,-28.586334,26.454622,18.9,1456.7,9
2026-03-28T11:00:01+00:00,Andre,-28.586289,26.454953,18.4,1455.8,9
2026-03-28T11:00:08+00:00,Andre,-28.586088,26.455262,22.1,1454,10
2026-03-28T11:00:20+00:00,Andre,-28.585647,26.455667,18.3,1452.3,10
2026-03-28T11:00:30+00:00,Andre,-28.585188,26.455582,17.3,1451.6,10
2026-03-28T11:00:30+00:00,Andre,-28.585188,26.455582,17.3,1451.6,10
2026-03-28T11:00:31+00:00,Andre,-28.58515,26.455557,16.9,1451.6,10
2026-03-28T11:00:54+00:00,Andre,-28.585033,26.456135,9.7,1446.9,10
2026-03-28T11:01:00+00:00,Andre,-28.585027,26.456146,1.6,1447.1,10
2026-03-28T11:01:07+00:00,Andre,-28.585041,26.456162,6.4,1447.1,9
2026-03-28T11:01:07+00:00,Andre,-28.585041,26.456162,6.4,1447.1,9
2026-03-28T11:01:15+00:00,Andre,-28.58505,26.456206,9.1,1447.5,9
2026-03-28T11:01:34+00:00,Andre,-28.584494,26.456381,16.4,1449.2,9
2026-03-28T11:01:40+00:00,Andre,-28.584333,26.456341,3.2,1447,9
2026-03-28T11:01:47+00:00,Andre,-28.584295,26.456465,3,1446.9,9
2026-03-28T11:01:53+00:00,Andre,-28.5843,26.456466,0,1447.9,9
2026-03-28T11:01:59+00:00,Andre,-28.584303,26.456465,0,1448.6,9
2026-03-28T11:02:06+00:00,Andre,-28.584303,26.456463,0,1448.8,9
2026-03-28T11:46:32+00:00,Andre,-28.584311,26.456436,5,1452.6,9
2026-03-28T11:46:32+00:00,Andre,-28.584311,26.456436,5,1452.6,9
2026-03-28T11:46:37+00:00,Andre,-28.584325,26.456393,6.5,1451.6,9
2026-03-28T11:46:37+00:00,Andre,-28.584325,26.456393,6.5,1451.6,9
2026-03-28T11:46:42+00:00,Andre,-28.584496,26.456391,21.1,1452.9,9
2026-03-28T11:46:42+00:00,Andre,-28.584496,26.456391,21.1,1452.9,9
2026-03-28T11:46:47+00:00,Andre,-28.584768,26.456354,28.6,1451.7,9
2026-03-28T11:46:47+00:00,Andre,-28.584768,26.456354,28.6,1451.7,9
2026-03-28T11:46:53+00:00,Andre,-28.585095,26.456096,25.9,1449.5,9
2026-03-28T11:46:53+00:00,Andre,-28.585095,26.456096,25.9,1449.5,9
2026-03-28T11:46:58+00:00,Andre,-28.585041,26.455779,25.2,1450.7,9
2026-03-28T11:46:58+00:00,Andre,-28.585041,26.455779,25.2,1450.7,9
2026-03-28T11:47:03+00:00,Andre,-28.584956,26.455497,20.5,1451.7,9
2026-03-28T11:47:08+00:00,Andre,-28.585274,26.455617,38.8,1452.5,9
2026-03-28T11:47:13+00:00,Andre,-28.585795,26.455651,32.4,1453.5,9
2026-03-28T11:47:18+00:00,Andre,-28.586098,26.455285,37.6,1454.7,9
2026-03-28T11:47:23+00:00,Andre,-28.586323,26.454884,32.3,1456.8,9
2026-03-28T11:47:28+00:00,Andre,-28.586436,26.454457,29.5,1458.6,9
2026-03-28T11:47:33+00:00,Andre,-28.586686,26.454217,26.2,1459.9,9
2026-03-28T11:47:38+00:00,Andre,-28.586831,26.453857,29.5,1461.4,9
2026-03-28T11:47:43+00:00,Andre,-28.586963,26.453477,30.5,1462.5,8
2026-03-28T11:47:48+00:00,Andre,-28.587257,26.453103,38.7,1461.4,9
2026-03-28T11:47:53+00:00,Andre,-28.587507,26.452798,29.9,1459.1,9
2026-03-28T11:47:58+00:00,Andre,-28.587695,26.452639,27,1457.9,8
2026-03-28T11:48:03+00:00,Andre,-28.588063,26.452779,33.6,1457.5,8
2026-03-28T11:48:08+00:00,Andre,-28.588474,26.452455,46.8,1456.4,8
2026-03-28T11:48:13+00:00,Andre,-28.588772,26.451881,45.4,1453.3,8
2026-03-28T11:48:18+00:00,Andre,-28.58925,26.451367,58.9,1451.1,8
2026-03-28T11:48:23+00:00,Andre,-28.589753,26.45088,45.9,1451.3,8
2026-03-28T11:48:28+00:00,Andre,-28.590187,26.45049,43.7,1450.9,9
2026-03-28T11:48:33+00:00,Andre,-28.590499,26.449983,44,1449,10
2026-03-28T11:48:38+00:00,Andre,-28.590648,26.449317,50.1,1445.3,10
2026-03-28T11:48:44+00:00,Andre,-28.590804,26.448513,43.2,1442.2,10
2026-03-28T11:48:49+00:00,Andre,-28.590873,26.448053,29.6,1440.8,9
2026-03-28T11:48:54+00:00,Andre,-28.591068,26.447603,39,1439.2,10
2026-03-28T11:48:59+00:00,Andre,-28.591175,26.447022,45.9,1437.8,10
2026-03-28T11:49:04+00:00,Andre,-28.591146,26.446348,48,1436.2,10
2026-03-28T11:49:09+00:00,Andre,-28.591105,26.44569,44.9,1434.4,10
2026-03-28T11:49:14+00:00,Andre,-28.591217,26.445062,46.6,1432.6,10
2026-03-28T11:49:19+00:00,Andre,-28.591442,26.44443,47.6,1431.1,10
2026-03-28T11:49:24+00:00,Andre,-28.591519,26.443788,45.2,1430,10
2026-03-28T11:49:29+00:00,Andre,-28.591685,26.443072,56.7,1428.7,9
2026-03-28T11:49:34+00:00,Andre,-28.591928,26.442401,42.6,1427.4,10
2026-03-28T11:49:39+00:00,Andre,-28.592116,26.441965,31,1426.7,10
2026-03-28T11:49:44+00:00,Andre,-28.592333,26.441475,44.8,1425.6,10
2026-03-28T11:49:49+00:00,Andre,-28.592537,26.440819,53.7,1424.3,9
2026-03-28T11:49:54+00:00,Andre,-28.592764,26.440062,56.5,1423.2,10
2026-03-28T11:49:59+00:00,Andre,-28.593008,26.439373,46.3,1421.9,10
2026-03-28T11:50:05+00:00,Andre,-28.593291,26.438774,43.2,1421,10
2026-03-28T11:50:10+00:00,Andre,-28.593466,26.438134,45.9,1419.5,9
2026-03-28T11:50:15+00:00,Andre,-28.593553,26.437544,38.5,1419.1,9
2026-03-28T11:50:20+00:00,Andre,-28.593452,26.437148,13.1,1419.4,10
2026-03-28T11:50:25+00:00,Andre,-28.593458,26.43703,12.1,1419.6,10
2026-03-28T11:50:30+00:00,Andre,-28.593598,26.436715,38.7,1420.3,10
2026-03-28T11:50:35+00:00,Andre,-28.593822,26.436138,42.7,1421.1,10
2026-03-28T11:50:40+00:00,Andre,-28.59377,26.435563,35.4,1421.3,10
2026-03-28T11:50:45+00:00,Andre,-28.593783,26.435139,25.4,1421.6,9
2026-03-28T11:50:50+00:00,Andre,-28.593771,26.434991,0.1,1421.5,10
2026-03-28T11:50:55+00:00,Andre,-28.593769,26.43499,0,1421.8,10
2026-03-28T11:51:00+00:00,Andre,-28.593768,26.434988,0,1422,10
2026-03-28T11:51:05+00:00,Andre,-28.593757,26.434906,15.7,1421.5,10
2026-03-28T11:51:10+00:00,Andre,-28.593742,26.434631,26.9,1421.1,10
2026-03-28T11:51:15+00:00,Andre,-28.593767,26.434106,42.6,1421.3,9
2026-03-28T11:51:20+00:00,Andre,-28.593881,26.433534,40.4,1421.1,10
2026-03-28T11:51:26+00:00,Andre,-28.593999,26.432908,36.8,1420.6,9
2026-03-28T11:51:31+00:00,Andre,-28.594028,26.432537,27.6,1419.5,10
2026-03-28T11:51:36+00:00,Andre,-28.59441,26.432301,40.4,1418.5,10
2026-03-28T11:51:41+00:00,Andre,-28.59491,26.432001,48.7,1418.7,10
2026-03-28T11:51:46+00:00,Andre,-28.595491,26.431657,53.7,1418.7,10
2026-03-28T11:51:51+00:00,Andre,-28.596073,26.431318,49.1,1418.4,10
2026-03-28T11:51:56+00:00,Andre,-28.59655,26.431133,39.4,1418.5,10
2026-03-28T11:52:01+00:00,Andre,-28.596902,26.43109,21.6,1419,10
2026-03-28T11:52:06+00:00,Andre,-28.597073,26.431438,33,1419.8,9
2026-03-28T11:52:11+00:00,Andre,-28.597474,26.431675,39.2,1427.4,10
2026-03-28T11:52:16+00:00,Andre,-28.597746,26.431892,22.4,1435.1,10
2026-03-28T11:52:21+00:00,Andre,-28.597735,26.432156,17.6,1437.4,10
2026-03-28T11:52:26+00:00,Andre,-28.597792,26.43246,23.6,1438.8,10
2026-03-28T11:52:31+00:00,Andre,-28.597768,26.432774,20.4,1440.6,10
2026-03-28T11:52:37+00:00,Andre,-28.597832,26.433069,17.6,1441.7,10
2026-03-28T11:52:42+00:00,Andre,-28.597957,26.433215,11.1,1442.3,10
2026-03-28T11:52:47+00:00,Andre,-28.598064,26.433261,11.1,1441.8,9
2026-03-28T11:52:52+00:00,Andre,-28.598254,26.433328,21.3,1440.8,9
2026-03-28T11:52:57+00:00,Andre,-28.598479,26.433612,28.8,1441,9
2026-03-28T11:53:02+00:00,Andre,-28.598598,26.433902,16.7,1442.2,10
2026-03-28T11:53:07+00:00,Andre,-28.598515,26.434017,6.2,1443.7,10
2026-03-28T11:53:12+00:00,Andre,-28.598452,26.434089,5.6,1444.9,10
2026-03-28T11:53:17+00:00,Andre,-28.598383,26.434144,7.4,1445.7,10
2026-03-28T11:53:22+00:00,Andre,-28.598288,26.434124,5,1445.6,10
2026-03-28T11:53:27+00:00,Andre,-28.59828,26.434122,0.1,1445.6,10
2026-03-28T11:53:32+00:00,Andre,-28.598279,26.434122,0,1445.5,10
2026-03-28T11:54:35+00:00,Andre,-28.598265,26.434121,0.1,1447.1,10
2026-03-28T11:54:40+00:00,Andre,-28.598266,26.434121,0,1447.1,10
2026-03-28T12:26:25+00:00,Andre,-28.59827,26.434111,0.2,1450.9,8
2026-03-28T12:26:30+00:00,Andre,-28.59827,26.434122,0.4,1450.2,8
2026-03-28T12:26:35+00:00,Andre,-28.598282,26.434129,0.2,1451.6,9
2026-03-28T12:26:40+00:00,Andre,-28.598266,26.43408,5.9,1452.1,9
2026-03-28T12:26:45+00:00,Andre,-28.598273,26.434098,2.5,1452.9,9
2026-03-28T12:26:50+00:00,Andre,-28.598321,26.434073,10.9,1452,8
2026-03-28T12:26:55+00:00,Andre,-28.598485,26.434058,16.1,1452.2,9
2026-03-28T12:27:00+00:00,Andre,-28.598576,26.433827,22.9,1450.2,9
2026-03-28T12:27:05+00:00,Andre,-28.598349,26.433467,38,1450.6,9
2026-03-28T12:27:10+00:00,Andre,-28.598061,26.43327,20.6,1451.3,8
2026-03-28T12:27:15+00:00,Andre,-28.597848,26.433107,25.4,1451.4,9
2026-03-28T12:27:20+00:00,Andre,-28.59775,26.432776,29.8,1449,9
2026-03-28T12:27:25+00:00,Andre,-28.597736,26.432284,35.9,1444.4,9
2026-03-28T12:27:30+00:00,Andre,-28.59773,26.431905,21.3,1440.5,9
2026-03-28T12:27:35+00:00,Andre,-28.597483,26.43168,35.9,1432.8,9
2026-03-28T12:27:41+00:00,Andre,-28.59704,26.431423,24.9,1424.9,8
2026-03-28T12:27:46+00:00,Andre,-28.596904,26.431111,18.8,1423,9
2026-03-28T12:27:51+00:00,Andre,-28.596685,26.431079,27,1422.4,9
2026-03-28T12:27:56+00:00,Andre,-28.596202,26.431243,47.6,1422.1,9
2026-03-28T12:28:01+00:00,Andre,-28.595565,26.431601,64.2,1422.4,9
2026-03-28T12:28:06+00:00,Andre,-28.594829,26.43204,65,1422.9,9
2026-03-28T12:28:11+00:00,Andre,-28.594234,26.432391,42.6,1423.5,9
2026-03-28T12:28:16+00:00,Andre,-28.593953,26.432644,22.5,1423.9,9
2026-03-28T12:28:21+00:00,Andre,-28.593997,26.432987,28,1423.9,9
2026-03-28T12:28:26+00:00,Andre,-28.593935,26.433402,29.9,1424.4,9
2026-03-28T12:28:31+00:00,Andre,-28.593785,26.433779,28.7,1425,9
2026-03-28T12:28:36+00:00,Andre,-28.593761,26.434221,33.4,1425,9
2026-03-28T12:28:41+00:00,Andre,-28.593738,26.434664,25.9,1424.9,9
2026-03-28T12:28:46+00:00,Andre,-28.593752,26.43484,2.3,1424.2,9
2026-03-28T12:28:51+00:00,Andre,-28.593759,26.434877,5.4,1424.7,9
2026-03-28T12:28:57+00:00,Andre,-28.593771,26.434939,8,1425,9
2026-03-28T12:29:02+00:00,Andre,-28.593788,26.43519,23.2,1425.2,9
2026-03-28T12:29:07+00:00,Andre,-28.593743,26.43536,2.5,1425.1,9
2026-03-28T12:29:12+00:00,Andre,-28.593575,26.435412,22.9,1424.8,9
2026-03-28T12:29:17+00:00,Andre,-28.593188,26.435293,38.6,1424.5,9
2026-03-28T12:29:22+00:00,Andre,-28.592762,26.435466,28.9,1424.2,9
2026-03-28T12:29:27+00:00,Andre,-28.592614,26.43561,17.6,1423.7,9
2026-03-28T12:29:32+00:00,Andre,-28.592521,26.435952,34.4,1423.2,9
2026-03-28T12:29:37+00:00,Andre,-28.592481,26.436371,19.1,1422.5,9
2026-03-28T12:29:42+00:00,Andre,-28.592472,26.436527,2.9,1422.3,9
2026-03-28T12:29:47+00:00,Andre,-28.592471,26.436529,0,1422.5,9
2026-03-28T12:29:52+00:00,Andre,-28.59247,26.436529,0,1422.6,9
2026-03-28T12:37:18+00:00,Andre,-28.592475,26.436539,4.6,1425.3,9
2026-03-28T12:37:23+00:00,Andre,-28.592485,26.436487,3.6,1425,8
2026-03-28T12:37:28+00:00,Andre,-28.592477,26.436358,15.3,1424.3,9
2026-03-28T12:37:33+00:00,Andre,-28.592519,26.436017,28.2,1424,9
2026-03-28T12:37:38+00:00,Andre,-28.592615,26.435639,31.2,1424.1,9
2026-03-28T12:37:43+00:00,Andre,-28.593021,26.435328,41.8,1424.6,9
2026-03-28T12:37:48+00:00,Andre,-28.593518,26.435405,32.9,1425.1,9
2026-03-28T12:37:53+00:00,Andre,-28.593739,26.435452,15,1425.7,9
2026-03-28T12:37:59+00:00,Andre,-28.593829,26.435958,44.8,1425.7,9
2026-03-28T12:38:04+00:00,Andre,-28.593628,26.436662,55.5,1425.2,9
2026-03-28T12:38:09+00:00,Andre,-28.593481,26.437281,42.7,1424,9
2026-03-28T12:38:14+00:00,Andre,-28.59351,26.437959,59.1,1423.6,9
2026-03-28T12:38:19+00:00,Andre,-28.593288,26.438806,60.3,1425.6,9
2026-03-28T12:38:24+00:00,Andre,-28.592937,26.439581,60.3,1427.4,9
2026-03-28T12:38:29+00:00,Andre,-28.592676,26.440353,57.9,1428.8,9
2026-03-28T12:38:34+00:00,Andre,-28.592447,26.441153,61.6,1430.3,9
2026-03-28T12:38:39+00:00,Andre,-28.592134,26.441959,59.7,1431.6,9
2026-03-28T12:38:44+00:00,Andre,-28.591839,26.442649,49.6,1432.7,9
2026-03-28T12:38:49+00:00,Andre,-28.591618,26.443336,57.4,1433.7,9
2026-03-28T12:38:54+00:00,Andre,-28.591493,26.444123,55.7,1434.9,9
2026-03-28T12:38:59+00:00,Andre,-28.591276,26.444923,61.5,1436.5,9
2026-03-28T12:39:04+00:00,Andre,-28.591103,26.445716,55.2,1438.7,9
2026-03-28T12:39:09+00:00,Andre,-28.591144,26.446435,39,1440.6,9
2026-03-28T12:39:15+00:00,Andre,-28.591158,26.446726,7.8,1441.2,9
2026-03-28T12:39:20+00:00,Andre,-28.59116,26.446834,11.5,1441.5,9
2026-03-28T12:39:25+00:00,Andre,-28.591172,26.447115,30.4,1442.2,9
2026-03-28T12:39:30+00:00,Andre,-28.591039,26.447707,50.2,1443.5,9
2026-03-28T12:39:35+00:00,Andre,-28.590811,26.448368,51,1445.1,9
2026-03-28T12:39:40+00:00,Andre,-28.590689,26.44911,54.7,1447.8,9
2026-03-28T12:39:45+00:00,Andre,-28.59053,26.449857,50,1451.3,9
2026-03-28T12:39:50+00:00,Andre,-28.590244,26.450445,52.9,1453.8,9
2026-03-28T12:39:55+00:00,Andre,-28.589699,26.450961,58.5,1454.6,9
2026-03-28T12:40:00+00:00,Andre,-28.589107,26.451514,60.1,1455.7,9
2026-03-28T12:40:05+00:00,Andre,-28.58867,26.452109,49.9,1458.2,9
2026-03-28T12:40:10+00:00,Andre,-28.588377,26.452607,40.2,1459.8,9
2026-03-28T12:40:15+00:00,Andre,-28.587934,26.45279,36.1,1460.2,9
2026-03-28T12:40:20+00:00,Andre,-28.587541,26.45267,23.1,1461.5,9
2026-03-28T12:40:25+00:00,Andre,-28.58744,26.45298,24.8,1463,9
2026-03-28T12:40:30+00:00,Andre,-28.587178,26.453172,23.3,1464.6,9
2026-03-28T12:40:35+00:00,Andre,-28.586932,26.453554,49.7,1464.4,9
2026-03-28T12:40:40+00:00,Andre,-28.586703,26.454156,39.4,1462.2,9
2026-03-28T12:40:46+00:00,Andre,-28.586428,26.454465,23.1,1459.4,9
2026-03-28T12:40:51+00:00,Andre,-28.586305,26.454932,47.3,1457.3,9
2026-03-28T12:40:56+00:00,Andre,-28.586006,26.455409,39.2,1454.1,9
2026-03-28T12:41:01+00:00,Andre,-28.585684,26.455682,31.2,1452.8,9
2026-03-28T12:41:06+00:00,Andre,-28.585204,26.455592,42.7,1452.7,9
2026-03-28T12:41:11+00:00,Andre,-28.584917,26.455515,20.4,1451.8,9
2026-03-28T12:41:16+00:00,Andre,-28.585047,26.455805,26.8,1450.2,8
2026-03-28T12:41:21+00:00,Andre,-28.585024,26.456166,32.8,1449.1,8
2026-03-28T12:41:26+00:00,Andre,-28.584662,26.456372,29.7,1451.1,9
2026-03-28T12:41:31+00:00,Andre,-28.584374,26.456367,21.7,1452,8
2026-03-28T12:41:36+00:00,Andre,-28.584299,26.456493,4.8,1451.6,9
2026-03-28T12:41:41+00:00,Andre,-28.584301,26.456497,0.1,1451.3,9
2026-03-28T12:41:46+00:00,Andre,-28.584302,26.456499,0,1451.4,9
2026-03-28T12:41:51+00:00,Andre,-28.584302,26.456501,0,1451.6,9
2026-03-28T12:42:46+00:00,Andre,-28.584315,26.45654,0,1453.9,9
2026-03-28T12:42:51+00:00,Andre,-28.584315,26.456539,0,1454,9
2026-03-28T12:42:56+00:00,Andre,-28.584315,26.456538,0,1453.9,9
2026-03-28T13:25:14+00:00,Andre,-28.584401,26.456589,1.1,1463.9,6
2026-03-28T13:25:20+00:00,Andre,-28.584362,26.456491,4.7,1458.7,7
2026-03-28T13:25:25+00:00,Andre,-28.584341,26.45643,1.6,1455,7
2026-03-28T13:25:30+00:00,Andre,-28.584452,26.456418,17,1454,7
2026-03-28T13:25:35+00:00,Andre,-28.584702,26.456414,26.3,1454,7
2026-03-28T13:25:40+00:00,Andre,-28.58503,26.456248,31.5,1452.7,7
2026-03-28T13:25:45+00:00,Andre,-28.585118,26.455889,26.8,1453.4,7
2026-03-28T13:25:50+00:00,Andre,-28.584943,26.455561,22.5,1454.2,7
2026-03-28T13:25:56+00:00,Andre,-28.585352,26.455644,42.8,1454.6,7
2026-03-28T13:26:01+00:00,Andre,-28.585841,26.455646,31.4,1455.1,6
2026-03-28T13:26:06+00:00,Andre,-28.586128,26.455281,36.3,1457.2,8
2026-03-28T13:26:11+00:00,Andre,-28.586354,26.45483,39.5,1459.1,8
2026-03-28T13:26:16+00:00,Andre,-28.586564,26.454392,33.6,1461.4,8
2026-03-28T13:26:21+00:00,Andre,-28.586765,26.454071,28.6,1463.5,8
2026-03-28T13:26:26+00:00,Andre,-28.586919,26.453677,32.4,1465.2,8
2026-03-28T13:26:31+00:00,Andre,-28.587114,26.453243,35.4,1465.3,9
2026-03-28T13:26:36+00:00,Andre,-28.587483,26.452939,28.8,1462.3,9
2026-03-28T13:26:41+00:00,Andre,-28.587623,26.452625,23.9,1460.6,9
2026-03-28T13:26:46+00:00,Andre,-28.587977,26.452776,34.9,1460,9
2026-03-28T13:26:51+00:00,Andre,-28.58842,26.452551,42.7,1459.2,9
2026-03-28T13:26:56+00:00,Andre,-28.588745,26.451956,54.7,1456.6,9
2026-03-28T13:27:01+00:00,Andre,-28.589231,26.451397,59.5,1453.6,9
2026-03-28T13:27:07+00:00,Andre,-28.589906,26.450787,54.5,1452.4,9
2026-03-28T13:27:12+00:00,Andre,-28.590388,26.450247,51.8,1451.3,9
2026-03-28T13:27:17+00:00,Andre,-28.590616,26.449533,59.2,1447.6,9
2026-03-28T13:27:22+00:00,Andre,-28.590786,26.448679,60.4,1443.8,9
2026-03-28T13:27:27+00:00,Andre,-28.590932,26.447958,50.9,1441.7,9
2026-03-28T13:27:32+00:00,Andre,-28.59117,26.447252,55.7,1439.7,9
2026-03-28T13:27:37+00:00,Andre,-28.591161,26.446395,64.6,1437.8,9
2026-03-28T13:27:42+00:00,Andre,-28.591118,26.445571,53.6,1435.5,9
2026-03-28T13:27:47+00:00,Andre,-28.59132,26.444813,61.8,1433.6,9
2026-03-28T13:27:52+00:00,Andre,-28.591506,26.443985,62.8,1431.7,9
2026-03-28T13:27:57+00:00,Andre,-28.591709,26.44302,72.6,1429.9,9
2026-03-28T13:28:02+00:00,Andre,-28.592056,26.442118,67.2,1428.2,9
2026-03-28T13:28:07+00:00,Andre,-28.59241,26.441268,67.6,1426.5,9
2026-03-28T13:28:12+00:00,Andre,-28.59271,26.440249,79.5,1424.7,9
2026-03-28T13:28:18+00:00,Andre,-28.593128,26.439142,58,1423.1,9
2026-03-28T13:28:23+00:00,Andre,-28.593408,26.438388,59.2,1421.4,9
2026-03-28T13:28:28+00:00,Andre,-28.593556,26.437682,47.5,1420.2,9
2026-03-28T13:28:33+00:00,Andre,-28.593468,26.437104,37.7,1420.8,9
2026-03-28T13:28:38+00:00,Andre,-28.59367,26.436581,48.2,1421.6,9
2026-03-28T13:28:43+00:00,Andre,-28.593844,26.435945,43.1,1422.4,9
2026-03-28T13:28:48+00:00,Andre,-28.593748,26.43547,22.3,1422.6,9
2026-03-28T13:28:53+00:00,Andre,-28.59347,26.435351,28.3,1422.5,9
2026-03-28T13:28:58+00:00,Andre,-28.593046,26.435296,38.8,1422.1,9
2026-03-28T13:29:03+00:00,Andre,-28.592649,26.435581,30.7,1421.5,9
2026-03-28T13:29:08+00:00,Andre,-28.592547,26.435825,15,1421.1,9
2026-03-28T13:29:13+00:00,Andre,-28.592613,26.436028,20.4,1420.9,9
2026-03-28T13:29:18+00:00,Andre,-28.592669,26.436279,15.4,1420.7,9
2026-03-28T13:29:23+00:00,Andre,-28.592677,26.436423,0.1,1420.5,9
2026-03-28T13:29:28+00:00,Andre,-28.592677,26.436426,0.1,1420.7,9
2026-03-28T13:29:33+00:00,Andre,-28.592675,26.436428,0,1420.7,9
2026-03-28T13:29:38+00:00,Andre,-28.592674,26.43643,0,1420.7,9
2026-03-28T14:29:10+00:00,Andre,-28.592611,26.436602,0.1,1408.6,7
2026-03-28T14:29:15+00:00,Andre,-28.592629,26.436554,0,1409.1,7
2026-03-28T14:29:20+00:00,Andre,-28.59264,26.43653,0,1410.2,7
2026-03-28T14:29:25+00:00,Andre,-28.592648,26.436516,0.6,1411.3,7
2026-03-28T14:29:30+00:00,Andre,-28.592655,26.436506,0.1,1412.4,7
2026-03-28T14:29:35+00:00,Andre,-28.59266,26.436504,0,1414.4,8
2026-03-28T14:29:40+00:00,Andre,-28.592663,26.436501,0,1415.9,8
2026-03-28T14:29:45+00:00,Andre,-28.592664,26.436498,0,1416.5,8
2026-03-28T14:29:50+00:00,Andre,-28.592665,26.436492,0.1,1416.6,8
2026-03-28T14:29:55+00:00,Andre,-28.592665,26.436488,0,1416.8,8
2026-03-28T14:30:00+00:00,Andre,-28.592668,26.436483,0,1416.6,8
2026-03-28T14:30:06+00:00,Andre,-28.592671,26.436479,0,1416.5,8
2026-03-28T14:30:11+00:00,Andre,-28.592678,26.436504,5.8,1416.4,8
2026-03-28T14:30:16+00:00,Andre,-28.592747,26.436514,6.6,1415.7,8
2026-03-28T14:30:21+00:00,Andre,-28.592773,26.436425,8.4,1415.5,8
2026-03-28T14:30:26+00:00,Andre,-28.592748,26.436294,9.6,1415.5,8
2026-03-28T14:30:31+00:00,Andre,-28.592694,26.436165,10.4,1415.6,9
2026-03-28T14:30:36+00:00,Andre,-28.59263,26.436034,8.9,1415.8,9
2026-03-28T14:30:41+00:00,Andre,-28.59258,26.43594,6.7,1416,9
2026-03-28T14:30:46+00:00,Andre,-28.592544,26.435818,9.5,1416.4,9
2026-03-28T14:30:51+00:00,Andre,-28.592589,26.435674,12.5,1417.2,9
2026-03-28T14:30:56+00:00,Andre,-28.59273,26.435523,15.9,1418,9
2026-03-28T14:31:01+00:00,Andre,-28.592907,26.435371,18.3,1418.6,9
2026-03-28T14:31:06+00:00,Andre,-28.593127,26.435303,18.9,1419.1,9
2026-03-28T14:31:11+00:00,Andre,-28.593359,26.435319,17.4,1419.4,9
2026-03-28T14:31:16+00:00,Andre,-28.593525,26.435385,14.2,1420,9
2026-03-28T14:31:21+00:00,Andre,-28.593713,26.43539,16.7,1420,9
2026-03-28T14:31:27+00:00,Andre,-28.5938,26.435115,17.3,1420.5,9
2026-03-28T14:31:32+00:00,Andre,-28.593769,26.434929,10.9,1421.1,9
2026-03-28T14:31:37+00:00,Andre,-28.593725,26.43478,12,1421.1,8
2026-03-28T14:31:42+00:00,Andre,-28.593796,26.434634,12.3,1421,9
2026-03-28T14:31:47+00:00,Andre,-28.593925,26.434527,11.3,1421.3,9
2026-03-28T14:31:52+00:00,Andre,-28.594013,26.43441,8.8,1421.4,9
2026-03-28T14:31:57+00:00,Andre,-28.594034,26.434331,8.4,1420.4,9
2026-03-28T14:32:02+00:00,Andre,-28.593998,26.434296,0,1420.5,9
2026-03-28T14:32:07+00:00,Andre,-28.593998,26.434291,0.1,1420.4,9
2026-03-28T14:32:12+00:00,Andre,-28.593997,26.43429,0,1420.8,8
2026-03-28T14:32:17+00:00,Andre,-28.593998,26.434292,0,1421,8
2026-03-28T14:34:30+00:00,Andre,-28.593991,26.434301,0,1419.8,8
2026-03-28T14:50:17+00:00,Andre,-28.593969,26.434302,0,1421.8,9
2026-03-28T14:50:22+00:00,Andre,-28.593965,26.434307,0,1422.4,9
2026-03-28T14:50:28+00:00,Andre,-28.593965,26.43431,0.1,1422.8,9
2026-03-28T14:50:33+00:00,Andre,-28.593964,26.434311,0,1422.9,9
2026-03-28T14:50:38+00:00,Andre,-28.593964,26.434314,0,1422.8,9
2026-03-28T14:50:43+00:00,Andre,-28.593966,26.434318,0,1422.5,9
2026-03-28T14:50:48+00:00,Andre,-28.593968,26.434321,0,1421.9,9
2026-03-28T14:50:53+00:00,Andre,-28.593969,26.434323,0,1421.3,9
2026-03-28T14:50:58+00:00,Andre,-28.593969,26.434323,0.1,1421,9
2026-03-28T14:51:03+00:00,Andre,-28.593969,26.434324,0.1,1420.7,9
2026-03-28T14:51:08+00:00,Andre,-28.593969,26.434324,0,1420.1,9
2026-03-28T14:51:13+00:00,Andre,-28.593968,26.434324,0.1,1419.6,9
2026-03-28T14:51:18+00:00,Andre,-28.593969,26.434325,0.1,1419.4,9
2026-03-28T14:51:23+00:00,Andre,-28.59397,26.434326,0,1419.5,9
2026-03-28T14:51:28+00:00,Andre,-28.593971,26.434327,0.1,1419.3,9
2026-03-28T14:51:34+00:00,Andre,-28.59397,26.434326,0,1419.1,9
2026-03-28T14:51:39+00:00,Andre,-28.59397,26.434326,0,1418.9,9
2026-03-28T14:51:44+00:00,Andre,-28.593971,26.434325,0,1418.7,9
2026-03-28T14:51:49+00:00,Andre,-28.59397,26.434324,0.1,1418.8,9
2026-03-28T14:51:54+00:00,Andre,-28.593969,26.434324,0.1,1418.8,9
2026-03-28T14:51:59+00:00,Andre,-28.593969,26.434325,0.1,1419,9
2026-03-28T14:52:04+00:00,Andre,-28.593969,26.434325,0,1419.5,9
2026-03-28T14:52:09+00:00,Andre,-28.59397,26.434326,0,1420.2,9
2026-03-28T14:52:14+00:00,Andre,-28.593971,26.434324,0.1,1420.3,9
2026-03-28T14:52:19+00:00,Andre,-28.593972,26.434323,0.1,1420.3,9
2026-03-28T14:52:24+00:00,Andre,-28.593973,26.434321,0.1,1420.4,9
2026-03-28T14:52:29+00:00,Andre,-28.593973,26.434319,0,1420.5,9
2026-03-28T14:52:34+00:00,Andre,-28.593973,26.43432,0,1420.8,9
2026-03-28T14:52:39+00:00,Andre,-28.593974,26.43432,0,1421.2,9
2026-03-28T14:52:44+00:00,Andre,-28.593974,26.434321,0,1421.8,9
2026-03-28T14:52:49+00:00,Andre,-28.593975,26.434321,0,1422.2,9
2026-03-28T14:52:54+00:00,Andre,-28.593976,26.43432,0,1422.5,9
2026-03-28T14:52:59+00:00,Andre,-28.593977,26.434319,0,1422.7,9
2026-03-28T14:53:04+00:00,Andre,-28.593977,26.434318,0.1,1422.7,9
2026-03-28T15:45:28+00:00,Andre,-28.594207,26.434374,14.1,1345.9,9
2026-03-28T15:45:33+00:00,Andre,-28.594224,26.434358,3.7,1352.1,9
2026-03-28T15:45:38+00:00,Andre,-28.594105,26.434333,0.1,1380.4,9
2026-03-28T15:45:43+00:00,Andre,-28.594055,26.43432,0.1,1393.7,9
2026-03-28T15:45:48+00:00,Andre,-28.594037,26.434317,0.1,1399.3,9
2026-03-28T15:45:53+00:00,Andre,-28.594027,26.434316,0,1402.7,9
2026-03-28T15:45:58+00:00,Andre,-28.594018,26.434314,0,1405.6,9
2026-03-28T15:46:03+00:00,Andre,-28.594007,26.434313,0,1408.8,10
2026-03-28T15:46:08+00:00,Andre,-28.593999,26.434312,0,1411.1,10
2026-03-28T15:46:13+00:00,Andre,-28.593994,26.43431,0,1412.6,10
2026-03-28T15:46:18+00:00,Andre,-28.593991,26.434308,0,1413.4,10
2026-03-28T15:46:24+00:00,Andre,-28.593987,26.434305,0,1413.9,10
2026-03-28T15:46:29+00:00,Andre,-28.593985,26.434306,0,1413.9,10
2026-03-28T15:46:34+00:00,Andre,-28.593982,26.434307,0,1413.6,10
2026-03-28T15:46:39+00:00,Andre,-28.59398,26.43431,0,1413.5,10
2026-03-28T15:46:44+00:00,Andre,-28.593979,26.434312,0,1413.3,10
2026-03-28T15:46:49+00:00,Andre,-28.593977,26.434314,0,1413,10
2026-03-28T15:46:54+00:00,Andre,-28.593978,26.434315,0,1412.8,10
2026-03-28T15:46:59+00:00,Andre,-28.593978,26.434316,0,1412.4,10
2026-03-28T15:47:04+00:00,Andre,-28.593977,26.434316,0,1412.2,10
2026-03-28T15:47:09+00:00,Andre,-28.593976,26.434315,0,1412.2,10
2026-03-28T15:47:14+00:00,Andre,-28.593975,26.434314,0,1412.4,10
2026-03-28T15:47:19+00:00,Andre,-28.593974,26.434312,0,1412.6,10
2026-03-28T15:47:24+00:00,Andre,-28.593975,26.434308,0,1413.1,10
2026-03-28T15:47:29+00:00,Andre,-28.593975,26.434302,0,1414,11
2026-03-28T15:47:34+00:00,Andre,-28.593976,26.434298,0,1414.9,11
2026-03-28T15:47:40+00:00,Andre,-28.593978,26.4343,0,1414.8,11
2026-03-28T15:47:45+00:00,Andre,-28.593981,26.434301,0.1,1414.8,11
2026-03-28T15:47:50+00:00,Andre,-28.593983,26.434303,0,1414.6,10
2026-03-28T15:47:55+00:00,Andre,-28.593983,26.434305,0,1414.7,11
2026-03-28T15:48:00+00:00,Andre,-28.593983,26.434305,0,1415,11
2026-03-28T15:48:05+00:00,Andre,-28.593984,26.434304,0.1,1415.4,10
2026-03-28T15:48:10+00:00,Andre,-28.593984,26.434303,0,1415.9,10
2026-03-28T15:48:15+00:00,Andre,-28.593984,26.434302,0,1416.6,10
2026-03-28T16:32:16+00:00,Andre,-28.594019,26.434324,0.1,1419.9,10
2026-03-28T16:32:21+00:00,Andre,-28.594009,26.434314,0,1419.8,10
2026-03-28T16:32:26+00:00,Andre,-28.594002,26.43431,0,1420.2,10
2026-03-28T16:32:32+00:00,Andre,-28.593998,26.434306,0.1,1420.5,10
2026-03-28T16:32:37+00:00,Andre,-28.593991,26.434302,0,1420.9,10
2026-03-28T16:32:42+00:00,Andre,-28.593984,26.434298,0,1421.4,10
2026-03-28T16:32:47+00:00,Andre,-28.59398,26.434296,0,1422.2,10
2026-03-28T16:32:52+00:00,Andre,-28.593973,26.434296,0,1422.8,10
2026-03-28T16:32:57+00:00,Andre,-28.593967,26.434298,0,1423.4,10
2026-03-28T16:33:02+00:00,Andre,-28.593964,26.434298,0,1423.6,10
2026-03-28T16:33:07+00:00,Andre,-28.593962,26.434299,0,1423.7,10
2026-03-28T16:33:12+00:00,Andre,-28.593962,26.434299,0,1423.4,10
2026-03-28T16:33:17+00:00,Andre,-28.593963,26.4343,0,1423.1,10
2026-03-28T16:33:22+00:00,Andre,-28.593964,26.434299,0,1422.7,10
2026-03-28T16:33:27+00:00,Andre,-28.593966,26.4343,0,1422.5,10
2026-03-28T16:33:32+00:00,Andre,-28.59397,26.4343,0,1422.1,10
2026-03-28T16:33:37+00:00,Andre,-28.593972,26.4343,0,1422,10
2026-03-28T16:33:43+00:00,Andre,-28.59397,26.434301,0,1422.1,10
2026-03-28T16:33:48+00:00,Andre,-28.593969,26.434301,0,1422.1,10
2026-03-28T16:33:53+00:00,Andre,-28.593967,26.434301,0,1422.1,10
2026-03-28T16:33:58+00:00,Andre,-28.593966,26.434301,0,1422.2,10
2026-03-28T16:34:03+00:00,Andre,-28.593964,26.434301,0,1422.2,10
2026-03-28T16:34:08+00:00,Andre,-28.593964,26.434301,0,1422.2,10
2026-03-28T16:34:13+00:00,Andre,-28.593963,26.4343,0,1422.4,10
2026-03-28T16:34:18+00:00,Andre,-28.593963,26.434298,0,1422.6,10
2026-03-28T16:34:23+00:00,Andre,-28.593964,26.434297,0,1422.8,10
2026-03-28T16:34:28+00:00,Andre,-28.593965,26.434297,0.1,1423,10
2026-03-28T16:34:33+00:00,Andre,-28.593967,26.434296,0,1423,10
2026-03-28T16:34:38+00:00,Andre,-28.59397,26.434295,0,1422.9,10
2026-03-28T16:34:43+00:00,Andre,-28.593973,26.434294,0,1423,10
2026-03-28T16:34:48+00:00,Andre,-28.593974,26.434293,0,1423.1,10
2026-03-28T16:34:53+00:00,Andre,-28.593974,26.434292,0,1423.3,10
2026-03-28T16:34:58+00:00,Andre,-28.593974,26.43429,0,1423.7,10
2026-03-28T16:35:04+00:00,Andre,-28.593975,26.434288,0,1424.1,10
2026-03-28T19:46:38+00:00,Andre,-28.594034,26.434266,7.6,1423.8,5
2026-03-28T19:46:43+00:00,Andre,-28.594044,26.434369,3.3,1432.7,5
2026-03-28T19:46:48+00:00,Andre,-28.59402,26.434354,0.5,1432.7,5
2026-03-28T19:46:53+00:00,Andre,-28.594006,26.434376,0.2,1434.1,5
2026-03-28T19:46:58+00:00,Andre,-28.593999,26.434392,1.7,1435.1,5
2026-03-28T19:47:03+00:00,Andre,-28.593999,26.434283,1.2,1430.2,10
2026-03-28T19:47:08+00:00,Andre,-28.59401,26.434293,1.7,1427.4,10
2026-03-28T19:47:13+00:00,Andre,-28.594024,26.434296,0.3,1425.6,10
2026-03-28T19:47:18+00:00,Andre,-28.594045,26.434266,6.4,1424.4,10
2026-03-28T19:47:24+00:00,Andre,-28.594113,26.434151,10.3,1423.4,10
2026-03-28T19:47:29+00:00,Andre,-28.594168,26.434009,11.5,1423.2,10
2026-03-28T19:47:34+00:00,Andre,-28.59418,26.433815,14.6,1423.3,9
2026-03-28T19:47:39+00:00,Andre,-28.594155,26.433595,13.9,1423.2,10
2026-03-28T19:47:44+00:00,Andre,-28.594144,26.433423,11.3,1423.3,10
2026-03-28T19:47:49+00:00,Andre,-28.594132,26.43326,11.7,1422.8,10
2026-03-28T19:47:54+00:00,Andre,-28.5941,26.433105,11.3,1422.4,10
2026-03-28T19:47:59+00:00,Andre,-28.594044,26.432938,12.7,1422,9
2026-03-28T19:48:04+00:00,Andre,-28.593985,26.432778,12.9,1421.7,10
2026-03-28T19:48:09+00:00,Andre,-28.593977,26.432606,15.1,1420.4,10
2026-03-28T19:48:14+00:00,Andre,-28.594114,26.432471,14.9,1419.9,10
2026-03-28T19:48:19+00:00,Andre,-28.594288,26.432363,17.5,1419.7,10
2026-03-28T19:48:24+00:00,Andre,-28.594522,26.432229,22.5,1419.4,10
2026-03-28T19:48:29+00:00,Andre,-28.594782,26.432074,25.7,1419,10
2026-03-28T19:48:34+00:00,Andre,-28.595092,26.431887,28.2,1418.6,10
2026-03-28T19:48:39+00:00,Andre,-28.595374,26.431722,24.8,1418,10
2026-03-28T19:48:45+00:00,Andre,-28.595703,26.431529,24.2,1417.9,10
2026-03-28T19:48:50+00:00,Andre,-28.595964,26.431379,20,1417.9,10
2026-03-28T19:48:55+00:00,Andre,-28.596154,26.431272,15.2,1418,10
2026-03-28T19:49:00+00:00,Andre,-28.596342,26.431197,17.5,1418.3,10
2026-03-28T19:49:05+00:00,Andre,-28.59658,26.431129,20.4,1418,10
2026-03-28T19:49:10+00:00,Andre,-28.596829,26.431049,20.5,1418.3,10
2026-03-28T19:49:15+00:00,Andre,-28.59704,26.430978,14.5,1418.2,10
2026-03-28T19:49:20+00:00,Andre,-28.597199,26.430917,16.6,1418,10
2026-03-28T19:49:25+00:00,Andre,-28.597326,26.430859,0,1417.1,9
2026-03-28T19:49:30+00:00,Andre,-28.597327,26.430859,0,1417.1,9
2026-03-28T19:49:35+00:00,Andre,-28.597361,26.430843,9.8,1417,10
2026-03-28T19:49:40+00:00,Andre,-28.597588,26.430736,26.3,1415.9,10
2026-03-28T19:49:45+00:00,Andre,-28.597881,26.430598,17.9,1414.6,10
2026-03-28T19:49:50+00:00,Andre,-28.59798,26.430528,14,1414,10
2026-03-28T19:49:56+00:00,Andre,-28.598032,26.430304,15.6,1413.1,9
2026-03-28T19:50:01+00:00,Andre,-28.597923,26.430069,20.5,1412.9,10
2026-03-28T19:50:06+00:00,Andre,-28.597808,26.429827,15.4,1413,10
2026-03-28T19:50:11+00:00,Andre,-28.597746,26.429672,11,1412.6,10
2026-03-28T19:50:16+00:00,Andre,-28.597678,26.429537,9.7,1412.4,10
2026-03-28T19:50:21+00:00,Andre,-28.597639,26.429469,8.3,1412.3,10
2026-03-28T19:50:26+00:00,Andre,-28.597566,26.429359,12.3,1410.6,9
2026-03-28T19:50:31+00:00,Andre,-28.597509,26.429112,17.4,1409.6,9
2026-03-28T19:50:36+00:00,Andre,-28.597677,26.428878,25.6,1409.6,10
2026-03-28T19:50:41+00:00,Andre,-28.598057,26.428567,44.6,1408.4,10
2026-03-28T19:50:46+00:00,Andre,-28.598636,26.428121,67.4,1406.5,10
2026-03-28T19:50:51+00:00,Andre,-28.599425,26.427523,78.3,1405,10
2026-03-28T19:50:56+00:00,Andre,-28.600283,26.426879,84.3,1405.5,10
2026-03-28T19:51:01+00:00,Andre,-28.601175,26.426209,89.2,1405.2,10
2026-03-28T19:51:07+00:00,Andre,-28.602289,26.425368,88,1402.8,10
2026-03-28T19:51:12+00:00,Andre,-28.603193,26.424664,87.1,1398.8,10
2026-03-28T19:51:17+00:00,Andre,-28.604122,26.423945,93,1396.5,10
2026-03-28T19:51:22+00:00,Andre,-28.60516,26.423342,93,1394.4,10
2026-03-28T19:51:27+00:00,Andre,-28.606244,26.42288,94.6,1392.7,10
2026-03-28T19:51:32+00:00,Andre,-28.607433,26.422422,102.8,1391.5,10
2026-03-28T19:51:37+00:00,Andre,-28.608607,26.421952,95.8,1390.3,10
2026-03-28T19:51:42+00:00,Andre,-28.609498,26.42159,51.6,1388.9,10
2026-03-28T19:51:47+00:00,Andre,-28.610046,26.42138,47.8,1388.3,10
2026-03-28T19:51:52+00:00,Andre,-28.610761,26.421099,68.8,1387,10
2026-03-28T19:51:57+00:00,Andre,-28.611604,26.42078,74.2,1385.8,10
2026-03-28T19:52:02+00:00,Andre,-28.612529,26.420416,80,1384.9,10
2026-03-28T19:52:07+00:00,Andre,-28.613506,26.420034,83.4,1383.7,10
2026-03-28T19:52:12+00:00,Andre,-28.614561,26.419843,89.1,1383.2,10
2026-03-28T19:52:18+00:00,Andre,-28.616033,26.419819,104.6,1383.2,10
2026-03-28T19:52:23+00:00,Andre,-28.617397,26.419851,108.6,1383.2,10
2026-03-28T19:52:28+00:00,Andre,-28.618696,26.419915,100.5,1383,10
2026-03-28T19:52:33+00:00,Andre,-28.619936,26.42001,93.8,1384.7,10
2026-03-28T19:52:38+00:00,Andre,-28.621067,26.420206,90.3,1386.8,9
2026-03-28T19:52:43+00:00,Andre,-28.622195,26.420571,92.7,1387.8,9
2026-03-28T19:52:48+00:00,Andre,-28.623184,26.421186,90.5,1389.5,9
2026-03-28T19:52:53+00:00,Andre,-28.624084,26.421966,85.3,1389.8,10
2026-03-28T19:52:58+00:00,Andre,-28.624937,26.422598,84.1,1389,10
2026-03-28T19:53:03+00:00,Andre,-28.626028,26.42304,96.2,1388.3,9
2026-03-28T19:53:08+00:00,Andre,-28.627218,26.423186,95.7,1387.8,10
2026-03-28T19:53:13+00:00,Andre,-28.628315,26.422873,87.3,1386.9,10
2026-03-28T19:53:18+00:00,Andre,-28.629278,26.422277,92.3,1385.8,10
2026-03-28T19:53:23+00:00,Andre,-28.630265,26.421551,95.2,1384.6,10
2026-03-28T19:53:28+00:00,Andre,-28.631329,26.42076,107,1382.9,10
2026-03-28T19:53:33+00:00,Andre,-28.632435,26.419949,104.7,1381.5,10
2026-03-28T19:53:39+00:00,Andre,-28.633703,26.41902,96.8,1379.8,10
2026-03-28T19:53:44+00:00,Andre,-28.634677,26.418312,92.3,1378.2,10
2026-03-28T19:53:49+00:00,Andre,-28.635769,26.41772,96.9,1376,10
2026-03-28T19:53:54+00:00,Andre,-28.636944,26.417492,94.3,1374.9,10
2026-03-28T19:53:59+00:00,Andre,-28.6381,26.41758,91.7,1374.1,10
2026-03-28T19:54:04+00:00,Andre,-28.639233,26.418025,101.8,1373.8,10
2026-03-28T19:54:09+00:00,Andre,-28.640386,26.418696,101.8,1373.3,10
2026-03-28T19:54:14+00:00,Andre,-28.641482,26.419334,95.7,1373.4,10
2026-03-28T19:54:19+00:00,Andre,-28.642552,26.419949,96.8,1373.4,10
2026-03-28T19:54:24+00:00,Andre,-28.643658,26.420599,98.2,1373.7,10
2026-03-28T19:54:29+00:00,Andre,-28.644731,26.421221,97,1374.2,10
2026-03-28T19:54:34+00:00,Andre,-28.645851,26.421865,99.8,1374.6,10
2026-03-28T19:54:39+00:00,Andre,-28.646924,26.42248,92.5,1374.5,10
2026-03-28T19:54:44+00:00,Andre,-28.647925,26.423061,86.7,1374.3,10
2026-03-28T19:54:49+00:00,Andre,-28.648838,26.423596,79.1,1374.5,10
2026-03-28T19:54:54+00:00,Andre,-28.649732,26.42411,82,1374.5,10
2026-03-28T19:55:00+00:00,Andre,-28.650852,26.424748,82.7,1374.3,10
2026-03-28T19:55:05+00:00,Andre,-28.651769,26.425285,81.4,1374.4,10
2026-03-28T19:55:10+00:00,Andre,-28.652694,26.425816,84.7,1374.1,10
2026-03-28T19:55:15+00:00,Andre,-28.65365,26.426371,86,1373.8,10
2026-03-28T19:55:20+00:00,Andre,-28.654569,26.426996,84,1373.6,10
2026-03-28T19:55:25+00:00,Andre,-28.655328,26.427823,87.3,1373.6,9
2026-03-28T19:55:30+00:00,Andre,-28.655991,26.42886,91.1,1373.5,10
2026-03-28T19:55:35+00:00,Andre,-28.656649,26.429901,88.4,1374,10
2026-03-28T19:55:40+00:00,Andre,-28.657301,26.430935,91.6,1374.4,10
2026-03-28T19:55:45+00:00,Andre,-28.657957,26.431982,88.4,1374.3,10
2026-03-28T19:55:50+00:00,Andre,-28.658585,26.43298,83.9,1374.3,10
2026-03-28T19:55:55+00:00,Andre,-28.659144,26.43389,71.2,1374.2,10
2026-03-28T19:56:00+00:00,Andre,-28.659601,26.434633,59.7,1374.4,10
2026-03-28T19:56:05+00:00,Andre,-28.660059,26.435316,62.1,1374.1,10
2026-03-28T19:56:11+00:00,Andre,-28.66075,26.436104,71.3,1373.9,10
2026-03-28T19:56:16+00:00,Andre,-28.661546,26.436757,83.1,1374,10
2026-03-28T19:56:21+00:00,Andre,-28.662464,26.437429,88.1,1375,10
2026-03-28T19:56:26+00:00,Andre,-28.663278,26.438045,79.5,1375.8,10
2026-03-28T19:56:31+00:00,Andre,-28.664186,26.438737,93.7,1376.4,10
2026-03-28T19:56:36+00:00,Andre,-28.665148,26.439484,90.2,1376.7,10
2026-03-28T19:56:41+00:00,Andre,-28.666041,26.440156,82.8,1376.5,10
2026-03-28T19:56:46+00:00,Andre,-28.666888,26.440801,83.1,1377,10
2026-03-28T19:56:51+00:00,Andre,-28.667774,26.441538,90.7,1377.5,10
2026-03-28T19:56:56+00:00,Andre,-28.668688,26.442336,91.5,1379.2,10
2026-03-28T19:57:01+00:00,Andre,-28.669544,26.443108,84,1381.2,10
2026-03-28T19:57:06+00:00,Andre,-28.670282,26.443768,67.1,1382.1,10
2026-03-28T19:57:11+00:00,Andre,-28.670946,26.444361,68.5,1383.2,10
2026-03-28T19:57:16+00:00,Andre,-28.671608,26.444973,69.3,1384.3,10
2026-03-28T19:57:22+00:00,Andre,-28.672451,26.445718,73.5,1385.8,10
2026-03-28T19:57:27+00:00,Andre,-28.67322,26.446185,67,1387.6,10
2026-03-28T19:57:32+00:00,Andre,-28.674061,26.446537,74.7,1388.9,10
2026-03-28T19:57:37+00:00,Andre,-28.675003,26.446914,82,1390.7,10
2026-03-28T19:57:42+00:00,Andre,-28.675946,26.447286,77.3,1391.5,10
2026-03-28T19:57:47+00:00,Andre,-28.676835,26.447639,71.7,1392.7,10
2026-03-28T19:57:52+00:00,Andre,-28.677666,26.447963,66.9,1394.5,10
2026-03-28T19:57:57+00:00,Andre,-28.678402,26.448254,60.8,1395.4,10
2026-03-28T19:58:02+00:00,Andre,-28.67915,26.448547,63.7,1396.4,10
2026-03-28T19:58:07+00:00,Andre,-28.679895,26.448846,64.8,1397.9,10
2026-03-28T19:58:12+00:00,Andre,-28.680628,26.449138,60.7,1399,10
2026-03-28T19:58:17+00:00,Andre,-28.681305,26.449403,55.2,1399.8,10
2026-03-28T19:58:22+00:00,Andre,-28.68191,26.449634,45.1,1400.1,10
2026-03-28T19:58:27+00:00,Andre,-28.682447,26.449856,45.6,1401.3,10
2026-03-28T19:58:32+00:00,Andre,-28.683062,26.4501,59,1402.5,10
2026-03-28T19:58:38+00:00,Andre,-28.683912,26.450438,57.2,1403.8,10
2026-03-28T19:58:43+00:00,Andre,-28.684553,26.450691,51.6,1404.4,10
2026-03-28T19:58:48+00:00,Andre,-28.685132,26.450916,48.2,1405.8,10
2026-03-28T19:58:53+00:00,Andre,-28.685745,26.451178,54.1,1408.1,10
2026-03-28T19:58:58+00:00,Andre,-28.68641,26.451414,58.9,1409.8,10
2026-03-28T19:59:03+00:00,Andre,-28.687188,26.451746,70.3,1411.7,10
2026-03-28T19:59:08+00:00,Andre,-28.687997,26.452068,65.7,1414,10
2026-03-28T19:59:13+00:00,Andre,-28.688794,26.452383,71.1,1416.7,10
2026-03-28T19:59:18+00:00,Andre,-28.689643,26.452679,69.9,1417.1,11
2026-03-28T19:59:23+00:00,Andre,-28.690548,26.452812,73.3,1415.3,11
2026-03-28T19:59:28+00:00,Andre,-28.691387,26.452751,61.4,1413.4,11
2026-03-28T19:59:33+00:00,Andre,-28.692156,26.452528,63.3,1411.1,11
2026-03-28T19:59:38+00:00,Andre,-28.69276,26.452238,52,1409.1,11
2026-03-28T19:59:43+00:00,Andre,-28.693433,26.451901,60.7,1406.7,11
2026-03-28T19:59:48+00:00,Andre,-28.694189,26.451594,70.2,1404.2,11
2026-03-28T19:59:53+00:00,Andre,-28.695126,26.451443,77.1,1401.9,11
2026-03-28T19:59:58+00:00,Andre,-28.696061,26.451511,73,1399.8,11
2026-03-28T20:00:03+00:00,Andre,-28.696921,26.451731,67.2,1397.9,11
2026-03-28T20:00:09+00:00,Andre,-28.697499,26.451891,14.5,1396.8,10
2026-03-28T20:00:14+00:00,Andre,-28.697568,26.451911,1.6,1396.6,10
2026-03-28T20:00:19+00:00,Andre,-28.69777,26.451958,29.9,1396.9,11
2026-03-28T20:00:24+00:00,Andre,-28.698221,26.452074,40.8,1395.1,10
2026-03-28T20:00:29+00:00,Andre,-28.698532,26.452202,9.4,1394.1,11
2026-03-28T20:00:34+00:00,Andre,-28.698744,26.452345,29.6,1393,10
2026-03-28T20:00:39+00:00,Andre,-28.69916,26.452453,40.4,1392.4,10
2026-03-28T20:00:44+00:00,Andre,-28.699717,26.452586,45.9,1391.8,10
2026-03-28T20:00:49+00:00,Andre,-28.700293,26.452717,47.2,1391.3,10
2026-03-28T20:00:54+00:00,Andre,-28.700775,26.452859,34.3,1391.3,10
2026-03-28T20:00:59+00:00,Andre,-28.701085,26.452933,8.9,1390.1,10
2026-03-28T20:01:04+00:00,Andre,-28.70118,26.452947,14.8,1389.6,11
2026-03-28T20:01:09+00:00,Andre,-28.701522,26.453013,36.4,1389.5,11
2026-03-28T20:01:14+00:00,Andre,-28.701966,26.453117,37.1,1388.8,10
2026-03-28T20:01:19+00:00,Andre,-28.702344,26.453226,19.6,1387.8,9
2026-03-28T20:01:25+00:00,Andre,-28.702395,26.4535,19.5,1388.3,10
2026-03-28T20:01:30+00:00,Andre,-28.702329,26.45381,22.2,1388.9,10
2026-03-28T20:01:35+00:00,Andre,-28.702278,26.454057,11.6,1389.1,10
2026-03-28T20:01:40+00:00,Andre,-28.702267,26.454124,2.5,1389.3,10
2026-03-28T20:01:45+00:00,Andre,-28.702264,26.454134,0,1389.6,10
2026-03-28T20:01:50+00:00,Andre,-28.70225,26.454212,13.1,1389.8,10
2026-03-28T20:01:55+00:00,Andre,-28.702213,26.454396,10.9,1390,10
2026-03-28T20:02:00+00:00,Andre,-28.70219,26.45455,9.7,1390.2,11
2026-03-28T20:02:05+00:00,Andre,-28.702235,26.454618,2.8,1389.7,11
2026-03-28T20:02:10+00:00,Andre,-28.702258,26.454629,3.7,1389.2,11
2026-03-28T20:02:15+00:00,Andre,-28.702321,26.454648,5.9,1389.3,11
2026-03-28T20:02:20+00:00,Andre,-28.70242,26.454669,9.2,1388.7,10
2026-03-28T20:02:25+00:00,Andre,-28.702492,26.454702,5.6,1387.6,9
2026-03-28T20:02:30+00:00,Andre,-28.702518,26.454761,1.5,1387.6,10
2026-03-28T20:02:36+00:00,Andre,-28.702529,26.454794,3.1,1388.5,10
2026-03-28T20:02:41+00:00,Andre,-28.702592,26.454819,2.5,1388.9,10
2026-03-28T20:02:46+00:00,Andre,-28.702617,26.454825,5.1,1390.5,10
2026-03-28T20:02:51+00:00,Andre,-28.702634,26.454826,0,1391.3,9
2026-03-28T20:02:56+00:00,Andre,-28.702674,26.454816,6.4,1390.6,11
2026-03-28T20:03:01+00:00,Andre,-28.702692,26.454765,1.9,1388.8,11
2026-03-28T20:03:06+00:00,Andre,-28.702683,26.454743,0.1,1388,11
2026-03-28T20:03:11+00:00,Andre,-28.702679,26.454739,0.1,1388.4,11
2026-03-28T20:03:16+00:00,Andre,-28.702679,26.454738,0.1,1388.6,11
2026-03-28T20:03:21+00:00,Andre,-28.702679,26.454736,0,1388.6,11
2026-03-28T20:41:24+00:00,Andre,-28.702635,26.454763,1.4,1378,8
2026-03-28T20:41:33+00:00,Andre,-28.702642,26.454735,0.1,1382.6,8
2026-03-29T03:54:01+00:00,Andre,-28.702658,26.454706,0.1,1394.7,10
2026-03-29T03:54:06+00:00,Andre,-28.702655,26.454707,0.2,1395.2,9
2026-03-29T03:54:11+00:00,Andre,-28.702653,26.454709,0,1395.3,9
2026-03-29T03:54:16+00:00,Andre,-28.702652,26.454711,0,1394.5,9
2026-03-29T03:54:21+00:00,Andre,-28.702653,26.454712,0,1393.4,9
2026-03-29T03:54:26+00:00,Andre,-28.702654,26.454716,0,1392.6,10
2026-03-29T03:54:31+00:00,Andre,-28.702656,26.454721,0,1392,10
2026-03-29T03:54:36+00:00,Andre,-28.702657,26.454723,0,1391.8,10
2026-03-29T03:54:41+00:00,Andre,-28.702658,26.454722,0,1392.3,10
2026-03-29T03:54:47+00:00,Andre,-28.702659,26.454722,0,1393,10
2026-03-29T03:54:52+00:00,Andre,-28.70266,26.454723,0,1393.5,10
2026-03-29T03:54:57+00:00,Andre,-28.702661,26.454724,0,1393.8,10
2026-03-29T03:55:02+00:00,Andre,-28.702661,26.454724,0,1393.5,10
2026-03-29T03:55:07+00:00,Andre,-28.702661,26.454725,0,1392.3,10
2026-03-29T03:55:12+00:00,Andre,-28.70266,26.454726,0,1391.2,10
2026-03-29T03:55:17+00:00,Andre,-28.702658,26.454726,0,1390.6,10
2026-03-29T03:55:22+00:00,Andre,-28.702656,26.454724,0,1390.3,10
2026-03-29T03:55:27+00:00,Andre,-28.702654,26.454723,0,1390.5,10
2026-03-29T03:55:32+00:00,Andre,-28.702654,26.454722,0,1390.5,10
2026-03-29T03:55:37+00:00,Andre,-28.702654,26.454723,0,1390.8,10
2026-03-29T03:55:42+00:00,Andre,-28.702654,26.454723,0,1391.2,10
2026-03-29T03:55:47+00:00,Andre,-28.702655,26.454723,0,1391.9,10
2026-03-29T03:55:52+00:00,Andre,-28.702655,26.454722,0,1392.5,10
2026-03-29T03:55:57+00:00,Andre,-28.702655,26.45472,0,1392.8,10
2026-03-29T03:56:02+00:00,Andre,-28.702657,26.454717,0,1392.7,10
2026-03-29T03:56:07+00:00,Andre,-28.702659,26.454716,0,1392.2,10
2026-03-29T03:56:13+00:00,Andre,-28.702661,26.454718,0,1391.3,10
2026-03-29T03:56:18+00:00,Andre,-28.702662,26.45472,0,1390.3,10
2026-03-29T03:56:23+00:00,Andre,-28.702663,26.454724,0,1389.3,12
2026-03-29T03:56:28+00:00,Andre,-28.702663,26.454726,0,1388.9,12
2026-03-29T03:56:33+00:00,Andre,-28.702664,26.454729,0,1388.3,12
2026-03-29T03:56:38+00:00,Andre,-28.702665,26.454732,0,1388,12
2026-03-29T03:56:43+00:00,Andre,-28.702668,26.454735,0,1387.8,12
2026-03-29T03:56:48+00:00,Andre,-28.702672,26.454738,0.1,1387.5,12
2026-03-29T03:56:53+00:00,Andre,-28.702674,26.454741,0,1387.4,12
2026-03-29T03:56:58+00:00,Andre,-28.702676,26.454741,0,1387.5,12
2026-03-29T03:57:03+00:00,Andre,-28.702675,26.45474,0,1387.7,12
2026-03-29T03:57:08+00:00,Andre,-28.702675,26.454741,0,1387.7,12
2026-03-29T03:57:13+00:00,Andre,-28.702676,26.454739,0,1388,12
2026-03-29T03:57:18+00:00,Andre,-28.702677,26.454739,0,1388.5,12
2026-03-29T03:57:23+00:00,Andre,-28.702673,26.45474,0.5,1389.4,12
2026-03-29T03:57:29+00:00,Andre,-28.702664,26.454751,1,1390.5,12
2026-03-29T03:57:34+00:00,Andre,-28.702657,26.454765,1.8,1391.6,12
2026-03-29T03:57:39+00:00,Andre,-28.70265,26.454773,1.9,1392,12
2026-03-29T03:57:44+00:00,Andre,-28.702658,26.454755,0.5,1391.3,12
2026-03-29T03:57:49+00:00,Andre,-28.702657,26.454762,1.8,1392.7,12
2026-03-29T03:57:54+00:00,Andre,-28.702669,26.454774,2,1392.2,12
2026-03-29T03:57:59+00:00,Andre,-28.702662,26.45478,1.9,1393.7,12
2026-03-29T03:58:04+00:00,Andre,-28.702639,26.454802,0.9,1393.6,12
2026-03-29T03:58:09+00:00,Andre,-28.70263,26.454809,0.4,1393.6,12
2026-03-29T03:58:14+00:00,Andre,-28.702689,26.454805,5.5,1392.8,12
2026-03-29T03:58:19+00:00,Andre,-28.702727,26.454793,0.7,1392,12
2026-03-29T03:58:24+00:00,Andre,-28.7027,26.454801,2.2,1392,12
2026-03-29T03:58:29+00:00,Andre,-28.702683,26.454816,0.8,1392.2,12
2026-03-29T03:58:35+00:00,Andre,-28.702654,26.454791,1.6,1391.5,12
2026-03-29T03:58:40+00:00,Andre,-28.70265,26.454809,4.5,1391.5,12
2026-03-29T03:58:45+00:00,Andre,-28.702579,26.454827,6.2,1391,12
2026-03-29T03:58:50+00:00,Andre,-28.70251,26.454801,4.6,1391,12
2026-03-29T03:58:55+00:00,Andre,-28.702499,26.454774,1.6,1390.8,12
2026-03-29T03:59:00+00:00,Andre,-28.702478,26.45473,4.9,1390.2,11
2026-03-29T03:59:05+00:00,Andre,-28.702422,26.454692,5.5,1389,12
2026-03-29T03:59:10+00:00,Andre,-28.702356,26.454681,5.4,1388,12
2026-03-29T03:59:15+00:00,Andre,-28.702304,26.454666,2.5,1388.2,12
2026-03-29T03:59:20+00:00,Andre,-28.702291,26.454659,0,1388.6,12
2026-03-29T03:59:25+00:00,Andre,-28.702281,26.454655,2.9,1389,12
2026-03-29T03:59:30+00:00,Andre,-28.70223,26.454636,2.6,1389.2,12
2026-03-29T03:59:35+00:00,Andre,-28.702219,26.454632,0,1389.1,12
2026-03-29T03:59:40+00:00,Andre,-28.702214,26.454633,0,1388.6,12
2026-03-29T03:59:45+00:00,Andre,-28.702209,26.454633,0,1388.1,12
2026-03-29T03:59:51+00:00,Andre,-28.702206,26.454633,0.1,1387.8,12
2026-03-29T03:59:56+00:00,Andre,-28.702204,26.454633,0,1387.6,12
2026-03-29T04:00:01+00:00,Andre,-28.702202,26.454633,0.2,1387.4,12
2026-03-29T04:00:06+00:00,Andre,-28.702202,26.454632,0,1387,12
2026-03-29T04:00:11+00:00,Andre,-28.702205,26.454628,0.1,1386.9,12
2026-03-29T04:00:16+00:00,Andre,-28.702208,26.454626,0.1,1386.8,12
2026-03-29T04:00:21+00:00,Andre,-28.702185,26.454576,6.8,1387.3,12
2026-03-29T04:00:26+00:00,Andre,-28.702227,26.454401,15.4,1386.7,12
2026-03-29T04:00:31+00:00,Andre,-28.702284,26.454117,24.5,1386.3,12
2026-03-29T04:00:36+00:00,Andre,-28.702351,26.453758,24.6,1385.4,12
2026-03-29T04:00:41+00:00,Andre,-28.702417,26.453428,19.7,1384.8,12
2026-03-29T04:00:46+00:00,Andre,-28.702515,26.453295,15.2,1384.2,12
2026-03-29T04:00:51+00:00,Andre,-28.702775,26.453346,26.1,1384.2,12
2026-03-29T04:00:57+00:00,Andre,-28.703188,26.453449,28.1,1384.5,12
2026-03-29T04:01:02+00:00,Andre,-28.70348,26.453523,20.3,1383.8,12
2026-03-29T04:01:07+00:00,Andre,-28.703625,26.453557,4.6,1384.3,12
2026-03-29T04:01:12+00:00,Andre,-28.703663,26.453558,4,1384.8,12
2026-03-29T04:01:17+00:00,Andre,-28.70376,26.453451,15.4,1385,12
2026-03-29T04:01:22+00:00,Andre,-28.703823,26.453145,26.4,1384.4,12
2026-03-29T04:01:27+00:00,Andre,-28.703903,26.452693,37.6,1384.5,12
2026-03-29T04:01:32+00:00,Andre,-28.704007,26.452123,44.8,1384.4,12
2026-03-29T04:01:37+00:00,Andre,-28.704137,26.451443,51,1384,12
2026-03-29T04:01:42+00:00,Andre,-28.704269,26.450718,52.8,1383.5,12
2026-03-29T04:01:47+00:00,Andre,-28.704406,26.449982,52.7,1382.8,12
2026-03-29T04:01:52+00:00,Andre,-28.704531,26.449289,45.4,1382.6,11
2026-03-29T04:01:57+00:00,Andre,-28.704655,26.448754,38.8,1382.7,12
2026-03-29T04:02:02+00:00,Andre,-28.704757,26.448171,42.6,1382.3,12
2026-03-29T04:02:07+00:00,Andre,-28.704867,26.44751,47.3,1379.2,12
2026-03-29T04:02:12+00:00,Andre,-28.705008,26.446803,51.2,1379.3,12
2026-03-29T04:02:18+00:00,Andre,-28.705175,26.445949,49.5,1379.1,12
2026-03-29T04:02:23+00:00,Andre,-28.70534,26.445211,55.4,1378.9,12
2026-03-29T04:02:28+00:00,Andre,-28.705602,26.444439,59.7,1378.5,12
2026-03-29T04:02:33+00:00,Andre,-28.70596,26.443681,59.4,1377.9,12
2026-03-29T04:02:38+00:00,Andre,-28.70638,26.442996,58.6,1377.4,12
2026-03-29T04:02:43+00:00,Andre,-28.706869,26.442361,58.9,1376.8,12
2026-03-29T04:02:48+00:00,Andre,-28.707404,26.441822,54.7,1376.7,12
2026-03-29T04:02:53+00:00,Andre,-28.707926,26.441338,54.6,1376.3,12
2026-03-29T04:02:58+00:00,Andre,-28.708328,26.440805,41.5,1376.1,12
2026-03-29T04:03:03+00:00,Andre,-28.708703,26.440452,39.8,1376.1,12
2026-03-29T04:03:08+00:00,Andre,-28.709242,26.440324,50,1376.8,12
2026-03-29T04:03:13+00:00,Andre,-28.709999,26.440321,69,1377,12
2026-03-29T04:03:18+00:00,Andre,-28.710924,26.440318,77.5,1376.9,12
2026-03-29T04:03:23+00:00,Andre,-28.711965,26.440304,88.1,1376,12
2026-03-29T04:03:28+00:00,Andre,-28.713144,26.440318,99.3,1374.2,12
2026-03-29T04:03:34+00:00,Andre,-28.714664,26.440325,102.2,1373.6,12
2026-03-29T04:03:39+00:00,Andre,-28.715956,26.440333,103.2,1374.9,12
2026-03-29T04:03:44+00:00,Andre,-28.71727,26.440357,106.2,1376.2,12
2026-03-29T04:03:49+00:00,Andre,-28.718615,26.440294,108.5,1376.5,12
2026-03-29T04:03:54+00:00,Andre,-28.719982,26.440104,109.3,1376.5,12
2026-03-29T04:03:59+00:00,Andre,-28.721302,26.439766,108.4,1376,12
2026-03-29T04:04:04+00:00,Andre,-28.722617,26.439355,109.3,1375.7,12
2026-03-29T04:04:09+00:00,Andre,-28.723927,26.438925,108.3,1375.2,12
2026-03-29T04:04:14+00:00,Andre,-28.725233,26.438494,108.7,1374.8,12
2026-03-29T04:04:19+00:00,Andre,-28.726544,26.438066,109.1,1374.4,12
2026-03-29T04:04:24+00:00,Andre,-28.727846,26.437638,110.6,1373.9,12
2026-03-29T04:04:29+00:00,Andre,-28.729246,26.437185,120.9,1373.3,12
2026-03-29T04:04:34+00:00,Andre,-28.730726,26.436691,123.9,1372.9,12
2026-03-29T04:04:39+00:00,Andre,-28.73222,26.436205,124.4,1372.5,12
2026-03-29T04:04:45+00:00,Andre,-28.73402,26.435617,124.6,1372.2,12
2026-03-29T04:04:50+00:00,Andre,-28.735519,26.435121,124.7,1371.6,12
2026-03-29T04:04:55+00:00,Andre,-28.73702,26.434622,124.8,1371.2,12
2026-03-29T04:05:00+00:00,Andre,-28.738523,26.434134,124.8,1370.8,12
2026-03-29T04:05:05+00:00,Andre,-28.740026,26.433645,124.8,1370.3,12
2026-03-29T04:05:10+00:00,Andre,-28.741527,26.433149,124.8,1370.6,12
2026-03-29T04:05:15+00:00,Andre,-28.743028,26.432653,124.7,1370.6,12
2026-03-29T04:05:20+00:00,Andre,-28.744529,26.43216,124.7,1370.1,12
2026-03-29T04:05:25+00:00,Andre,-28.74603,26.431667,124.8,1369.5,12
2026-03-29T04:05:30+00:00,Andre,-28.747533,26.431178,124.8,1368.8,12
2026-03-29T04:05:35+00:00,Andre,-28.749033,26.430681,124.7,1368.4,12
2026-03-29T04:05:40+00:00,Andre,-28.75053,26.430173,124.7,1368.3,12
2026-03-29T04:05:45+00:00,Andre,-28.751957,26.429455,124.8,1367.7,12
2026-03-29T04:05:51+00:00,Andre,-28.753507,26.428261,124.7,1367,12
2026-03-29T04:05:56+00:00,Andre,-28.754639,26.427038,124.7,1366.2,12
2026-03-29T04:06:01+00:00,Andre,-28.755741,26.42578,124.8,1365.3,12
2026-03-29T04:06:06+00:00,Andre,-28.756843,26.424522,124.7,1364.9,12
2026-03-29T04:06:11+00:00,Andre,-28.757942,26.42326,124.8,1364.3,12
2026-03-29T04:06:16+00:00,Andre,-28.759042,26.421999,124.8,1363.9,12
2026-03-29T04:06:21+00:00,Andre,-28.760144,26.420737,124.9,1363,12
2026-03-29T04:06:26+00:00,Andre,-28.761245,26.419478,124.8,1362.3,12
2026-03-29T04:06:31+00:00,Andre,-28.762345,26.418218,124.8,1361.7,12
2026-03-29T04:06:36+00:00,Andre,-28.763447,26.416958,124.8,1361.2,12
2026-03-29T04:06:41+00:00,Andre,-28.764548,26.415696,124.8,1360.5,12
2026-03-29T04:06:46+00:00,Andre,-28.76565,26.414437,124.8,1359.8,12
2026-03-29T04:06:51+00:00,Andre,-28.766751,26.413178,124.8,1359.2,12
2026-03-29T04:06:56+00:00,Andre,-28.767851,26.411917,124.8,1358.7,12
2026-03-29T04:07:02+00:00,Andre,-28.769171,26.410405,124.8,1357.9,12
2026-03-29T04:07:07+00:00,Andre,-28.770273,26.409145,124.8,1357.3,12
2026-03-29T04:07:12+00:00,Andre,-28.771369,26.40788,124.8,1356.4,12
2026-03-29T04:07:17+00:00,Andre,-28.77247,26.406619,124.8,1355.7,12
2026-03-29T04:07:22+00:00,Andre,-28.773571,26.405359,124.8,1355,12
2026-03-29T04:07:27+00:00,Andre,-28.774671,26.404099,124.8,1354.3,12
2026-03-29T04:07:32+00:00,Andre,-28.775769,26.402835,124.8,1353.5,12
2026-03-29T04:07:37+00:00,Andre,-28.776869,26.401575,124.9,1352.7,12
2026-03-29T04:07:42+00:00,Andre,-28.777971,26.400317,124.8,1351.9,12
2026-03-29T04:07:47+00:00,Andre,-28.779074,26.39906,124.8,1351.1,12
2026-03-29T04:07:52+00:00,Andre,-28.780171,26.397795,124.8,1350.4,12
2026-03-29T04:07:57+00:00,Andre,-28.781277,26.396541,124.7,1350.2,12
2026-03-29T04:08:02+00:00,Andre,-28.782375,26.395278,124.8,1350.2,12
2026-03-29T04:08:07+00:00,Andre,-28.783479,26.394021,124.8,1349.9,12
2026-03-29T04:08:12+00:00,Andre,-28.784587,26.392771,124.7,1349.7,12
2026-03-29T04:08:17+00:00,Andre,-28.785736,26.391567,124.8,1349.6,12
2026-03-29T04:08:23+00:00,Andre,-28.787131,26.390145,124.8,1349.2,12
2026-03-29T04:08:28+00:00,Andre,-28.788294,26.388959,124.8,1348.3,12
2026-03-29T04:08:33+00:00,Andre,-28.789459,26.387776,124.9,1347.3,12
2026-03-29T04:08:38+00:00,Andre,-28.790624,26.386593,124.8,1346.2,12
2026-03-29T04:08:43+00:00,Andre,-28.791788,26.385406,124.8,1344.7,12
2026-03-29T04:08:48+00:00,Andre,-28.792953,26.384221,124.8,1343.4,12
2026-03-29T04:08:53+00:00,Andre,-28.794138,26.383064,124.7,1342.9,12
2026-03-29T04:08:58+00:00,Andre,-28.795421,26.382054,124.8,1342.9,12
2026-03-29T04:09:03+00:00,Andre,-28.796789,26.381198,124.8,1343.2,12
2026-03-29T04:09:08+00:00,Andre,-28.79824,26.380544,124.5,1344.4,12
2026-03-29T04:09:13+00:00,Andre,-28.799743,26.380073,124.7,1346.2,12
2026-03-29T04:09:18+00:00,Andre,-28.801266,26.379671,124.9,1347.4,12
2026-03-29T04:09:23+00:00,Andre,-28.802789,26.379269,124.8,1348.9,12
2026-03-29T04:09:28+00:00,Andre,-28.80431,26.378862,124.8,1349.9,12
2026-03-29T04:09:33+00:00,Andre,-28.805832,26.378457,124.8,1351.3,12
2026-03-29T04:09:39+00:00,Andre,-28.807657,26.37797,124.7,1352.8,12
2026-03-29T04:09:44+00:00,Andre,-28.809177,26.377564,124.7,1354.7,12
2026-03-29T04:09:49+00:00,Andre,-28.810699,26.377163,124.7,1356.5,12
2026-03-29T04:09:54+00:00,Andre,-28.81222,26.376757,124.7,1358.9,12
2026-03-29T04:09:59+00:00,Andre,-28.813742,26.376354,124.8,1361.1,12
2026-03-29T04:10:04+00:00,Andre,-28.815263,26.375946,124.7,1363.4,12
2026-03-29T04:10:09+00:00,Andre,-28.816786,26.375545,124.9,1365.2,12
2026-03-29T04:10:14+00:00,Andre,-28.81831,26.375142,124.9,1366.2,12
2026-03-29T04:10:19+00:00,Andre,-28.819832,26.374732,124.8,1367.5,12
2026-03-29T04:10:24+00:00,Andre,-28.821354,26.37433,124.8,1368.3,12
2026-03-29T04:10:29+00:00,Andre,-28.822877,26.373928,124.8,1369.7,12
2026-03-29T04:10:34+00:00,Andre,-28.824399,26.37352,124.8,1370.4,12
2026-03-29T04:10:39+00:00,Andre,-28.825921,26.373118,124.8,1371.7,12
2026-03-29T04:10:44+00:00,Andre,-28.827443,26.372715,124.8,1373,12
2026-03-29T04:10:50+00:00,Andre,-28.829272,26.372233,124.9,1373.4,12
2026-03-29T04:10:55+00:00,Andre,-28.830794,26.371825,124.8,1373.9,12
2026-03-29T04:11:00+00:00,Andre,-28.832314,26.371413,124.8,1374.3,12
2026-03-29T04:11:05+00:00,Andre,-28.833836,26.371011,124.7,1376.1,12
2026-03-29T04:11:10+00:00,Andre,-28.835355,26.370604,124.6,1378.2,12
2026-03-29T04:11:15+00:00,Andre,-28.836877,26.370195,125,1379.5,12
2026-03-29T04:11:20+00:00,Andre,-28.838402,26.369792,124.8,1379.8,12
2026-03-29T04:11:25+00:00,Andre,-28.839925,26.369388,124.8,1379.9,12
2026-03-29T04:11:30+00:00,Andre,-28.841447,26.368983,124.7,1380.6,12
2026-03-29T04:11:35+00:00,Andre,-28.84297,26.368579,124.8,1381.4,12
2026-03-29T04:11:40+00:00,Andre,-28.844491,26.368172,124.6,1383.1,12
2026-03-29T04:11:45+00:00,Andre,-28.845991,26.367686,124.6,1385.5,12
2026-03-29T04:11:50+00:00,Andre,-28.847444,26.367029,125,1386.9,12
2026-03-29T04:11:55+00:00,Andre,-28.848809,26.366226,115.8,1387,12
2026-03-29T04:12:01+00:00,Andre,-28.850167,26.365329,98.1,1388.4,12
2026-03-29T04:12:06+00:00,Andre,-28.851204,26.364647,91.7,1391.6,12
2026-03-29T04:12:11+00:00,Andre,-28.852137,26.364031,81.5,1394,12
2026-03-29T04:12:16+00:00,Andre,-28.853022,26.363502,80.2,1395.9,12
2026-03-29T04:12:21+00:00,Andre,-28.85406,26.363029,98.1,1397.3,12
2026-03-29T04:12:26+00:00,Andre,-28.855361,26.362669,114.1,1397.7,12
2026-03-29T04:12:31+00:00,Andre,-28.856871,26.362498,127.1,1397,12
2026-03-29T04:12:36+00:00,Andre,-28.858498,26.362582,134.1,1394.4,12
2026-03-29T04:12:41+00:00,Andre,-28.860222,26.362684,137.2,1390.4,12
2026-03-29T04:12:46+00:00,Andre,-28.861899,26.362561,130.2,1389,12
2026-03-29T04:12:51+00:00,Andre,-28.86345,26.362219,124.9,1388.4,12
2026-03-29T04:12:56+00:00,Andre,-28.864939,26.361672,124.9,1387.5,12
2026-03-29T04:13:01+00:00,Andre,-28.866359,26.360923,125,1385.4,12
2026-03-29T04:13:06+00:00,Andre,-28.867698,26.36,125.2,1382.1,12
2026-03-29T04:13:11+00:00,Andre,-28.868989,26.358992,124.9,1378.8,12
2026-03-29T04:13:16+00:00,Andre,-28.870277,26.357987,124.5,1377.1,12
2026-03-29T04:13:22+00:00,Andre,-28.871821,26.356787,124.6,1377.9,12
2026-03-29T04:13:27+00:00,Andre,-28.873109,26.355784,124.8,1379,12
2026-03-29T04:13:32+00:00,Andre,-28.874419,26.354811,125,1379.4,11
2026-03-29T04:13:37+00:00,Andre,-28.87577,26.353918,124.8,1379.1,12
2026-03-29T04:13:42+00:00,Andre,-28.877191,26.353179,124.8,1379.7,12
2026-03-29T04:13:47+00:00,Andre,-28.878653,26.352545,124.8,1380.3,12
2026-03-29T04:13:52+00:00,Andre,-28.880118,26.351919,125,1379.4,12
2026-03-29T04:13:57+00:00,Andre,-28.881585,26.351293,125.2,1376.6,12
2026-03-29T04:14:02+00:00,Andre,-28.883054,26.350672,125,1373.5,12
2026-03-29T04:14:07+00:00,Andre,-28.884521,26.35005,124.8,1370.5,12
2026-03-29T04:14:12+00:00,Andre,-28.885979,26.349408,124.7,1368.1,12
2026-03-29T04:14:17+00:00,Andre,-28.887409,26.348691,124.8,1366.1,12
2026-03-29T04:14:22+00:00,Andre,-28.888802,26.347887,124.8,1364.5,12
2026-03-29T04:14:27+00:00,Andre,-28.890149,26.346985,124.9,1362.4,12
2026-03-29T04:14:32+00:00,Andre,-28.89141,26.346052,116.2,1359.8,12
2026-03-29T04:14:37+00:00,Andre,-28.892586,26.345174,110,1355.8,12
2026-03-29T04:14:43+00:00,Andre,-28.893947,26.344127,109,1351.4,12
2026-03-29T04:14:48+00:00,Andre,-28.89508,26.34326,109,1347.3,12
2026-03-29T04:14:53+00:00,Andre,-28.896219,26.342393,110,1343,12
2026-03-29T04:14:58+00:00,Andre,-28.897375,26.341521,111.3,1339.7,12
2026-03-29T04:15:03+00:00,Andre,-28.898519,26.340653,106.7,1336.4,12
2026-03-29T04:15:08+00:00,Andre,-28.899582,26.339845,97.7,1334.3,12
2026-03-29T04:15:13+00:00,Andre,-28.900529,26.33913,82.6,1332.3,12
2026-03-29T04:15:18+00:00,Andre,-28.901302,26.338603,62.6,1330.8,12
2026-03-29T04:15:23+00:00,Andre,-28.901864,26.338248,41.5,1329.6,12
2026-03-29T04:15:28+00:00,Andre,-28.902183,26.338016,19.7,1328.9,12
2026-03-29T04:15:33+00:00,Andre,-28.902218,26.337999,0.1,1328.8,12
2026-03-29T04:15:38+00:00,Andre,-28.902227,26.338003,0,1327.9,12
2026-03-29T04:15:43+00:00,Andre,-28.902237,26.338003,0,1327.3,12
2026-03-29T04:15:48+00:00,Andre,-28.90224,26.337998,0.1,1328.7,12
2026-03-29T04:15:53+00:00,Andre,-28.90224,26.337992,0.1,1330,12
2026-03-29T04:15:58+00:00,Andre,-28.90227,26.337951,10.6,1329.5,12
2026-03-29T04:16:04+00:00,Andre,-28.902562,26.337719,33.3,1327.3,12
2026-03-29T04:16:09+00:00,Andre,-28.902973,26.337368,47.1,1326.3,12
2026-03-29T04:16:14+00:00,Andre,-28.903539,26.336879,69.5,1325.3,12
2026-03-29T04:16:19+00:00,Andre,-28.904307,26.336269,80.3,1324.3,12
2026-03-29T04:16:24+00:00,Andre,-28.905185,26.335591,87.8,1322.8,12
2026-03-29T04:16:29+00:00,Andre,-28.906119,26.334897,88.6,1321.7,12
2026-03-29T04:16:34+00:00,Andre,-28.907039,26.334181,91.1,1320.9,12
2026-03-29T04:16:39+00:00,Andre,-28.908002,26.333448,94.5,1320,12
2026-03-29T04:16:44+00:00,Andre,-28.909023,26.332676,99,1318.7,12
2026-03-29T04:16:49+00:00,Andre,-28.910091,26.331966,99.2,1317,12
2026-03-29T04:16:54+00:00,Andre,-28.911297,26.331362,110,1315.4,12
2026-03-29T04:16:59+00:00,Andre,-28.91263,26.330902,111.8,1313.8,12
2026-03-29T04:17:04+00:00,Andre,-28.913965,26.330452,111,1313.5,12
2026-03-29T04:17:09+00:00,Andre,-28.915297,26.330032,109.3,1313.3,12
2026-03-29T04:17:15+00:00,Andre,-28.916863,26.329431,110.6,1313.7,12
2026-03-29T04:17:20+00:00,Andre,-28.918167,26.328838,114.4,1313.7,12
2026-03-29T04:17:25+00:00,Andre,-28.919523,26.32819,118.9,1313.5,12
2026-03-29T04:17:30+00:00,Andre,-28.92094,26.327516,124,1313.2,12
2026-03-29T04:17:35+00:00,Andre,-28.922376,26.32683,124.5,1312.6,12
2026-03-29T04:17:40+00:00,Andre,-28.923818,26.326146,124.8,1312,12
2026-03-29T04:17:45+00:00,Andre,-28.925261,26.325459,124.8,1311.4,12
2026-03-29T04:17:50+00:00,Andre,-28.926705,26.324778,124.8,1310.7,12
2026-03-29T04:17:55+00:00,Andre,-28.928146,26.324084,125,1309.7,12
2026-03-29T04:18:00+00:00,Andre,-28.92959,26.323398,124.9,1308.4,12
2026-03-29T04:18:05+00:00,Andre,-28.931033,26.32271,124.9,1307,12
2026-03-29T04:18:10+00:00,Andre,-28.932478,26.322025,125.1,1304.6,12
2026-03-29T04:18:15+00:00,Andre,-28.933923,26.321332,125.3,1300.8,12
2026-03-29T04:18:20+00:00,Andre,-28.935371,26.320641,125.3,1294.8,12
2026-03-29T04:18:26+00:00,Andre,-28.937101,26.319817,124.4,1289.9,12
2026-03-29T04:18:31+00:00,Andre,-28.938539,26.319139,124.3,1288.2,12
2026-03-29T04:18:36+00:00,Andre,-28.939983,26.318468,124.5,1287.8,12
2026-03-29T04:18:41+00:00,Andre,-28.941425,26.317783,124.8,1287.8,12
2026-03-29T04:18:46+00:00,Andre,-28.942901,26.317201,124.7,1287.7,12
2026-03-29T04:18:51+00:00,Andre,-28.944432,26.316844,124.8,1287.6,12
2026-03-29T04:18:56+00:00,Andre,-28.94598,26.316589,124.8,1287.4,12
2026-03-29T04:19:01+00:00,Andre,-28.947527,26.316335,124.9,1287.3,12
2026-03-29T04:19:06+00:00,Andre,-28.949072,26.316072,124.7,1287.3,12
2026-03-29T04:19:11+00:00,Andre,-28.950573,26.315584,124.8,1287.3,12
2026-03-29T04:19:16+00:00,Andre,-28.951963,26.31478,124.8,1287.1,12
2026-03-29T04:19:21+00:00,Andre,-28.953194,26.31369,124.6,1289,12
2026-03-29T04:19:26+00:00,Andre,-28.954371,26.312528,124.8,1291.6,12
2026-03-29T04:19:31+00:00,Andre,-28.95555,26.311363,125,1292.5,12
2026-03-29T04:19:36+00:00,Andre,-28.956733,26.310196,124.9,1292.6,12
2026-03-29T04:19:41+00:00,Andre,-28.957914,26.309027,124.8,1292.9,12
2026-03-29T04:19:47+00:00,Andre,-28.959332,26.30763,124.9,1293,12
2026-03-29T04:19:52+00:00,Andre,-28.960512,26.306463,124.8,1293.5,12
2026-03-29T04:19:57+00:00,Andre,-28.961695,26.305301,124.8,1294.1,12
2026-03-29T04:20:02+00:00,Andre,-28.962873,26.304132,124.8,1294.6,12
2026-03-29T04:20:07+00:00,Andre,-28.964057,26.302972,124.7,1295.5,12
2026-03-29T04:20:12+00:00,Andre,-28.965233,26.301804,124.7,1296.9,12
2026-03-29T04:20:17+00:00,Andre,-28.966416,26.300649,124.3,1300,12
2026-03-29T04:20:22+00:00,Andre,-28.967598,26.299502,124.2,1304.8,12
2026-03-29T04:20:27+00:00,Andre,-28.96878,26.298343,125,1309.1,12
2026-03-29T04:20:32+00:00,Andre,-28.969963,26.297175,125.1,1311.5,12
2026-03-29T04:20:37+00:00,Andre,-28.971155,26.296025,124.5,1314.5,12
2026-03-29T04:20:42+00:00,Andre,-28.972367,26.294911,124.6,1318.2,12
2026-03-29T04:20:47+00:00,Andre,-28.973586,26.293796,124.9,1321.1,12
2026-03-29T04:20:52+00:00,Andre,-28.974797,26.292667,124.9,1322.9,12
2026-03-29T04:20:57+00:00,Andre,-28.976122,26.291756,124.1,1326.9,12
2026-03-29T04:21:02+00:00,Andre,-28.977505,26.29095,124.8,1330.8,12
2026-03-29T04:21:08+00:00,Andre,-28.978655,26.28929,125.3,1330.8,12
2026-03-29T04:21:13+00:00,Andre,-28.978876,26.287549,124,1330.7,12
2026-03-29T04:21:18+00:00,Andre,-28.978889,26.285789,123.8,1337.7,12
2026-03-29T04:21:23+00:00,Andre,-28.979398,26.284126,124.7,1344.2,12
2026-03-29T04:21:28+00:00,Andre,-28.980231,26.282622,125.4,1346.8,12
2026-03-29T04:21:33+00:00,Andre,-28.981329,26.281348,125.4,1346.6,12
2026-03-29T04:21:38+00:00,Andre,-28.982625,26.280349,125,1345.1,12
2026-03-29T04:21:43+00:00,Andre,-28.984005,26.279506,124.8,1342.8,12
2026-03-29T04:21:48+00:00,Andre,-28.985388,26.278685,124.5,1342.6,12
2026-03-29T04:21:53+00:00,Andre,-28.986773,26.277867,124.7,1343.4,12
2026-03-29T04:21:58+00:00,Andre,-28.988159,26.277047,124.8,1344.3,11
2026-03-29T04:22:03+00:00,Andre,-28.989542,26.27622,124.7,1345.5,12
2026-03-29T04:22:08+00:00,Andre,-28.990928,26.275398,124.7,1346,11
2026-03-29T04:22:13+00:00,Andre,-28.992311,26.274568,124.8,1346.6,12
2026-03-29T04:22:19+00:00,Andre,-28.993927,26.273608,114.3,1349.5,12
2026-03-29T04:22:24+00:00,Andre,-28.995129,26.272906,104.2,1355.6,12
2026-03-29T04:22:29+00:00,Andre,-28.996271,26.272331,95,1363.4,12
2026-03-29T04:22:34+00:00,Andre,-28.997319,26.271983,80.5,1370.8,12
2026-03-29T04:22:39+00:00,Andre,-28.998068,26.271768,42.2,1375.3,12
2026-03-29T04:22:44+00:00,Andre,-28.998349,26.271674,20.5,1376.4,12
2026-03-29T04:22:49+00:00,Andre,-28.998579,26.272022,37,1375.5,12
2026-03-29T04:22:54+00:00,Andre,-28.99868,26.272582,43.4,1376,12
2026-03-29T04:22:59+00:00,Andre,-28.998438,26.273097,40.7,1379.4,12
2026-03-29T04:23:04+00:00,Andre,-28.998101,26.273331,24.7,1382.3,12
2026-03-29T04:23:09+00:00,Andre,-28.997971,26.273464,6.9,1383.5,12
2026-03-29T04:23:14+00:00,Andre,-28.997971,26.273569,10,1383.4,12
2026-03-29T04:23:19+00:00,Andre,-28.997968,26.273637,1.5,1383.1,12
2026-03-29T04:23:25+00:00,Andre,-28.997967,26.273656,0.5,1383.9,12
2026-03-29T04:23:30+00:00,Andre,-28.997961,26.27367,0.2,1386.7,12
2026-03-29T04:23:35+00:00,Andre,-28.997961,26.27368,0.1,1386.5,12
2026-03-29T04:23:40+00:00,Andre,-28.99797,26.273689,0.1,1383,12
2026-03-29T04:23:45+00:00,Andre,-28.997967,26.273689,0,1381.8,12
2026-03-29T04:23:50+00:00,Andre,-28.997967,26.273689,0.2,1380.8,12
2026-03-29T04:23:55+00:00,Andre,-28.997962,26.273688,0,1381,11
2026-03-29T04:24:00+00:00,Andre,-28.997957,26.273688,0.1,1381.8,11
2026-03-29T04:24:05+00:00,Andre,-28.997951,26.273689,0.1,1383,12
2026-03-29T04:24:10+00:00,Andre,-28.997944,26.273688,0,1384.1,12
2026-03-29T04:24:15+00:00,Andre,-28.997937,26.273685,0.2,1385,12
2026-03-29T04:24:20+00:00,Andre,-28.997922,26.273678,0.1,1387.5,11
2026-03-29T04:24:43+00:00,Andre,-28.997885,26.273623,0.2,1389.3,9
2026-03-29T04:24:43+00:00,Andre,-28.997885,26.273623,0.2,1389.3,9
2026-03-29T04:25:18+00:00,Andre,-28.997905,26.273596,0.1,1381.3,12
2026-03-29T04:25:25+00:00,Andre,-28.997902,26.273588,0.2,1378.7,11
2026-03-29T04:25:28+00:00,Andre,-28.997901,26.273587,0.2,1379.1,11
2026-03-29T04:25:57+00:00,Andre,-28.997883,26.273619,0.8,1376,10
2026-03-29T04:26:03+00:00,Andre,-28.99789,26.273622,0.3,1375.5,11
2026-03-29T04:26:06+00:00,Andre,-28.997892,26.27362,0.6,1375.7,9
2026-03-29T04:26:34+00:00,Andre,-28.997885,26.273616,0.1,1373.1,11
2026-03-29T04:26:40+00:00,Andre,-28.997883,26.273606,0.2,1374.5,12
2026-03-29T04:26:43+00:00,Andre,-28.997878,26.273603,0.1,1376.4,11
2026-03-29T04:27:12+00:00,Andre,-28.997888,26.273644,0,1376.3,12
2026-03-29T04:27:18+00:00,Andre,-28.997902,26.273655,0.2,1375.8,12
2026-03-29T04:27:21+00:00,Andre,-28.997901,26.273658,0.1,1376.5,12
2026-03-29T04:27:51+00:00,Andre,-28.997855,26.273691,0.4,1384.9,11
2026-03-29T04:27:58+00:00,Andre,-28.997856,26.273688,0.1,1385.2,11
2026-03-29T04:28:00+00:00,Andre,-28.997855,26.273691,0.5,1384.6,11
2026-03-29T04:28:31+00:00,Andre,-28.997827,26.27369,0.1,1392.6,10
2026-03-29T04:28:41+00:00,Andre,-28.997823,26.273707,0.3,1397.7,12
2026-03-29T04:29:10+00:00,Andre,-28.997937,26.273979,15.3,1395.2,11
2026-03-29T04:29:19+00:00,Andre,-28.998245,26.273509,33.6,1391.5,12
2026-03-29T04:29:49+00:00,Andre,-28.999377,26.270669,77.6,1376.4,12
2026-03-29T04:29:55+00:00,Andre,-29.000527,26.269897,98.3,1374,12
2026-03-29T04:29:58+00:00,Andre,-29.001213,26.269478,107.2,1373,12
2026-03-29T04:30:26+00:00,Andre,-29.008817,26.265341,125,1369.5,12
2026-03-29T04:30:32+00:00,Andre,-29.010515,26.264423,124.9,1366.2,12
2026-03-29T04:30:35+00:00,Andre,-29.01136,26.263953,124.6,1365.2,12
2026-03-29T04:31:02+00:00,Andre,-29.018957,26.25983,124.6,1375.7,12
2026-03-29T04:31:08+00:00,Andre,-29.020644,26.258902,124.7,1378.9,12
2026-03-29T04:31:11+00:00,Andre,-29.021457,26.258389,124.5,1380.4,12
2026-03-29T04:31:42+00:00,Andre,-29.027855,26.250272,124.7,1363.2,12
2026-03-29T04:31:48+00:00,Andre,-29.028655,26.248348,123.3,1359.1,12
2026-03-29T04:31:51+00:00,Andre,-29.029059,26.247389,124.4,1358,10
2026-03-29T04:32:21+00:00,Andre,-29.033058,26.237742,124.7,1361.1,10
2026-03-29T04:32:27+00:00,Andre,-29.033888,26.235827,124.9,1360.9,11
2026-03-29T04:32:30+00:00,Andre,-29.034287,26.23486,124.9,1360.4,11
2026-03-29T04:33:00+00:00,Andre,-29.03828,26.225213,124.4,1365.8,10
2026-03-29T04:33:07+00:00,Andre,-29.039209,26.222969,124.4,1373,11
2026-03-29T04:33:10+00:00,Andre,-29.039605,26.222004,124.4,1376.2,11
2026-03-29T04:33:40+00:00,Andre,-29.04392,26.212553,125.3,1382.2,11
2026-03-29T04:33:46+00:00,Andre,-29.045317,26.211118,125.1,1374.4,10
2026-03-29T04:33:49+00:00,Andre,-29.046098,26.210534,124.2,1371.8,10
2026-03-29T04:34:18+00:00,Andre,-29.054839,26.208324,124.8,1384.6,11
2026-03-29T04:34:25+00:00,Andre,-29.05678,26.207188,124.8,1389.6,10
2026-03-29T04:34:28+00:00,Andre,-29.057527,26.206544,124.8,1390.9,11
2026-03-29T04:34:56+00:00,Andre,-29.061861,26.197432,134,1410.3,11
2026-03-29T04:35:03+00:00,Andre,-29.062915,26.195046,133.8,1420,11
2026-03-29T04:35:04+00:00,Andre,-29.063097,26.194725,133.8,1421.5,11
2026-03-29T04:35:34+00:00,Andre,-29.068468,26.18816,97.6,1453.3,10
2026-03-29T04:35:41+00:00,Andre,-29.069805,26.186604,117.6,1455.9,11
2026-03-29T04:35:43+00:00,Andre,-29.07023,26.186118,122.1,1457.1,11
2026-03-29T04:36:12+00:00,Andre,-29.078043,26.179846,126.9,1465.7,11
2026-03-29T04:36:19+00:00,Andre,-29.080039,26.178452,140.9,1461.9,11
2026-03-29T04:36:22+00:00,Andre,-29.080966,26.177806,147,1459.9,11
2026-03-29T04:36:48+00:00,Andre,-29.088919,26.172283,134.5,1445.3,11
2026-03-29T04:36:57+00:00,Andre,-29.091498,26.170488,133.5,1447.7,11
2026-03-29T04:36:57+00:00,Andre,-29.091498,26.170488,133.5,1447.7,11
2026-03-29T04:37:24+00:00,Andre,-29.099504,26.165601,134.8,1443.5,11
2026-03-29T04:37:30+00:00,Andre,-29.101475,26.165075,134.4,1437.1,11
2026-03-29T04:37:34+00:00,Andre,-29.102809,26.164853,134.2,1434.7,11
2026-03-29T04:38:09+00:00,Andre,-29.114516,26.163313,134.4,1422,11
2026-03-29T04:38:15+00:00,Andre,-29.116524,26.163056,134.4,1420.3,11
2026-03-29T04:38:18+00:00,Andre,-29.117529,26.162933,134.5,1420.1,11
2026-03-29T04:38:47+00:00,Andre,-29.12723,26.163591,133.5,1426,11
2026-03-29T04:38:53+00:00,Andre,-29.129187,26.164147,134,1430.8,11
2026-03-29T04:38:56+00:00,Andre,-29.13015,26.164486,134,1433.7,10
2026-03-29T04:39:23+00:00,Andre,-29.138624,26.168266,134.2,1442.7,11
2026-03-29T04:39:30+00:00,Andre,-29.14082,26.169244,134.5,1445.2,10
2026-03-29T04:39:33+00:00,Andre,-29.141764,26.169653,134.4,1446.8,10
2026-03-29T04:40:02+00:00,Andre,-29.150845,26.173766,134.5,1452.3,11
2026-03-29T04:40:08+00:00,Andre,-29.152717,26.174637,134.5,1451.1,10
2026-03-29T04:40:11+00:00,Andre,-29.15365,26.17508,134.5,1450.4,10
2026-03-29T04:40:47+00:00,Andre,-29.164656,26.18121,134.5,1431.9,11
2026-03-29T04:40:53+00:00,Andre,-29.166477,26.182209,134.2,1428.1,11
2026-03-29T04:40:56+00:00,Andre,-29.167381,26.18272,134.4,1426.9,11
2026-03-29T04:41:27+00:00,Andre,-29.176752,26.187979,134,1421.2,11
2026-03-29T04:41:33+00:00,Andre,-29.178549,26.189011,133.7,1426,11
2026-03-29T04:42:04+00:00,Andre,-29.188216,26.193349,134.4,1429.2,11
2026-03-29T04:42:13+00:00,Andre,-29.191243,26.1935,134.5,1425.6,11
2026-03-29T04:42:19+00:00,Andre,-29.193252,26.193244,134.6,1424.7,11
2026-03-29T04:42:47+00:00,Andre,-29.202419,26.190698,134.5,1415.2,10
2026-03-29T04:42:53+00:00,Andre,-29.20438,26.190137,134.5,1412.2,9
2026-03-29T04:42:57+00:00,Andre,-29.205688,26.189762,134.6,1410.2,10
2026-03-29T04:43:26+00:00,Andre,-29.215076,26.187106,116.9,1405.5,10
2026-03-29T04:43:32+00:00,Andre,-29.216862,26.186595,128.7,1404,10
2026-03-29T04:43:35+00:00,Andre,-29.217824,26.186323,133.3,1404.3,10
2026-03-29T04:44:05+00:00,Andre,-29.227617,26.18354,134.3,1411.8,10
2026-03-29T04:44:11+00:00,Andre,-29.229575,26.182985,134.2,1415.1,10
2026-03-29T04:44:15+00:00,Andre,-29.230882,26.182617,134.3,1416.9,10
2026-03-29T04:44:43+00:00,Andre,-29.24005,26.180036,135,1430.9,10
2026-03-29T04:44:49+00:00,Andre,-29.242028,26.179501,135.1,1426.4,10
2026-03-29T04:44:53+00:00,Andre,-29.243344,26.179147,134.8,1423.7,10
2026-03-29T04:45:26+00:00,Andre,-29.253718,26.176423,115,1420.4,10
2026-03-29T04:45:32+00:00,Andre,-29.255466,26.175916,116.3,1415.2,10
2026-03-29T04:45:39+00:00,Andre,-29.257289,26.175425,111.5,1408.3,10
2026-03-29T04:45:45+00:00,Andre,-29.259049,26.174958,126.5,1402.9,10
2026-03-29T04:45:52+00:00,Andre,-29.261296,26.174352,133.3,1399.1,10
2026-03-29T04:45:54+00:00,Andre,-29.261948,26.17418,133.5,1397.4,10
2026-03-29T04:46:37+00:00,Andre,-29.276049,26.17041,134.5,1371.4,10
2026-03-29T04:46:44+00:00,Andre,-29.278192,26.169842,112.5,1370.2,10
2026-03-29T04:46:47+00:00,Andre,-29.278995,26.169629,106.5,1370.4,10
2026-03-29T04:47:15+00:00,Andre,-29.286634,26.167583,131.9,1380.8,10
2026-03-29T04:47:21+00:00,Andre,-29.288567,26.167074,133.3,1386.6,10
2026-03-29T04:47:25+00:00,Andre,-29.289872,26.166726,134,1389.4,10
2026-03-29T04:47:51+00:00,Andre,-29.298409,26.164435,134.7,1403.5,10
2026-03-29T04:47:57+00:00,Andre,-29.30038,26.163912,134.5,1404.2,10
2026-03-29T04:48:01+00:00,Andre,-29.301699,26.163592,134.5,1404.2,10
2026-03-29T04:48:28+00:00,Andre,-29.31056,26.161182,134.6,1401.4,10
2026-03-29T04:48:34+00:00,Andre,-29.312526,26.160656,134.2,1402.5,10
2026-03-29T04:48:37+00:00,Andre,-29.313507,26.160393,133.9,1404.6,10
2026-03-29T04:49:04+00:00,Andre,-29.322383,26.158061,135,1411.4,10
2026-03-29T04:49:10+00:00,Andre,-29.32437,26.157522,136.2,1406.1,10
2026-03-29T04:49:13+00:00,Andre,-29.325364,26.157255,135.7,1403.4,10
2026-03-29T04:49:41+00:00,Andre,-29.332603,26.155278,110.8,1387,10
2026-03-29T04:49:48+00:00,Andre,-29.334672,26.154771,124.4,1386.8,10
2026-03-29T04:49:50+00:00,Andre,-29.33529,26.154605,128.3,1386.5,10
2026-03-29T04:50:26+00:00,Andre,-29.347271,26.151404,135.4,1386.9,10
2026-03-29T04:50:32+00:00,Andre,-29.349248,26.150872,134.9,1387.1,10
2026-03-29T04:50:35+00:00,Andre,-29.350235,26.150609,134.8,1387.2,10
2026-03-29T04:51:01+00:00,Andre,-29.358772,26.148323,134.5,1388.7,10
2026-03-29T04:51:07+00:00,Andre,-29.360741,26.147796,134.6,1388.9,10
2026-03-29T04:51:10+00:00,Andre,-29.361725,26.147532,134.5,1389,10
2026-03-29T04:51:45+00:00,Andre,-29.373213,26.144455,134.7,1394.8,10
2026-03-29T04:51:53+00:00,Andre,-29.375842,26.143756,134.6,1395.7,10
2026-03-29T04:52:21+00:00,Andre,-29.385026,26.141285,134.6,1400.9,10
2026-03-29T04:52:27+00:00,Andre,-29.386996,26.140759,134.5,1402.6,10
2026-03-29T04:52:31+00:00,Andre,-29.38831,26.14041,134.6,1403.5,10
2026-03-29T04:52:59+00:00,Andre,-29.397473,26.137797,134.7,1403,10
2026-03-29T04:53:06+00:00,Andre,-29.399615,26.136662,134.8,1401.2,10
2026-03-29T04:53:08+00:00,Andre,-29.400217,26.136314,134.6,1400.2,10
2026-03-29T04:53:38+00:00,Andre,-29.407321,26.132233,123.6,1393.1,10
2026-03-29T04:53:45+00:00,Andre,-29.409359,26.131055,135.3,1391.5,10
2026-03-29T04:53:48+00:00,Andre,-29.410303,26.130494,144.7,1390.2,10
2026-03-29T04:54:18+00:00,Andre,-29.41882,26.125602,81.4,1379.4,10
2026-03-29T04:54:25+00:00,Andre,-29.42007,26.124881,77.7,1380.8,10
2026-03-29T04:54:26+00:00,Andre,-29.420246,26.12478,78.7,1381.2,10
2026-03-29T04:54:58+00:00,Andre,-29.426905,26.120939,103.7,1395.6,10
2026-03-29T04:55:05+00:00,Andre,-29.428508,26.120027,101.7,1399.1,10
2026-03-29T04:55:07+00:00,Andre,-29.428961,26.119765,101,1400.2,10
2026-03-29T04:55:39+00:00,Andre,-29.437901,26.115551,152.5,1395.7,10
2026-03-29T04:55:46+00:00,Andre,-29.440475,26.114566,155.2,1390.5,10
2026-03-29T04:55:46+00:00,Andre,-29.440475,26.114566,155.2,1389.9,10
2026-03-29T04:56:22+00:00,Andre,-29.452786,26.109849,144.5,1398.7,10
2026-03-29T04:56:29+00:00,Andre,-29.455106,26.108965,136.3,1400.8,10
2026-03-29T04:56:32+00:00,Andre,-29.45608,26.108591,136.1,1402,10
2026-03-29T04:57:01+00:00,Andre,-29.465832,26.104861,143,1390.5,10
2026-03-29T04:57:08+00:00,Andre,-29.46799,26.10399,129.2,1389.1,9
2026-03-29T04:57:10+00:00,Andre,-29.468618,26.103751,134,1388.6,10
2026-03-29T04:57:45+00:00,Andre,-29.480365,26.09927,126.3,1390.2,9
2026-03-29T04:57:51+00:00,Andre,-29.481754,26.098761,86.5,1391.6,9
2026-03-29T04:57:54+00:00,Andre,-29.482316,26.098557,74.3,1392.2,9
2026-03-29T04:58:22+00:00,Andre,-29.487091,26.096725,78.4,1397,9
2026-03-29T04:58:28+00:00,Andre,-29.488164,26.096318,74,1397.9,9
2026-03-29T04:58:31+00:00,Andre,-29.488698,26.096112,75.6,1398.7,9
2026-03-29T04:59:02+00:00,Andre,-29.495499,26.093511,80.8,1405.5,10
2026-03-29T04:59:09+00:00,Andre,-29.496825,26.093002,78,1407.5,10
2026-03-29T04:59:15+00:00,Andre,-29.497988,26.092523,91.9,1409.2,10
2026-03-29T04:59:22+00:00,Andre,-29.499693,26.091893,112.5,1409.9,10
2026-03-29T04:59:28+00:00,Andre,-29.5012,26.091288,94,1410.9,10
2026-03-29T04:59:34+00:00,Andre,-29.502441,26.090844,83.8,1412.2,10
2026-03-29T04:59:41+00:00,Andre,-29.503805,26.090317,75,1412.9,10
2026-03-29T04:59:47+00:00,Andre,-29.504885,26.089901,76.7,1414.2,10
2026-03-29T04:59:53+00:00,Andre,-29.505972,26.089474,79.1,1416,10
2026-03-29T05:00:00+00:00,Andre,-29.507516,26.088857,102.7,1418,10
2026-03-29T05:00:06+00:00,Andre,-29.509118,26.088279,118.6,1422.1,10
2026-03-29T05:00:13+00:00,Andre,-29.511198,26.087512,128.6,1428,10
2026-03-29T05:00:20+00:00,Andre,-29.513358,26.086694,133.2,1435.8,10
2026-03-29T05:00:26+00:00,Andre,-29.515265,26.085936,133.1,1438.5,10
2026-03-29T05:00:32+00:00,Andre,-29.517067,26.084901,135,1437.6,10
2026-03-29T05:00:39+00:00,Andre,-29.51904,26.083411,135.2,1431.5,10
2026-03-29T05:00:45+00:00,Andre,-29.520731,26.082136,134.8,1424.4,10
2026-03-29T05:00:52+00:00,Andre,-29.522702,26.080659,134.2,1418.2,10
2026-03-29T05:00:59+00:00,Andre,-29.524679,26.079195,134.5,1413.7,10
2026-03-29T05:01:06+00:00,Andre,-29.526659,26.077729,134.6,1409.3,10
2026-03-29T05:01:12+00:00,Andre,-29.528352,26.076466,134.6,1405.2,10
2026-03-29T05:01:19+00:00,Andre,-29.530328,26.074993,134.5,1401,10
2026-03-29T05:01:25+00:00,Andre,-29.532019,26.07373,134.4,1398.5,10
2026-03-29T05:01:32+00:00,Andre,-29.533993,26.072259,134.3,1397.7,10
2026-03-29T05:01:38+00:00,Andre,-29.53568,26.070993,134.3,1399.4,10
2026-03-29T05:01:44+00:00,Andre,-29.537368,26.069729,134.4,1402.2,10
2026-03-29T05:01:50+00:00,Andre,-29.53906,26.068466,134.5,1405,10
2026-03-29T05:01:57+00:00,Andre,-29.541037,26.066994,134.7,1407.8,10
2026-03-29T05:02:03+00:00,Andre,-29.542735,26.065731,134.8,1409.3,10
2026-03-29T05:02:10+00:00,Andre,-29.544712,26.064257,134.7,1410.6,10
2026-03-29T05:02:16+00:00,Andre,-29.546399,26.062987,134.8,1411.5,10
2026-03-29T05:02:22+00:00,Andre,-29.548092,26.061722,134.5,1412.5,10
2026-03-29T05:02:28+00:00,Andre,-29.549786,26.060457,134.5,1413.4,10
2026-03-29T05:02:35+00:00,Andre,-29.551762,26.058985,134.2,1415.8,10
2026-03-29T05:02:41+00:00,Andre,-29.553451,26.057721,134.4,1419,10
2026-03-29T05:02:48+00:00,Andre,-29.555425,26.056245,134.5,1422.4,10
2026-03-29T05:02:54+00:00,Andre,-29.557123,26.054989,134.7,1426.2,10
2026-03-29T05:03:00+00:00,Andre,-29.558833,26.053743,134.9,1427.4,10
2026-03-29T05:03:07+00:00,Andre,-29.560844,26.052323,134.7,1425.6,10
2026-03-29T05:03:13+00:00,Andre,-29.56257,26.051115,134.6,1423.8,10
2026-03-29T05:03:19+00:00,Andre,-29.564299,26.049912,134.7,1422.1,10
2026-03-29T05:03:26+00:00,Andre,-29.566313,26.048506,134.7,1420.5,10
2026-03-29T05:03:32+00:00,Andre,-29.568043,26.047297,136.1,1418.5,10
2026-03-29T05:03:38+00:00,Andre,-29.569834,26.045998,143.5,1416.8,10
2026-03-29T05:03:45+00:00,Andre,-29.572007,26.044526,144.2,1414.9,10
2026-03-29T05:03:51+00:00,Andre,-29.573856,26.04323,144.3,1412.9,10
2026-03-29T05:03:57+00:00,Andre,-29.575705,26.041936,144.1,1411.4,10
2026-03-29T05:04:04+00:00,Andre,-29.577774,26.040488,118.9,1412.2,10
2026-03-29T05:04:10+00:00,Andre,-29.579325,26.03939,127.7,1412.7,10
2026-03-29T05:04:17+00:00,Andre,-29.581344,26.038003,137.2,1412.7,10
2026-03-29T05:04:23+00:00,Andre,-29.583115,26.036762,141.8,1412.2,10
2026-03-29T05:04:30+00:00,Andre,-29.585263,26.035257,144.4,1411.1,10
2026-03-29T05:04:37+00:00,Andre,-29.587426,26.033751,144.6,1408.9,10
2026-03-29T05:04:44+00:00,Andre,-29.58959,26.032239,144.6,1403.5,10
2026-03-29T05:04:51+00:00,Andre,-29.591752,26.030724,144.5,1397,10
2026-03-29T05:04:57+00:00,Andre,-29.593604,26.02943,144.1,1391.6,10
2026-03-29T05:05:03+00:00,Andre,-29.595452,26.028133,144.3,1386.6,10
2026-03-29T05:05:10+00:00,Andre,-29.597613,26.026626,144.3,1380.9,10
2026-03-29T05:05:18+00:00,Andre,-29.600075,26.024903,143.8,1378.3,10
2026-03-29T05:05:24+00:00,Andre,-29.601923,26.023613,144.2,1378.8,10
2026-03-29T05:05:30+00:00,Andre,-29.603772,26.022318,144.3,1379.2,10
2026-03-29T05:05:37+00:00,Andre,-29.60593,26.020807,144,1379.1,10
2026-03-29T05:05:46+00:00,Andre,-29.608702,26.018852,144.4,1374.7,10
2026-03-29T05:05:53+00:00,Andre,-29.610868,26.017349,144.3,1370.7,10
2026-03-29T05:05:59+00:00,Andre,-29.61272,26.016057,144.3,1367.8,10
2026-03-29T05:06:05+00:00,Andre,-29.614572,26.014764,144.3,1365.9,10
2026-03-29T05:06:12+00:00,Andre,-29.616734,26.013253,144.4,1363.2,10
2026-03-29T05:06:18+00:00,Andre,-29.618589,26.011962,144.3,1361.2,10
2026-03-29T05:06:25+00:00,Andre,-29.620737,26.010438,144,1360.7,10
2026-03-29T05:06:32+00:00,Andre,-29.622664,26.009084,107.5,1361.1,10
2026-03-29T05:06:39+00:00,Andre,-29.624029,26.008141,78.9,1361.3,10
2026-03-29T05:06:48+00:00,Andre,-29.625678,26.006981,102.1,1361.1,10
2026-03-29T05:06:55+00:00,Andre,-29.627031,26.006047,77.8,1360.4,10
2026-03-29T05:07:02+00:00,Andre,-29.628284,26.005173,94.9,1360.4,10
2026-03-29T05:07:09+00:00,Andre,-29.629865,26.00407,112.8,1360.8,10
2026-03-29T05:07:15+00:00,Andre,-29.63142,26.002966,128.2,1361.4,10
2026-03-29T05:07:22+00:00,Andre,-29.633452,26.001553,141.5,1362.2,10
2026-03-29T05:07:28+00:00,Andre,-29.635303,26.000263,147.4,1362.4,10
2026-03-29T05:07:35+00:00,Andre,-29.637598,25.998703,154.6,1360.3,10
2026-03-29T05:07:42+00:00,Andre,-29.640044,25.997356,155.2,1355.9,10
2026-03-29T05:07:48+00:00,Andre,-29.642191,25.996305,158.9,1350.2,10
2026-03-29T05:07:55+00:00,Andre,-29.644805,25.99513,160.4,1345.9,10
2026-03-29T05:08:01+00:00,Andre,-29.647015,25.994186,154.3,1343,10
2026-03-29T05:08:07+00:00,Andre,-29.649141,25.993252,152.8,1339.8,10
2026-03-29T05:08:13+00:00,Andre,-29.651288,25.992307,151.3,1336.8,10
2026-03-29T05:08:20+00:00,Andre,-29.653788,25.991212,153.2,1332.8,10
2026-03-29T05:08:26+00:00,Andre,-29.655951,25.990238,157.2,1331.3,10
2026-03-29T05:08:32+00:00,Andre,-29.658189,25.989247,159.5,1331.4,10
2026-03-29T05:08:39+00:00,Andre,-29.660673,25.988168,146.1,1331.5,10
2026-03-29T05:08:45+00:00,Andre,-29.662702,25.987274,145,1331.7,10
2026-03-29T05:08:51+00:00,Andre,-29.664684,25.986403,135.8,1331.2,10
2026-03-29T05:08:57+00:00,Andre,-29.666495,25.985576,131.8,1332.2,10
2026-03-29T05:09:04+00:00,Andre,-29.668781,25.984616,143.5,1334.2,10
2026-03-29T05:09:11+00:00,Andre,-29.671168,25.983565,146.8,1340.1,10
2026-03-29T05:09:17+00:00,Andre,-29.673243,25.982654,148.9,1345.4,10
2026-03-29T05:09:24+00:00,Andre,-29.675633,25.981672,137.4,1349.5,10
2026-03-29T05:09:32+00:00,Andre,-29.677801,25.981002,94.5,1353,10
2026-03-29T05:09:39+00:00,Andre,-29.679615,25.980459,117.8,1353.7,10
2026-03-29T05:09:46+00:00,Andre,-29.681786,25.979831,135.7,1351.9,10
2026-03-29T05:09:53+00:00,Andre,-29.684139,25.979132,137.9,1350.1,10
2026-03-29T05:09:59+00:00,Andre,-29.686031,25.978571,121.8,1348.1,10
2026-03-29T05:10:05+00:00,Andre,-29.687611,25.978102,99.3,1346.9,10
2026-03-29T05:10:11+00:00,Andre,-29.689201,25.977621,118.3,1346.5,10
2026-03-29T05:10:18+00:00,Andre,-29.691372,25.976966,134.3,1346.1,10
2026-03-29T05:10:24+00:00,Andre,-29.693213,25.976409,116.5,1346.2,10
2026-03-29T05:10:30+00:00,Andre,-29.694795,25.975967,108,1346.9,10
2026-03-29T05:10:37+00:00,Andre,-29.696725,25.975397,116.5,1348.6,10
2026-03-29T05:10:43+00:00,Andre,-29.698357,25.974905,109.4,1351,10
2026-03-29T05:10:50+00:00,Andre,-29.700268,25.974324,115.9,1353.9,10
2026-03-29T05:10:56+00:00,Andre,-29.701881,25.973829,111.4,1356.4,10
2026-03-29T05:11:02+00:00,Andre,-29.703608,25.973328,124.2,1360.6,10
2026-03-29T05:11:09+00:00,Andre,-29.705818,25.972667,134.9,1366.2,10
2026-03-29T05:11:16+00:00,Andre,-29.708181,25.971964,142.8,1371,10
2026-03-29T05:11:23+00:00,Andre,-29.71067,25.971228,149.2,1372.9,10
2026-03-29T05:11:29+00:00,Andre,-29.712821,25.970588,148.7,1372.4,10
2026-03-29T05:11:36+00:00,Andre,-29.715402,25.969823,153.1,1372.3,10
2026-03-29T05:11:42+00:00,Andre,-29.71757,25.969182,144.5,1373.5,10
2026-03-29T05:11:49+00:00,Andre,-29.719988,25.968474,140.4,1372.2,10
2026-03-29T05:11:55+00:00,Andre,-29.722091,25.967856,145.4,1370.3,10
2026-03-29T05:12:01+00:00,Andre,-29.724247,25.967215,146.6,1370.1,10
2026-03-29T05:12:08+00:00,Andre,-29.726491,25.966544,121,1371.3,10
2026-03-29T05:12:14+00:00,Andre,-29.728241,25.966023,119.4,1372.4,10
2026-03-29T05:12:20+00:00,Andre,-29.729979,25.965504,123.2,1373.5,10
2026-03-29T05:12:27+00:00,Andre,-29.732184,25.964834,136.9,1374.3,10
2026-03-29T05:12:33+00:00,Andre,-29.734246,25.964227,143.5,1374.4,10
2026-03-29T05:12:39+00:00,Andre,-29.736291,25.963617,131.1,1374.4,10
2026-03-29T05:12:45+00:00,Andre,-29.738019,25.963109,110.4,1375.7,10
2026-03-29T05:12:52+00:00,Andre,-29.73957,25.962639,81.4,1378.5,10
2026-03-29T05:12:58+00:00,Andre,-29.740949,25.962227,105.4,1379.5,10
2026-03-29T05:13:05+00:00,Andre,-29.742919,25.961662,121.1,1382.1,10
2026-03-29T05:13:11+00:00,Andre,-29.744784,25.961107,134,1385,10
2026-03-29T05:13:17+00:00,Andre,-29.746814,25.960505,143.6,1387.4,10
2026-03-29T05:13:23+00:00,Andre,-29.748934,25.959875,149,1387.5,10
2026-03-29T05:13:29+00:00,Andre,-29.751117,25.959217,151.4,1387.7,10
2026-03-29T05:13:36+00:00,Andre,-29.753723,25.958443,154.7,1389.5,10
2026-03-29T05:13:42+00:00,Andre,-29.755966,25.957782,151.2,1391.2,10
2026-03-29T05:13:48+00:00,Andre,-29.758131,25.957134,146.4,1391.6,10
2026-03-29T05:13:54+00:00,Andre,-29.760267,25.956501,148.5,1392.3,10
2026-03-29T05:14:00+00:00,Andre,-29.762415,25.955825,151.4,1392.1,10
2026-03-29T05:14:06+00:00,Andre,-29.764651,25.955183,154.9,1394.1,10
2026-03-29T05:14:12+00:00,Andre,-29.766913,25.95452,155,1397.8,10
2026-03-29T05:14:18+00:00,Andre,-29.769159,25.953851,152.7,1401.5,9
2026-03-29T05:14:24+00:00,Andre,-29.771391,25.953187,154,1404.7,9
2026-03-29T05:14:31+00:00,Andre,-29.77396,25.952347,153,1407.8,9
2026-03-29T05:14:37+00:00,Andre,-29.776024,25.951456,140.3,1409.8,8
2026-03-29T05:14:43+00:00,Andre,-29.777937,25.950401,146.2,1409.2,9
2026-03-29T05:14:49+00:00,Andre,-29.779881,25.949141,150.8,1406.5,9
2026-03-29T05:14:56+00:00,Andre,-29.782012,25.947464,141.5,1402.7,9
2026-03-29T05:15:02+00:00,Andre,-29.783662,25.9461,134.5,1400.9,9
2026-03-29T05:15:09+00:00,Andre,-29.785661,25.944398,147.7,1400.1,9
2026-03-29T05:15:15+00:00,Andre,-29.787528,25.942905,153.3,1399.7,9
2026-03-29T05:15:22+00:00,Andre,-29.789693,25.941122,153.2,1397.9,9
2026-03-29T05:15:28+00:00,Andre,-29.791531,25.939602,150.6,1396.5,9
2026-03-29T05:15:34+00:00,Andre,-29.793348,25.938103,147.3,1398.4,10
2026-03-29T05:15:40+00:00,Andre,-29.795142,25.936618,148.1,1400.6,10
2026-03-29T05:15:46+00:00,Andre,-29.796926,25.935137,146.1,1403.3,10
2026-03-29T05:15:53+00:00,Andre,-29.798953,25.933463,139.6,1405.5,10
2026-03-29T05:15:59+00:00,Andre,-29.800578,25.932108,131.9,1406.7,10
2026-03-29T05:16:05+00:00,Andre,-29.802037,25.930901,97.9,1407.4,10
2026-03-29T05:16:12+00:00,Andre,-29.803249,25.92991,77.2,1407.8,10
2026-03-29T05:16:18+00:00,Andre,-29.804125,25.929183,67.5,1408.4,10
2026-03-29T05:16:25+00:00,Andre,-29.805107,25.928369,71.2,1408.9,10
2026-03-29T05:16:32+00:00,Andre,-29.806116,25.927542,70,1409.5,10
2026-03-29T05:16:38+00:00,Andre,-29.806985,25.926821,72.1,1410,10
2026-03-29T05:16:45+00:00,Andre,-29.808005,25.925977,71.3,1410.4,10
2026-03-29T05:16:51+00:00,Andre,-29.808916,25.925221,78.3,1410.3,10
2026-03-29T05:16:57+00:00,Andre,-29.809913,25.924398,80.2,1410.2,10
2026-03-29T05:17:03+00:00,Andre,-29.810862,25.923621,74.4,1410.1,10
2026-03-29T05:17:10+00:00,Andre,-29.811915,25.922755,76.8,1410.2,10
2026-03-29T05:17:17+00:00,Andre,-29.812983,25.921868,75.5,1411.3,10
2026-03-29T05:17:23+00:00,Andre,-29.813853,25.921148,69.7,1413.1,10
2026-03-29T05:17:29+00:00,Andre,-29.814704,25.920448,71.2,1414.7,10
2026-03-29T05:17:39+00:00,Andre,-29.816274,25.919101,95.8,1416.4,10
2026-03-29T05:17:46+00:00,Andre,-29.817806,25.917837,118.6,1416.8,10
2026-03-29T05:17:52+00:00,Andre,-29.819347,25.916565,131.8,1417.4,10
2026-03-29T05:17:58+00:00,Andre,-29.821026,25.915233,138.1,1418,10
2026-03-29T05:18:04+00:00,Andre,-29.822762,25.913806,146,1418.9,10
2026-03-29T05:18:10+00:00,Andre,-29.824575,25.912306,150.1,1419.7,10
2026-03-29T05:18:17+00:00,Andre,-29.826763,25.9105,156.5,1420.4,10
2026-03-29T05:18:25+00:00,Andre,-29.829324,25.908388,157.6,1424.1,10
2026-03-29T05:18:31+00:00,Andre,-29.831241,25.906799,157.4,1427.2,10
2026-03-29T05:18:38+00:00,Andre,-29.833475,25.904956,156.1,1432.1,10
2026-03-29T05:18:44+00:00,Andre,-29.835373,25.90339,155.2,1436.2,10
2026-03-29T05:18:51+00:00,Andre,-29.83759,25.901547,156.5,1439,10
2026-03-29T05:18:57+00:00,Andre,-29.839486,25.899955,155.5,1442.4,10
2026-03-29T05:19:04+00:00,Andre,-29.841696,25.898157,154.9,1445,10
2026-03-29T05:19:10+00:00,Andre,-29.843585,25.896612,153.1,1448.8,10
2026-03-29T05:19:16+00:00,Andre,-29.845443,25.895068,152.2,1452.6,10
2026-03-29T05:19:22+00:00,Andre,-29.8473,25.893533,152.3,1457.4,10
2026-03-29T05:19:29+00:00,Andre,-29.849462,25.89175,152.1,1462.8,10
2026-03-29T05:19:35+00:00,Andre,-29.85134,25.89019,156.2,1466.1,10
2026-03-29T05:19:41+00:00,Andre,-29.853299,25.88862,161.5,1467.2,10
2026-03-29T05:19:48+00:00,Andre,-29.855676,25.88705,148.5,1468.5,10
2026-03-29T05:19:54+00:00,Andre,-29.857534,25.885858,136.2,1467.2,10
2026-03-29T05:20:01+00:00,Andre,-29.859538,25.884584,131.3,1463.5,10
2026-03-29T05:20:07+00:00,Andre,-29.861353,25.883405,144.3,1461.9,10
2026-03-29T05:20:13+00:00,Andre,-29.863328,25.882181,153.4,1460.2,10
2026-03-29T05:20:19+00:00,Andre,-29.865359,25.880882,153,1458.7,10
2026-03-29T05:20:25+00:00,Andre,-29.867339,25.879623,148.6,1456.7,10
2026-03-29T05:20:31+00:00,Andre,-29.869297,25.878363,149.2,1455.2,10
2026-03-29T05:20:38+00:00,Andre,-29.871589,25.876895,149.7,1453.5,10
2026-03-29T05:20:45+00:00,Andre,-29.873863,25.875435,148,1452,10
2026-03-29T05:20:51+00:00,Andre,-29.87582,25.874185,150.3,1450.2,10
2026-03-29T05:20:57+00:00,Andre,-29.877795,25.872904,149.5,1448.6,10
2026-03-29T05:21:04+00:00,Andre,-29.880016,25.871335,144,1447,10
2026-03-29T05:21:11+00:00,Andre,-29.882238,25.869805,152.1,1445.5,10
2026-03-29T05:21:18+00:00,Andre,-29.884575,25.868305,151.6,1444.2,10
2026-03-29T05:21:24+00:00,Andre,-29.886564,25.867029,153.2,1443.4,10
2026-03-29T05:21:30+00:00,Andre,-29.888567,25.865745,153.2,1442.9,10
2026-03-29T05:21:37+00:00,Andre,-29.890918,25.864238,154.3,1442.1,10
2026-03-29T05:21:43+00:00,Andre,-29.89293,25.862947,154,1441.2,10
2026-03-29T05:21:49+00:00,Andre,-29.89486,25.861706,143.9,1439.2,10
2026-03-29T05:21:55+00:00,Andre,-29.896743,25.860501,144,1438.5,10
2026-03-29T05:22:01+00:00,Andre,-29.898632,25.859294,143.7,1439.1,10
2026-03-29T05:22:07+00:00,Andre,-29.900507,25.858088,142.5,1439.8,10
2026-03-29T05:22:14+00:00,Andre,-29.902676,25.856691,141.7,1440.7,10
2026-03-29T05:22:20+00:00,Andre,-29.904538,25.855505,141.1,1440.8,10
2026-03-29T05:22:27+00:00,Andre,-29.906728,25.854095,144.1,1439.4,10
2026-03-29T05:22:33+00:00,Andre,-29.90862,25.852885,144.1,1439.2,10
2026-03-29T05:22:39+00:00,Andre,-29.910509,25.851666,144.2,1439.8,10
2026-03-29T05:22:46+00:00,Andre,-29.912721,25.850253,144.3,1440.2,10
2026-03-29T05:22:52+00:00,Andre,-29.914586,25.849049,134,1440.4,10
2026-03-29T05:22:59+00:00,Andre,-29.916471,25.847832,123.3,1440.4,9
2026-03-29T05:23:05+00:00,Andre,-29.918037,25.846833,114.7,1439.8,10
2026-03-29T05:23:12+00:00,Andre,-29.919619,25.845804,103.1,1439.6,10
2026-03-29T05:23:18+00:00,Andre,-29.921022,25.844911,110.3,1438.7,10
2026-03-29T05:23:25+00:00,Andre,-29.922762,25.843801,117,1439.3,9
2026-03-29T05:23:31+00:00,Andre,-29.924331,25.842791,120.1,1440.5,9
2026-03-29T05:23:38+00:00,Andre,-29.926172,25.84161,122.3,1441.5,10
2026-03-29T05:23:46+00:00,Andre,-29.928311,25.840238,123.5,1442.3,10
2026-03-29T05:23:53+00:00,Andre,-29.930265,25.838953,135.9,1442.3,10
2026-03-29T05:23:59+00:00,Andre,-29.932131,25.837783,145.6,1442.7,10
2026-03-29T05:24:05+00:00,Andre,-29.934084,25.83655,151.3,1443.3,10
2026-03-29T05:24:12+00:00,Andre,-29.936531,25.835199,157.5,1443.5,10
2026-03-29T05:24:19+00:00,Andre,-29.939095,25.834071,159.2,1442.1,10
2026-03-29T05:24:25+00:00,Andre,-29.941397,25.83308,166.6,1438.8,10
2026-03-29T05:24:31+00:00,Andre,-29.943695,25.832155,157.2,1435.4,10
2026-03-29T05:24:38+00:00,Andre,-29.946282,25.831053,160.8,1432.1,10
2026-03-29T05:24:45+00:00,Andre,-29.948896,25.829994,152.6,1429.6,10
2026-03-29T05:24:51+00:00,Andre,-29.951024,25.829109,149,1426.6,10
2026-03-29T05:24:57+00:00,Andre,-29.95317,25.82819,156.1,1424,10
2026-03-29T05:25:04+00:00,Andre,-29.955796,25.827093,156.3,1420.2,10
2026-03-29T05:25:10+00:00,Andre,-29.957879,25.826258,138.3,1418.4,10
2026-03-29T05:25:16+00:00,Andre,-29.959783,25.825475,135.7,1417.5,10
2026-03-29T05:25:22+00:00,Andre,-29.961759,25.824648,143,1416,10
2026-03-29T05:25:28+00:00,Andre,-29.963801,25.823787,143.8,1415.8,10
2026-03-29T05:25:35+00:00,Andre,-29.96619,25.822789,147.8,1415.2,10
2026-03-29T05:25:42+00:00,Andre,-29.968684,25.821735,155.4,1414,10
2026-03-29T05:25:48+00:00,Andre,-29.97092,25.820808,157.4,1410.9,10
2026-03-29T05:25:54+00:00,Andre,-29.973042,25.819937,145.8,1408,10
2026-03-29T05:26:00+00:00,Andre,-29.975084,25.819093,144.3,1405.1,10
2026-03-29T05:26:08+00:00,Andre,-29.977801,25.817958,144.3,1401.2,10
2026-03-29T05:26:16+00:00,Andre,-29.980521,25.816827,144.1,1398.3,10
2026-03-29T05:26:22+00:00,Andre,-29.982558,25.81598,144.3,1397.2,10
2026-03-29T05:26:28+00:00,Andre,-29.984596,25.815131,144.2,1396.3,10
2026-03-29T05:26:34+00:00,Andre,-29.986636,25.814286,144.3,1395.2,10
2026-03-29T05:26:41+00:00,Andre,-29.989013,25.813291,144.2,1393.5,10
2026-03-29T05:26:47+00:00,Andre,-29.991052,25.81244,144.3,1392,10
2026-03-29T05:26:53+00:00,Andre,-29.99309,25.811588,144.2,1390.4,10
2026-03-29T05:27:00+00:00,Andre,-29.99547,25.810604,143.9,1389.7,10
2026-03-29T05:27:06+00:00,Andre,-29.997501,25.809753,143.8,1391.9,10
2026-03-29T05:27:12+00:00,Andre,-29.999537,25.808909,144.1,1394.1,10
2026-03-29T05:27:18+00:00,Andre,-30.001574,25.808056,144.1,1395.7,10
2026-03-29T05:27:24+00:00,Andre,-30.003611,25.807208,144.1,1397.3,10
2026-03-29T05:27:30+00:00,Andre,-30.005652,25.806361,144.3,1399.1,10
2026-03-29T05:27:37+00:00,Andre,-30.008029,25.805375,144.2,1401,10
2026-03-29T05:27:43+00:00,Andre,-30.010068,25.804515,144.5,1401.7,10
2026-03-29T05:27:49+00:00,Andre,-30.01211,25.803666,144.3,1401.2,10
2026-03-29T05:27:55+00:00,Andre,-30.014151,25.80282,144.3,1400.6,10
2026-03-29T05:28:02+00:00,Andre,-30.016528,25.801827,143.7,1400.5,10
2026-03-29T05:28:08+00:00,Andre,-30.018564,25.800981,144.3,1403.3,9
2026-03-29T05:28:14+00:00,Andre,-30.020599,25.800128,144.3,1405.1,9
2026-03-29T05:28:20+00:00,Andre,-30.022641,25.799277,144.4,1405.9,10
2026-03-29T05:28:27+00:00,Andre,-30.025019,25.798288,144.1,1408.1,10
2026-03-29T05:28:33+00:00,Andre,-30.027055,25.797436,144.3,1410.1,9
2026-03-29T05:28:39+00:00,Andre,-30.029076,25.796586,135.2,1412.2,9
2026-03-29T05:28:45+00:00,Andre,-30.030749,25.795895,101.5,1414.1,9
2026-03-29T05:28:51+00:00,Andre,-30.032081,25.795322,97.6,1415.8,9
2026-03-29T05:28:57+00:00,Andre,-30.033608,25.794688,116.3,1418.1,10
2026-03-29T05:29:03+00:00,Andre,-30.035353,25.793954,128.7,1420.9,10
2026-03-29T05:29:10+00:00,Andre,-30.037536,25.793069,136.3,1424.9,10
2026-03-29T05:29:16+00:00,Andre,-30.039511,25.792243,142.8,1429.3,10
2026-03-29T05:29:23+00:00,Andre,-30.04187,25.791261,146.1,1432.9,10
2026-03-29T05:29:29+00:00,Andre,-30.043992,25.790381,153.1,1432.5,10
2026-03-29T05:29:35+00:00,Andre,-30.046176,25.789528,156.2,1429.7,9
2026-03-29T05:29:42+00:00,Andre,-30.048655,25.788643,144.4,1428.9,9
2026-03-29T05:29:48+00:00,Andre,-30.050698,25.787803,144.4,1429.2,10
2026-03-29T05:29:54+00:00,Andre,-30.052732,25.786945,144.1,1429.2,8
2026-03-29T05:30:01+00:00,Andre,-30.055105,25.785946,144,1429.2,9
2026-03-29T05:30:07+00:00,Andre,-30.057143,25.785115,143.9,1430.7,8
2026-03-29T05:30:13+00:00,Andre,-30.059175,25.784263,144.1,1432.6,9
2026-03-29T05:30:19+00:00,Andre,-30.061211,25.783409,143.9,1435.1,8
2026-03-29T05:30:25+00:00,Andre,-30.063243,25.782551,144.1,1438.8,8
2026-03-29T05:30:31+00:00,Andre,-30.065277,25.781693,145.4,1442.5,8
2026-03-29T05:30:38+00:00,Andre,-30.067712,25.780638,151.1,1446.6,8
2026-03-29T05:30:44+00:00,Andre,-30.069873,25.779711,155.6,1450.5,9
2026-03-29T05:30:51+00:00,Andre,-30.072388,25.778661,152.3,1448.5,9
2026-03-29T05:30:57+00:00,Andre,-30.074538,25.777756,147.1,1446.2,8
2026-03-29T05:31:03+00:00,Andre,-30.076592,25.776901,144.2,1448.5,8
2026-03-29T05:31:09+00:00,Andre,-30.078623,25.776044,144.1,1451.6,9
2026-03-29T05:31:16+00:00,Andre,-30.080993,25.775037,144.3,1454.8,9
2026-03-29T05:31:23+00:00,Andre,-30.083369,25.77403,144.3,1457.9,9
2026-03-29T05:31:29+00:00,Andre,-30.085409,25.773178,144.2,1461.1,9
2026-03-29T05:31:38+00:00,Andre,-30.088461,25.771903,144.3,1466.4,9
2026-03-29T05:31:44+00:00,Andre,-30.090502,25.771066,144.2,1469.7,9
2026-03-29T05:31:51+00:00,Andre,-30.092878,25.770062,144.2,1471.7,9
2026-03-29T05:31:57+00:00,Andre,-30.094915,25.769203,144.3,1474,10
2026-03-29T05:32:04+00:00,Andre,-30.097289,25.7682,144.3,1476.5,9
2026-03-29T05:32:10+00:00,Andre,-30.099325,25.767343,144.4,1479,9
2026-03-29T05:32:17+00:00,Andre,-30.101691,25.76633,144.4,1482.4,9
2026-03-29T05:32:23+00:00,Andre,-30.103728,25.765459,144.5,1482.6,10
2026-03-29T05:32:29+00:00,Andre,-30.105766,25.764594,144.2,1483,10
2026-03-29T05:32:36+00:00,Andre,-30.108145,25.763596,144.7,1483.2,9
2026-03-29T05:32:43+00:00,Andre,-30.110521,25.762587,144.5,1481.7,10
2026-03-29T05:32:50+00:00,Andre,-30.112899,25.761586,145,1481.6,9
2026-03-29T05:33:01+00:00,Andre,-30.116641,25.760014,146.5,1481.9,9
2026-03-29T05:33:12+00:00,Andre,-30.120574,25.758352,155.3,1487,10
2026-03-29T05:33:21+00:00,Andre,-30.123863,25.756963,153.4,1494.3,9
2026-03-29T05:33:27+00:00,Andre,-30.126003,25.756053,147.6,1497.7,10
2026-03-29T05:33:33+00:00,Andre,-30.128028,25.755106,145.1,1497.9,11
2026-03-29T05:33:40+00:00,Andre,-30.130354,25.75395,144.5,1497.7,11
2026-03-29T05:33:47+00:00,Andre,-30.132678,25.7528,144.3,1497.7,11
2026-03-29T05:33:53+00:00,Andre,-30.134668,25.751818,144.2,1499.2,11
2026-03-29T05:34:01+00:00,Andre,-30.137323,25.750499,144.6,1499.9,11
2026-03-29T05:34:08+00:00,Andre,-30.139645,25.74934,144,1500.3,11
2026-03-29T05:34:15+00:00,Andre,-30.141773,25.748251,129.8,1502.5,10
2026-03-29T05:34:21+00:00,Andre,-30.143666,25.74735,142.4,1501.7,11
2026-03-29T05:34:27+00:00,Andre,-30.145694,25.746342,148.7,1500.4,11
2026-03-29T05:34:34+00:00,Andre,-30.148115,25.745143,146.6,1499,11
2026-03-29T05:34:40+00:00,Andre,-30.150121,25.744148,145,1496.3,10
2026-03-29T05:34:47+00:00,Andre,-30.152442,25.742988,144.1,1495,11
2026-03-29T05:34:53+00:00,Andre,-30.154432,25.742006,144.3,1495,11
2026-03-29T05:35:01+00:00,Andre,-30.157083,25.740686,143.9,1496.1,11
2026-03-29T05:35:09+00:00,Andre,-30.159547,25.739456,113.9,1499.8,10
2026-03-29T05:35:18+00:00,Andre,-30.161334,25.73857,76.6,1500.7,11
2026-03-29T05:35:27+00:00,Andre,-30.163155,25.737631,102.7,1501.7,11
2026-03-29T05:35:37+00:00,Andre,-30.165817,25.736349,121.5,1503.2,11
2026-03-29T05:35:45+00:00,Andre,-30.168202,25.735159,136.1,1505.4,11
2026-03-29T05:35:51+00:00,Andre,-30.170143,25.734197,143.7,1508,11
2026-03-29T05:35:58+00:00,Andre,-30.172465,25.733039,144.3,1509.4,11
2026-03-29T05:36:04+00:00,Andre,-30.174474,25.7321,144,1510.5,11
2026-03-29T05:36:12+00:00,Andre,-30.17724,25.731126,144.3,1512.5,11
2026-03-29T05:36:19+00:00,Andre,-30.179684,25.730383,143.8,1515.5,10
2026-03-29T05:36:26+00:00,Andre,-30.182125,25.729643,144.1,1520.8,11
2026-03-29T05:36:34+00:00,Andre,-30.184919,25.728799,144.3,1527.1,10
2026-03-29T05:36:45+00:00,Andre,-30.188765,25.727628,144.9,1534.5,10
2026-03-29T05:36:51+00:00,Andre,-30.190872,25.726999,144.6,1536.2,10
2026-03-29T05:36:57+00:00,Andre,-30.192973,25.726361,144.5,1537,10
2026-03-29T05:37:04+00:00,Andre,-30.19528,25.725661,118.6,1537.5,10
2026-03-29T05:37:10+00:00,Andre,-30.196694,25.725238,91.2,1537.6,11
2026-03-29T05:37:16+00:00,Andre,-30.198011,25.724827,89.9,1537.3,11
2026-03-29T05:37:22+00:00,Andre,-30.19948,25.724401,111.2,1535.7,11
2026-03-29T05:37:29+00:00,Andre,-30.201496,25.723779,121.6,1535.7,11
2026-03-29T05:37:35+00:00,Andre,-30.20339,25.723208,137.1,1533.9,11
2026-03-29T05:37:42+00:00,Andre,-30.205611,25.722532,108.4,1533.6,11
2026-03-29T05:37:48+00:00,Andre,-30.206877,25.722188,77.5,1535,11
2026-03-29T05:37:55+00:00,Andre,-30.208207,25.721969,76.6,1535.3,11
2026-03-29T05:38:01+00:00,Andre,-30.209371,25.721897,79.6,1534.3,11
2026-03-29T05:38:08+00:00,Andre,-30.210889,25.721821,100.4,1531.6,11
2026-03-29T05:38:14+00:00,Andre,-30.212542,25.721785,119.6,1528.8,11
2026-03-29T05:38:20+00:00,Andre,-30.214446,25.721752,130.2,1527.6,11
2026-03-29T05:38:26+00:00,Andre,-30.21647,25.721688,140.3,1526.8,11
2026-03-29T05:38:33+00:00,Andre,-30.219014,25.721596,148.5,1529.7,11
2026-03-29T05:38:40+00:00,Andre,-30.221641,25.721522,150.2,1535.3,11
2026-03-29T05:38:46+00:00,Andre,-30.223834,25.721457,141.8,1538.5,11
2026-03-29T05:38:52+00:00,Andre,-30.225957,25.721385,140.1,1539.9,11
2026-03-29T05:38:58+00:00,Andre,-30.228061,25.721318,137.8,1543.2,11
2026-03-29T05:39:05+00:00,Andre,-30.230539,25.72146,144.1,1542.1,11
2026-03-29T05:39:12+00:00,Andre,-30.232941,25.722063,134.6,1540.1,11
2026-03-29T05:39:18+00:00,Andre,-30.234762,25.722621,117.8,1538.1,11
2026-03-29T05:39:25+00:00,Andre,-30.23658,25.723171,91.1,1537,11
2026-03-29T05:39:31+00:00,Andre,-30.237763,25.723533,75.3,1536.4,11
2026-03-29T05:39:37+00:00,Andre,-30.238999,25.723891,97.7,1536.3,11
2026-03-29T05:39:43+00:00,Andre,-30.240436,25.724362,92.5,1535.7,11
2026-03-29T05:39:49+00:00,Andre,-30.241597,25.724712,77.5,1535.5,11
2026-03-29T05:39:56+00:00,Andre,-30.243173,25.725152,103.7,1535.6,11
2026-03-29T05:40:02+00:00,Andre,-30.244794,25.72569,113.3,1535.7,11
2026-03-29T05:40:08+00:00,Andre,-30.246369,25.726164,100.6,1535.9,11
2026-03-29T05:40:14+00:00,Andre,-30.247672,25.726561,88.7,1535.9,11
2026-03-29T05:40:21+00:00,Andre,-30.249378,25.727075,111.8,1535.4,11
2026-03-29T05:40:27+00:00,Andre,-30.251123,25.727627,124.9,1536.9,11
2026-03-29T05:40:33+00:00,Andre,-30.252921,25.728168,126.8,1539.8,11
2026-03-29T05:40:40+00:00,Andre,-30.254819,25.728751,95.6,1542.7,11
2026-03-29T05:40:46+00:00,Andre,-30.256109,25.729149,88.1,1542.5,11
2026-03-29T05:40:53+00:00,Andre,-30.257653,25.729619,93.4,1540.8,11
2026-03-29T05:40:59+00:00,Andre,-30.259049,25.730047,102,1540.1,11
2026-03-29T05:41:05+00:00,Andre,-30.260736,25.730444,123.7,1539.9,10
2026-03-29T05:41:12+00:00,Andre,-30.26301,25.73056,130.8,1539.2,11
2026-03-29T05:41:18+00:00,Andre,-30.264702,25.730354,116.6,1536.2,11
2026-03-29T05:41:24+00:00,Andre,-30.266598,25.730123,134.3,1529.5,11
2026-03-29T05:41:31+00:00,Andre,-30.269104,25.729757,146,1520.6,11
2026-03-29T05:41:37+00:00,Andre,-30.271259,25.729444,144.1,1517.7,11
2026-03-29T05:41:44+00:00,Andre,-30.273772,25.729089,144.8,1515.2,11
2026-03-29T05:41:50+00:00,Andre,-30.275924,25.728776,142.1,1510.6,11
2026-03-29T05:41:56+00:00,Andre,-30.277841,25.728493,118,1508.6,11
2026-03-29T05:42:03+00:00,Andre,-30.280024,25.728171,137.2,1500.5,11
2026-03-29T05:42:10+00:00,Andre,-30.282599,25.727805,155.2,1492.5,11
2026-03-29T05:42:16+00:00,Andre,-30.284969,25.727473,161.4,1490.6,11
2026-03-29T05:42:22+00:00,Andre,-30.287337,25.727117,158,1489.8,11
2026-03-29T05:42:29+00:00,Andre,-30.289956,25.726277,148.2,1488.8,11
2026-03-29T05:42:35+00:00,Andre,-30.291917,25.725188,144.4,1486.9,11
2026-03-29T05:42:42+00:00,Andre,-30.294137,25.723794,144.2,1485,11
2026-03-29T05:42:48+00:00,Andre,-30.296032,25.722581,144.3,1483.6,11
2026-03-29T05:42:56+00:00,Andre,-30.29857,25.720974,144.6,1480.2,11
2026-03-29T05:43:03+00:00,Andre,-30.300822,25.719541,152,1475.2,11
2026-03-29T05:43:09+00:00,Andre,-30.302891,25.718222,161.8,1469.4,11
2026-03-29T05:43:15+00:00,Andre,-30.305048,25.716808,167.6,1466,11
2026-03-29T05:43:22+00:00,Andre,-30.307542,25.715281,151.5,1466,11
2026-03-29T05:43:28+00:00,Andre,-30.309463,25.714061,144.3,1467.2,11
2026-03-29T05:43:34+00:00,Andre,-30.311363,25.712859,144.3,1468.3,11
2026-03-29T05:43:41+00:00,Andre,-30.313607,25.711485,147.8,1468.2,11
2026-03-29T05:43:47+00:00,Andre,-30.315568,25.710355,147.3,1463.1,11
2026-03-29T05:43:54+00:00,Andre,-30.318014,25.70906,158.1,1458.7,11
2026-03-29T05:44:00+00:00,Andre,-30.320195,25.70786,162.8,1458.4,11
2026-03-29T05:44:06+00:00,Andre,-30.322428,25.706636,165.1,1458.2,11
2026-03-29T05:44:13+00:00,Andre,-30.325061,25.705195,167.3,1458.2,11
2026-03-29T05:44:19+00:00,Andre,-30.327277,25.703971,155.1,1459.1,11
2026-03-29T05:44:26+00:00,Andre,-30.329366,25.702812,114.1,1460.4,11
2026-03-29T05:44:32+00:00,Andre,-30.330996,25.701895,127.8,1460.5,11
2026-03-29T05:44:38+00:00,Andre,-30.332834,25.700927,139.8,1461,11
2026-03-29T05:44:44+00:00,Andre,-30.334799,25.699842,148.4,1460.8,11
2026-03-29T05:44:51+00:00,Andre,-30.33711,25.698573,138.1,1461.1,11
2026-03-29T05:44:57+00:00,Andre,-30.338909,25.697609,134.8,1462.6,11
2026-03-29T05:45:04+00:00,Andre,-30.341115,25.696411,142,1468.4,11
2026-03-29T05:45:11+00:00,Andre,-30.34339,25.695157,144.4,1477,11
2026-03-29T05:45:17+00:00,Andre,-30.34538,25.694077,148.6,1483.6,11
2026-03-29T05:45:23+00:00,Andre,-30.34748,25.693018,156.3,1482.6,11
2026-03-29T05:45:29+00:00,Andre,-30.349627,25.691938,155,1479.4,11
2026-03-29T05:45:36+00:00,Andre,-30.352129,25.690701,157.1,1476.2,11
2026-03-29T05:45:42+00:00,Andre,-30.354362,25.689605,164.4,1472.3,11
2026-03-29T05:45:48+00:00,Andre,-30.35662,25.68851,162.3,1469.1,11
2026-03-29T05:45:55+00:00,Andre,-30.35921,25.687252,158.1,1467,11
2026-03-29T05:46:01+00:00,Andre,-30.361292,25.68625,145.1,1466.9,11
2026-03-29T05:46:09+00:00,Andre,-30.363942,25.684944,139.3,1468,11
2026-03-29T05:46:17+00:00,Andre,-30.366211,25.683782,120.2,1470.8,11
2026-03-29T05:46:23+00:00,Andre,-30.367987,25.68296,132.9,1473,11
2026-03-29T05:46:30+00:00,Andre,-30.370223,25.681981,140.3,1476.2,11
2026-03-29T05:46:38+00:00,Andre,-30.372983,25.681014,145.1,1471.9,11
2026-03-29T05:46:44+00:00,Andre,-30.375071,25.68028,144.8,1461.2,11
2026-03-29T05:46:51+00:00,Andre,-30.377492,25.679433,143.9,1452.3,11
2026-03-29T05:46:57+00:00,Andre,-30.379562,25.67871,143.8,1447.4,11
2026-03-29T05:47:03+00:00,Andre,-30.381659,25.677969,149.5,1446.4,11
2026-03-29T05:47:10+00:00,Andre,-30.384033,25.677135,130.6,1445.6,11
2026-03-29T05:47:18+00:00,Andre,-30.386351,25.676289,123,1444.4,11
2026-03-29T05:47:26+00:00,Andre,-30.388869,25.675422,134.6,1443.5,11
2026-03-29T05:47:33+00:00,Andre,-30.391249,25.67461,146.9,1444.4,11
2026-03-29T05:47:40+00:00,Andre,-30.393797,25.673725,154.8,1446.4,11
2026-03-29T05:47:46+00:00,Andre,-30.396042,25.672935,155.7,1453.8,10
2026-03-29T05:47:53+00:00,Andre,-30.398627,25.672022,152.5,1467.9,11
2026-03-29T05:47:59+00:00,Andre,-30.40074,25.670966,156,1472.5,11
2026-03-29T05:48:06+00:00,Andre,-30.40287,25.668872,164.6,1469.4,11
2026-03-29T05:48:12+00:00,Andre,-30.404411,25.666714,161.5,1464.3,11
2026-03-29T05:48:19+00:00,Andre,-30.40623,25.664149,167.2,1461.8,11
2026-03-29T05:48:26+00:00,Andre,-30.408001,25.661665,153,1451.1,11
2026-03-29T05:48:32+00:00,Andre,-30.409453,25.659618,152,1446.3,11
2026-03-29T05:48:39+00:00,Andre,-30.411217,25.657148,160.4,1441.9,11
2026-03-29T05:48:45+00:00,Andre,-30.4127,25.655071,152.6,1438.3,11
2026-03-29T05:48:53+00:00,Andre,-30.41469,25.652234,159.8,1433.8,11
2026-03-29T05:49:12+00:00,Andre,-30.419249,25.645882,131.3,1425.9,11
2026-03-29T05:49:20+00:00,Andre,-30.420878,25.643595,128.4,1423.4,11
2026-03-29T05:49:27+00:00,Andre,-30.422285,25.641613,128.1,1420.8,11
2026-03-29T05:49:33+00:00,Andre,-30.423563,25.639767,142.4,1419.2,11
2026-03-29T05:49:40+00:00,Andre,-30.425222,25.63754,141,1417,11
2026-03-29T05:49:46+00:00,Andre,-30.426669,25.635915,129,1414.9,11
2026-03-29T05:49:53+00:00,Andre,-30.428365,25.634358,123.7,1411.9,10
2026-03-29T05:50:00+00:00,Andre,-30.430203,25.632673,141.4,1407.5,10
2026-03-29T05:50:08+00:00,Andre,-30.432583,25.630598,154.3,1403.3,10
2026-03-29T05:50:14+00:00,Andre,-30.434491,25.628934,162.6,1398.8,10
2026-03-29T05:50:28+00:00,Andre,-30.439066,25.624769,159.8,1401.3,10
2026-03-29T05:50:39+00:00,Andre,-30.442181,25.621931,141.3,1406.3,10
2026-03-29T05:50:48+00:00,Andre,-30.444819,25.619562,154.2,1405.3,10
2026-03-29T05:50:55+00:00,Andre,-30.447034,25.617634,159.7,1403.7,9
2026-03-29T05:51:01+00:00,Andre,-30.449026,25.616073,160.3,1397.9,11
2026-03-29T05:51:07+00:00,Andre,-30.451023,25.614554,161.1,1386.7,11
2026-03-29T05:51:14+00:00,Andre,-30.453442,25.612719,164.7,1378.3,11
2026-03-29T05:51:20+00:00,Andre,-30.455471,25.611175,161.3,1373.9,11
2026-03-29T05:51:27+00:00,Andre,-30.457864,25.609358,163.5,1371.6,11
2026-03-29T05:51:34+00:00,Andre,-30.46021,25.60758,158.5,1371.5,11
2026-03-29T05:51:41+00:00,Andre,-30.462273,25.606019,122.4,1371.5,10
2026-03-29T05:51:48+00:00,Andre,-30.463836,25.604785,114.1,1372,10
2026-03-29T05:51:54+00:00,Andre,-30.46538,25.603671,127.1,1371.3,11
2026-03-29T05:52:00+00:00,Andre,-30.467034,25.602408,138.5,1370.1,10
2026-03-29T05:52:06+00:00,Andre,-30.468798,25.601073,138.7,1369.5,10
2026-03-29T05:52:12+00:00,Andre,-30.470312,25.599916,99.9,1369.5,10
2026-03-29T05:52:26+00:00,Andre,-30.473275,25.597642,122.8,1368.9,11
2026-03-29T05:52:40+00:00,Andre,-30.476955,25.594882,132,1369.1,10
2026-03-29T05:52:46+00:00,Andre,-30.478672,25.593579,138.5,1371.6,11
2026-03-29T05:52:53+00:00,Andre,-30.480798,25.591966,150.7,1371.8,10
2026-03-29T05:52:59+00:00,Andre,-30.482658,25.590553,141.2,1371.4,10
2026-03-29T05:53:05+00:00,Andre,-30.484111,25.5893,101,1369.2,11
2026-03-29T05:53:12+00:00,Andre,-30.485354,25.588148,86.9,1362.5,11
2026-03-29T05:53:18+00:00,Andre,-30.486372,25.587201,88.1,1355.2,11
2026-03-29T05:53:24+00:00,Andre,-30.487432,25.586216,89.5,1350.2,11
2026-03-29T05:53:30+00:00,Andre,-30.488489,25.585236,90.7,1349.2,11
2026-03-29T05:53:36+00:00,Andre,-30.489521,25.584276,85.6,1348.2,11
2026-03-29T05:53:43+00:00,Andre,-30.490644,25.583234,80.5,1347.6,11
2026-03-29T05:53:49+00:00,Andre,-30.491563,25.582381,76.3,1348.3,11
2026-03-29T05:53:55+00:00,Andre,-30.492434,25.581573,73.9,1349.4,11
2026-03-29T05:54:01+00:00,Andre,-30.493299,25.580767,77.4,1350.4,11
2026-03-29T05:54:08+00:00,Andre,-30.494279,25.579859,72.7,1351.1,11
2026-03-29T05:54:14+00:00,Andre,-30.495127,25.579072,72.8,1351.9,11
2026-03-29T05:54:21+00:00,Andre,-30.496113,25.578155,71.8,1352.7,11
2026-03-29T05:54:27+00:00,Andre,-30.496971,25.57736,74.4,1353.1,11
2026-03-29T05:54:34+00:00,Andre,-30.49798,25.57642,78.3,1353.1,11
2026-03-29T05:54:40+00:00,Andre,-30.499058,25.575383,105,1353.8,11
2026-03-29T05:54:47+00:00,Andre,-30.500667,25.573937,125.4,1354.5,11
2026-03-29T05:54:54+00:00,Andre,-30.50244,25.57227,137,1355.5,11
2026-03-29T05:55:00+00:00,Andre,-30.504105,25.570723,146.7,1356,10
2026-03-29T05:55:06+00:00,Andre,-30.505848,25.569125,151.6,1355.8,11
2026-03-29T05:55:12+00:00,Andre,-30.507625,25.567385,157.4,1356.3,11
2026-03-29T05:55:19+00:00,Andre,-30.509544,25.565046,160,1350.1,11
2026-03-29T05:57:41+00:00,Andre,-30.538624,25.514688,150,1312,11
2026-03-29T05:57:48+00:00,Andre,-30.540135,25.51212,155.2,1300.9,10
2026-03-29T05:57:54+00:00,Andre,-30.541456,25.509894,156.7,1293.3,11
2026-03-29T05:58:00+00:00,Andre,-30.542743,25.507697,141.1,1286,11
2026-03-29T05:58:07+00:00,Andre,-30.543926,25.505693,102.5,1280.8,11
2026-03-29T05:58:13+00:00,Andre,-30.544655,25.504461,80,1278.5,11
2026-03-29T05:58:19+00:00,Andre,-30.545361,25.50327,85,1276.6,11
2026-03-29T05:58:25+00:00,Andre,-30.546059,25.502085,81.1,1274.8,11
2026-03-29T05:58:32+00:00,Andre,-30.546874,25.500697,81.4,1273.2,11
2026-03-29T05:58:38+00:00,Andre,-30.547595,25.499474,83.4,1272.6,11
2026-03-29T05:58:45+00:00,Andre,-30.548374,25.498155,75.9,1271.8,11
2026-03-29T05:58:51+00:00,Andre,-30.549039,25.497035,80.1,1271,11
2026-03-29T05:58:57+00:00,Andre,-30.549723,25.495877,83.7,1270,11
2026-03-29T05:59:04+00:00,Andre,-30.550573,25.494435,87,1269.1,11
2026-03-29T05:59:10+00:00,Andre,-30.551293,25.493212,83.5,1268.8,11
2026-03-29T05:59:16+00:00,Andre,-30.552,25.492022,80.9,1268.2,11
2026-03-29T05:59:23+00:00,Andre,-30.552831,25.49061,85.1,1267.8,11
2026-03-29T05:59:29+00:00,Andre,-30.553543,25.489407,81.6,1267.7,11
2026-03-29T05:59:35+00:00,Andre,-30.554254,25.488197,89.2,1267.4,11
2026-03-29T05:59:41+00:00,Andre,-30.555025,25.486884,81.7,1267.1,11
2026-03-29T05:59:48+00:00,Andre,-30.555835,25.485511,85,1266.7,11
2026-03-29T05:59:54+00:00,Andre,-30.556533,25.48433,79.6,1266.5,11
2026-03-29T06:00:00+00:00,Andre,-30.557231,25.483148,84.5,1265.6,11
2026-03-29T06:00:07+00:00,Andre,-30.558177,25.481531,100.9,1261.2,11
2026-03-29T06:00:13+00:00,Andre,-30.559084,25.479951,117.5,1255.5,11
2026-03-29T06:00:19+00:00,Andre,-30.560138,25.478161,128.9,1253,11
2026-03-29T06:00:25+00:00,Andre,-30.561239,25.476305,131,1253.1,11
2026-03-29T06:00:32+00:00,Andre,-30.562595,25.474013,141.1,1253.2,11
2026-03-29T06:00:38+00:00,Andre,-30.563826,25.471997,141.4,1256.7,11
2026-03-29T06:00:44+00:00,Andre,-30.56498,25.46986,148.9,1259.9,11
2026-03-29T06:00:51+00:00,Andre,-30.566081,25.467031,156.6,1258.8,11
2026-03-29T06:00:57+00:00,Andre,-30.567079,25.464542,158,1257.7,11
2026-03-29T06:01:04+00:00,Andre,-30.568218,25.461655,147.9,1256.8,10
2026-03-29T06:01:10+00:00,Andre,-30.569051,25.459526,118.3,1253.5,11
2026-03-29T06:01:16+00:00,Andre,-30.569751,25.457698,121.7,1250.4,11
2026-03-29T06:01:24+00:00,Andre,-30.570865,25.454935,138.7,1247.5,11
2026-03-29T06:01:30+00:00,Andre,-30.571757,25.452647,148.5,1246.7,11
2026-03-29T06:01:37+00:00,Andre,-30.572862,25.449829,156.6,1244.1,11
2026-03-29T06:01:47+00:00,Andre,-30.574553,25.44552,168.6,1234.8,11
2026-03-29T06:01:53+00:00,Andre,-30.57562,25.442809,173.4,1228.8,11
2026-03-29T06:02:00+00:00,Andre,-30.576881,25.439605,173.4,1228.7,11
2026-03-29T06:02:06+00:00,Andre,-30.57796,25.436862,172.7,1229.5,11
2026-03-29T06:02:22+00:00,Andre,-30.580732,25.429789,169.3,1225.3,11
2026-03-29T06:02:38+00:00,Andre,-30.58341,25.422964,167,1211.3,11
2026-03-29T06:02:55+00:00,Andre,-30.586346,25.415473,161.8,1214.3,11
2026-03-29T06:03:12+00:00,Andre,-30.589133,25.408369,156,1242.2,11
2026-03-29T06:04:02+00:00,Andre,-30.602223,25.391847,151.7,1246.1,10
2026-03-29T06:04:19+00:00,Andre,-30.606911,25.386852,146.4,1244.2,11
2026-03-29T06:04:35+00:00,Andre,-30.610482,25.382468,116.3,1250.9,11
2026-03-29T06:04:51+00:00,Andre,-30.612848,25.377073,148.5,1238,11
2026-03-29T06:05:08+00:00,Andre,-30.615587,25.370202,157.8,1226.2,11
2026-03-29T06:05:24+00:00,Andre,-30.617936,25.363402,158.4,1222.6,11
2026-03-29T06:05:40+00:00,Andre,-30.619146,25.35606,167,1213.1,11
2026-03-29T06:05:57+00:00,Andre,-30.620517,25.348145,157.1,1220,11
2026-03-29T06:06:14+00:00,Andre,-30.620455,25.340642,152.7,1246.4,10
2026-03-29T06:06:31+00:00,Andre,-30.619759,25.332962,153,1252.5,10
2026-03-29T06:06:48+00:00,Andre,-30.61909,25.325629,157.1,1261,10
2026-03-29T06:07:04+00:00,Andre,-30.618386,25.31791,172.1,1250.7,11
2026-03-29T06:07:20+00:00,Andre,-30.617838,25.311921,82.8,1257,9
2026-03-29T06:07:37+00:00,Andre,-30.617445,25.307839,101.6,1255.8,11
2026-03-29T06:07:53+00:00,Andre,-30.616947,25.302037,142.5,1249.2,11
2026-03-29T06:08:10+00:00,Andre,-30.616247,25.294363,164.8,1239.5,10
2026-03-29T06:08:26+00:00,Andre,-30.616768,25.28772,138.9,1244.9,11
2026-03-29T06:08:45+00:00,Andre,-30.619242,25.280024,152.5,1251.7,11
2026-03-29T06:09:01+00:00,Andre,-30.621368,25.273459,152.8,1257.4,11
2026-03-29T06:09:19+00:00,Andre,-30.623696,25.266296,113.6,1262.4,10
2026-03-29T06:09:36+00:00,Andre,-30.625821,25.260599,138.8,1269.4,11
2026-03-29T06:09:52+00:00,Andre,-30.628376,25.254685,136.8,1286.3,11
2026-03-29T06:10:09+00:00,Andre,-30.629902,25.251092,92.5,1290.6,10
2026-03-29T06:10:25+00:00,Andre,-30.632069,25.246184,135.7,1291.7,10
2026-03-29T06:10:41+00:00,Andre,-30.634317,25.240963,80.6,1299.4,11
2026-03-29T06:10:58+00:00,Andre,-30.635669,25.23787,75.5,1305.2,11
2026-03-29T06:11:15+00:00,Andre,-30.637125,25.234403,100.2,1311,11
2026-03-29T06:11:31+00:00,Andre,-30.639261,25.229487,124.6,1318.2,11
2026-03-29T06:11:47+00:00,Andre,-30.641581,25.224231,125.9,1335.7,11
2026-03-29T06:12:04+00:00,Andre,-30.644168,25.218204,143.7,1361.8,11
2026-03-29T06:12:20+00:00,Andre,-30.646809,25.211851,160.6,1358.3,11
2026-03-29T06:12:36+00:00,Andre,-30.649562,25.205123,145.8,1355.8,11
2026-03-29T06:12:53+00:00,Andre,-30.65185,25.200981,94.2,1353,9
2026-03-29T06:13:10+00:00,Andre,-30.654688,25.197223,79.2,1342.9,11
2026-03-29T06:13:27+00:00,Andre,-30.656876,25.194309,79.8,1340.8,11
2026-03-29T06:13:43+00:00,Andre,-30.659115,25.191264,106.2,1329.9,11
2026-03-29T06:14:00+00:00,Andre,-30.662821,25.186375,150.4,1317,10
2026-03-29T06:14:16+00:00,Andre,-30.666976,25.180839,164.7,1312.7,9
2026-03-29T06:14:32+00:00,Andre,-30.671126,25.175293,145.3,1310.4,10
2026-03-29T06:14:49+00:00,Andre,-30.675051,25.17006,150.5,1312,9
2026-03-29T06:15:05+00:00,Andre,-30.679039,25.164739,146.7,1311.1,11
2026-03-29T06:15:26+00:00,Andre,-30.683663,25.158558,101.9,1310,10
2026-03-29T06:15:42+00:00,Andre,-30.686409,25.154888,118,1314.6,10
2026-03-29T06:15:59+00:00,Andre,-30.688478,25.152452,25.4,1316.2,11
2026-03-29T06:16:17+00:00,Andre,-30.688821,25.152458,0,1315.1,11
2026-03-29T06:16:34+00:00,Andre,-30.688864,25.152464,0.3,1312.8,11
2026-03-29T06:18:11+00:00,Andre,-30.688887,25.152378,1.7,1300.5,11
2026-03-29T06:18:18+00:00,Andre,-30.688865,25.152442,0,1308.6,11
2026-03-29T06:18:24+00:00,Andre,-30.688863,25.152449,0.1,1309,11
2026-03-29T06:18:30+00:00,Andre,-30.688855,25.152452,0.1,1308.9,11
2026-03-29T06:18:36+00:00,Andre,-30.688847,25.152456,0,1309.4,11
2026-03-29T06:18:42+00:00,Andre,-30.688842,25.152458,0.1,1310.1,11
2026-03-29T06:18:49+00:00,Andre,-30.688851,25.152458,0,1309.9,11
2026-03-29T06:18:55+00:00,Andre,-30.688857,25.152456,0,1309.8,11
2026-03-29T06:19:01+00:00,Andre,-30.688858,25.152455,0.1,1309.4,11
2026-03-29T06:19:07+00:00,Andre,-30.688858,25.152452,0,1309.4,11
2026-03-29T06:19:13+00:00,Andre,-30.688857,25.152451,0.2,1309.2,11
2026-03-29T06:19:19+00:00,Andre,-30.688854,25.152451,0.1,1308.7,11
2026-03-29T06:19:25+00:00,Andre,-30.688851,25.152454,0.1,1308,11
2026-03-29T06:19:32+00:00,Andre,-30.688853,25.152459,0.1,1307.4,11
2026-03-29T06:19:38+00:00,Andre,-30.688856,25.152459,0,1306.5,11
2026-03-29T06:19:44+00:00,Andre,-30.688858,25.152456,0.1,1306.7,11
2026-03-29T06:19:50+00:00,Andre,-30.688858,25.152453,0,1307.8,11
2026-03-29T06:19:56+00:00,Andre,-30.688858,25.152451,0,1309,11
2026-03-29T06:20:02+00:00,Andre,-30.688862,25.152451,0,1309.3,11
2026-03-29T06:20:09+00:00,Andre,-30.688867,25.152449,0.1,1309.4,11
2026-03-29T06:20:15+00:00,Andre,-30.688871,25.152452,0,1308.9,11
2026-03-29T06:20:21+00:00,Andre,-30.688877,25.152453,0,1309.7,11
2026-03-29T06:20:27+00:00,Andre,-30.68888,25.152449,0,1311.3,11
2026-03-29T06:20:33+00:00,Andre,-30.68888,25.152446,0,1312.6,11
2026-03-29T06:20:39+00:00,Andre,-30.688881,25.152441,0.1,1314.4,11
2026-03-29T06:20:48+00:00,Andre,-30.688879,25.152438,0,1315.8,11
2026-03-29T06:20:54+00:00,Andre,-30.688876,25.152439,0,1315.6,11
2026-03-29T06:21:01+00:00,Andre,-30.688874,25.15244,0.1,1315.1,11
2026-03-29T06:21:07+00:00,Andre,-30.688872,25.152442,0.2,1314.1,11
2026-03-29T06:21:14+00:00,Andre,-30.68887,25.152447,0,1313.4,11
2026-03-29T06:21:21+00:00,Andre,-30.688867,25.15245,0.1,1313.4,11
2026-03-29T06:21:27+00:00,Andre,-30.688866,25.152452,0,1312.6,11
2026-03-29T06:21:33+00:00,Andre,-30.688868,25.152455,0,1310.1,11
2026-03-29T06:21:40+00:00,Andre,-30.688868,25.152456,0.1,1308.6,11
2026-03-29T06:21:46+00:00,Andre,-30.688905,25.152426,9.3,1308.9,10
2026-03-29T06:21:52+00:00,Andre,-30.688975,25.152234,11.8,1314.9,11
2026-03-29T06:21:59+00:00,Andre,-30.688983,25.152074,12.6,1314.6,11
2026-03-29T06:22:05+00:00,Andre,-30.688813,25.151881,18.4,1314.3,10
2026-03-29T06:22:11+00:00,Andre,-30.688604,25.152129,30.4,1314.8,11
2026-03-29T06:22:18+00:00,Andre,-30.688266,25.152273,18.5,1314.9,11
2026-03-29T06:22:24+00:00,Andre,-30.688403,25.151728,51.4,1314.3,11
2026-03-29T06:22:31+00:00,Andre,-30.689088,25.150406,93.9,1313.1,11
2026-03-29T06:22:37+00:00,Andre,-30.689825,25.148813,113.7,1312.1,11
2026-03-29T06:22:43+00:00,Andre,-30.690639,25.147008,116.8,1312,11
2026-03-29T06:22:50+00:00,Andre,-30.691662,25.144721,135,1312,11
2026-03-29T06:22:56+00:00,Andre,-30.692651,25.14258,139.8,1311.7,11
2026-03-29T06:23:03+00:00,Andre,-30.693752,25.140212,127.3,1311.9,11
2026-03-29T06:23:10+00:00,Andre,-30.69479,25.137944,125.2,1312.1,11
2026-03-29T06:23:17+00:00,Andre,-30.695783,25.135746,120.6,1312.8,11
2026-03-29T06:23:23+00:00,Andre,-30.696665,25.133827,127.3,1313.7,11
2026-03-29T06:23:29+00:00,Andre,-30.697548,25.131889,124.4,1315.5,11
2026-03-29T06:23:37+00:00,Andre,-30.698692,25.129388,119.5,1319.4,11
2026-03-29T06:23:57+00:00,Andre,-30.701066,25.124181,98.4,1328.1,11
2026-03-29T06:24:02+00:00,Andre,-30.701597,25.123003,82.6,1330.1,10
2026-03-29T06:24:12+00:00,Andre,-30.70239,25.121301,52,1332.8,11
2026-03-29T06:24:22+00:00,Andre,-30.702946,25.120122,48.3,1334.1,11
2026-03-29T06:24:32+00:00,Andre,-30.70357,25.118768,55.9,1335.6,11
2026-03-29T06:24:39+00:00,Andre,-30.704012,25.117771,55.7,1336.7,11
2026-03-29T06:24:45+00:00,Andre,-30.704386,25.116915,53.5,1337.6,11
2026-03-29T06:24:52+00:00,Andre,-30.704879,25.115842,60.5,1338.5,11
2026-03-29T06:24:59+00:00,Andre,-30.705379,25.114728,66.4,1339.5,11
2026-03-29T06:25:05+00:00,Andre,-30.705842,25.113712,64.3,1340.5,11
2026-03-29T06:25:12+00:00,Andre,-30.70636,25.112592,55.3,1341.8,11
2026-03-29T06:25:27+00:00,Andre,-30.707416,25.110265,60.7,1344,11
2026-03-29T06:25:41+00:00,Andre,-30.708537,25.107812,71.7,1346.2,11
2026-03-29T06:25:51+00:00,Andre,-30.709368,25.105986,70.3,1352.1,11
2026-03-29T06:25:58+00:00,Andre,-30.70996,25.104699,75.3,1352.5,11
2026-03-29T06:26:10+00:00,Andre,-30.710986,25.102453,66.4,1350,11
2026-03-29T06:26:18+00:00,Andre,-30.71169,25.101165,63.6,1350.3,11
2026-03-29T06:26:30+00:00,Andre,-30.713126,25.09956,72.2,1355.4,11
2026-03-29T06:26:37+00:00,Andre,-30.714077,25.098558,72.3,1359.5,11
2026-03-29T06:26:44+00:00,Andre,-30.715093,25.097466,87.1,1363,11
2026-03-29T06:26:53+00:00,Andre,-30.716686,25.095791,100.9,1374.8,11
2026-03-29T06:27:07+00:00,Andre,-30.718783,25.09359,71.2,1388,11
2026-03-29T06:27:14+00:00,Andre,-30.719907,25.092418,96.1,1391.2,11
2026-03-29T06:27:27+00:00,Andre,-30.72191,25.090302,87.6,1391.2,11
2026-03-29T06:27:34+00:00,Andre,-30.723208,25.088946,108.7,1389.9,11
2026-03-29T06:27:44+00:00,Andre,-30.725379,25.086897,109.9,1388.9,11
2026-03-29T06:27:51+00:00,Andre,-30.727071,25.086042,104.5,1391.3,11
2026-03-29T06:27:58+00:00,Andre,-30.72897,25.08574,113.8,1393.3,11
2026-03-29T06:28:12+00:00,Andre,-30.73279,25.085691,104,1399.9,11
2026-03-29T06:28:20+00:00,Andre,-30.735031,25.085688,114,1405.4,11
2026-03-29T06:28:27+00:00,Andre,-30.736808,25.085699,86.7,1407.8,10
2026-03-29T06:28:33+00:00,Andre,-30.738114,25.085732,91.9,1410.7,10
2026-03-29T06:28:39+00:00,Andre,-30.739592,25.085772,103.6,1414,10
2026-03-29T06:28:46+00:00,Andre,-30.741549,25.085803,119.1,1415.4,11
2026-03-29T06:28:52+00:00,Andre,-30.743407,25.085792,125.1,1415.8,11
2026-03-29T06:28:59+00:00,Andre,-30.7456,25.08578,125.3,1417.3,11
2026-03-29T06:29:05+00:00,Andre,-30.747553,25.085768,134,1419.6,10
2026-03-29T06:29:11+00:00,Andre,-30.749587,25.085744,137,1421.8,10
2026-03-29T06:29:17+00:00,Andre,-30.751656,25.085732,139.5,1423.1,11
2026-03-29T06:29:23+00:00,Andre,-30.753747,25.085721,140.2,1425.1,11
2026-03-29T06:29:40+00:00,Andre,-30.75956,25.085665,136.4,1429.2,11
2026-03-29T06:29:56+00:00,Andre,-30.765017,25.085501,134.8,1418.3,10
2026-03-29T06:30:12+00:00,Andre,-30.770379,25.08472,138.5,1418.9,11
2026-03-29T06:30:28+00:00,Andre,-30.776032,25.083719,148.8,1417.4,11
2026-03-29T06:30:45+00:00,Andre,-30.782126,25.082688,144.3,1415.2,11
2026-03-29T06:31:01+00:00,Andre,-30.78784,25.081691,144.3,1416.6,11
2026-03-29T06:31:18+00:00,Andre,-30.79391,25.080633,144.5,1422.5,11
2026-03-29T06:31:34+00:00,Andre,-30.799626,25.079643,144.2,1426.6,11
2026-03-29T06:31:50+00:00,Andre,-30.805342,25.078652,144.1,1432.2,11
2026-03-29T06:32:07+00:00,Andre,-30.811414,25.077603,144.3,1439.7,11
2026-03-29T06:32:23+00:00,Andre,-30.817123,25.076613,144.4,1453.1,11
2026-03-29T06:32:39+00:00,Andre,-30.822831,25.075533,144.2,1461.6,11
2026-03-29T06:33:36+00:00,Andre,-30.843059,25.070299,143.9,1459.8,11
2026-03-29T06:34:27+00:00,Andre,-30.860568,25.063515,144.8,1472.4,11
2026-03-29T06:34:43+00:00,Andre,-30.866049,25.061359,144.4,1471.9,11
2026-03-29T06:35:00+00:00,Andre,-30.871876,25.059087,144.2,1469.5,11
2026-03-29T06:35:20+00:00,Andre,-30.878716,25.056411,143.8,1474,11
2026-03-29T06:35:37+00:00,Andre,-30.884625,25.054436,144.1,1475,11
2026-03-29T06:35:53+00:00,Andre,-30.890224,25.052728,144.3,1470.6,11
2026-03-29T06:36:10+00:00,Andre,-30.896384,25.050629,146.7,1467.6,11
2026-03-29T06:36:27+00:00,Andre,-30.90227,25.048571,144.2,1470.6,11
2026-03-29T06:36:45+00:00,Andre,-30.908492,25.046415,144,1484.1,11
2026-03-29T06:37:02+00:00,Andre,-30.91395,25.044562,134.9,1482.3,11
2026-03-29T06:37:19+00:00,Andre,-30.919825,25.042506,145.3,1477.4,11
2026-03-29T06:37:35+00:00,Andre,-30.92537,25.040561,144.3,1472.8,11
2026-03-29T06:37:52+00:00,Andre,-30.931257,25.038513,144.4,1469.8,11
2026-03-29T06:38:08+00:00,Andre,-30.936792,25.036571,144.3,1468,11
2026-03-29T06:38:26+00:00,Andre,-30.943022,25.034396,144.2,1468.4,11
2026-03-29T06:38:42+00:00,Andre,-30.94861,25.032406,152.8,1464.9,10
2026-03-29T06:39:00+00:00,Andre,-30.954738,25.029736,144.5,1463.2,11
2026-03-29T06:39:17+00:00,Andre,-30.960041,25.026135,144.2,1460.3,11
2026-03-29T06:39:37+00:00,Andre,-30.966249,25.021846,144.3,1460.8,11
2026-03-29T06:39:53+00:00,Andre,-30.971217,25.018411,144.2,1461.6,10
2026-03-29T06:40:10+00:00,Andre,-30.97649,25.014754,144.4,1464,10
2026-03-29T06:40:27+00:00,Andre,-30.981767,25.011118,144.1,1470.3,10
2026-03-29T06:40:44+00:00,Andre,-30.987054,25.007458,144.6,1470.7,10
2026-03-29T06:41:00+00:00,Andre,-30.992012,25.004019,144.1,1472.3,10
2026-03-29T06:41:22+00:00,Andre,-30.998837,24.999288,144.5,1480.5,10
2026-03-29T06:42:19+00:00,Andre,-31.017893,24.990162,153.8,1511.2,10
2026-03-29T06:42:35+00:00,Andre,-31.02393,24.987691,161.9,1520.7,10
2026-03-29T06:42:51+00:00,Andre,-31.029508,24.985406,144,1525.1,10
2026-03-29T06:43:08+00:00,Andre,-31.035612,24.982872,160.4,1527.6,10
2026-03-29T06:43:24+00:00,Andre,-31.040768,24.980781,144.2,1537.9,10
2026-03-29T06:43:40+00:00,Andre,-31.046297,24.978452,144.6,1535.5,10
2026-03-29T06:43:56+00:00,Andre,-31.051525,24.975552,144.1,1524.9,10
2026-03-29T06:44:12+00:00,Andre,-31.05644,24.972043,144.1,1526.7,10
2026-03-29T06:44:29+00:00,Andre,-31.061567,24.968094,144.6,1525.6,10
2026-03-29T06:44:47+00:00,Andre,-31.067319,24.964644,144.5,1508.5,10
2026-03-29T06:45:04+00:00,Andre,-31.073453,24.964302,144.8,1489.2,10
2026-03-29T06:45:45+00:00,Andre,-31.087286,24.958818,143.5,1499.2,10
2026-03-29T06:46:21+00:00,Andre,-31.099566,24.954141,145.3,1523.5,10
2026-03-29T06:46:38+00:00,Andre,-31.105702,24.954321,144.2,1511.8,10
2026-03-29T06:46:55+00:00,Andre,-31.111056,24.955311,135,1512.4,10
2026-03-29T06:47:11+00:00,Andre,-31.116711,24.956352,144.1,1512,10
2026-03-29T06:47:29+00:00,Andre,-31.123123,24.957532,143.8,1523.7,10
2026-03-29T06:47:46+00:00,Andre,-31.129195,24.958665,145,1532.4,10
2026-03-29T06:48:02+00:00,Andre,-31.134901,24.959776,144.3,1532.6,10
2026-03-29T06:48:18+00:00,Andre,-31.14039,24.961883,144,1531.7,9
2026-03-29T06:48:35+00:00,Andre,-31.146445,24.962967,144.8,1525.4,8
2026-03-29T06:48:51+00:00,Andre,-31.152229,24.963026,144.3,1517.9,9
2026-03-29T06:49:07+00:00,Andre,-31.15801,24.963092,144.4,1515.3,9
2026-03-29T06:49:18+00:00,Andre,-31.161989,24.963113,144.3,1514.1,10
2026-03-29T06:49:24+00:00,Andre,-31.164157,24.963137,144.3,1514.1,10
2026-03-29T06:49:30+00:00,Andre,-31.166325,24.963178,144.3,1514,10
2026-03-29T06:49:36+00:00,Andre,-31.168486,24.963207,141.3,1514.4,10
2026-03-29T06:49:43+00:00,Andre,-31.170786,24.963236,122.8,1513.9,10
2026-03-29T06:49:49+00:00,Andre,-31.172562,24.963253,118.5,1513.6,10
2026-03-29T06:49:55+00:00,Andre,-31.174402,24.963285,126.3,1513,10
2026-03-29T06:50:01+00:00,Andre,-31.176405,24.963299,139.1,1512.4,10
2026-03-29T06:50:34+00:00,Andre,-31.18828,24.963214,144,1508.1,10
2026-03-29T06:50:58+00:00,Andre,-31.196566,24.96035,143.9,1509,10
2026-03-29T06:50:59+00:00,Andre,-31.196906,24.960211,143.8,1509.9,10
2026-03-29T06:51:16+00:00,Andre,-31.20282,24.957807,155.8,1513.8,9
2026-03-29T06:51:22+00:00,Andre,-31.205041,24.956889,153.7,1517.2,10
2026-03-29T06:51:34+00:00,Andre,-31.209312,24.955173,154.4,1522.9,10
2026-03-29T06:51:41+00:00,Andre,-31.211791,24.954198,144.7,1528.7,10
2026-03-29T06:51:48+00:00,Andre,-31.214122,24.953255,131.7,1540.4,10
2026-03-29T06:51:54+00:00,Andre,-31.215803,24.952569,113.9,1545.1,9
2026-03-29T06:52:01+00:00,Andre,-31.217693,24.951799,118.4,1542.9,8
2026-03-29T06:52:08+00:00,Andre,-31.219876,24.950908,143.1,1533.3,8
2026-03-29T06:52:17+00:00,Andre,-31.223012,24.949925,144.2,1527.1,9
2026-03-29T06:52:24+00:00,Andre,-31.225457,24.949163,146.1,1525.3,9
2026-03-29T06:52:31+00:00,Andre,-31.228021,24.948332,155.9,1525.8,9
2026-03-29T06:52:37+00:00,Andre,-31.230337,24.947642,161.5,1525.9,9
2026-03-29T06:52:45+00:00,Andre,-31.233451,24.946671,163.1,1528.2,9
2026-03-29T06:52:52+00:00,Andre,-31.236186,24.945821,154.3,1532.3,9
2026-03-29T06:52:59+00:00,Andre,-31.238676,24.945045,145,1535.2,10
2026-03-29T06:53:05+00:00,Andre,-31.240776,24.944391,144.4,1537.1,10
2026-03-29T06:53:12+00:00,Andre,-31.243219,24.943634,144,1540.9,10
2026-03-29T06:53:20+00:00,Andre,-31.246005,24.942765,144.7,1548.3,10
2026-03-29T06:53:26+00:00,Andre,-31.248105,24.942104,144.3,1550.1,9
2026-03-29T06:53:33+00:00,Andre,-31.250564,24.941632,137.4,1554.8,9
2026-03-29T06:53:40+00:00,Andre,-31.253027,24.941401,139.4,1557.3,8
2026-03-29T06:53:46+00:00,Andre,-31.255157,24.941201,143.7,1559,8
2026-03-29T06:53:55+00:00,Andre,-31.258399,24.940897,144.5,1561.9,8
2026-03-29T06:54:17+00:00,Andre,-31.265003,24.943972,129.7,1589.7,9
2026-03-29T06:54:23+00:00,Andre,-31.266789,24.942977,136.1,1595.3,9
2026-03-29T06:54:30+00:00,Andre,-31.268904,24.941483,144.4,1598.8,10
2026-03-29T06:54:36+00:00,Andre,-31.270764,24.940175,144.5,1600.2,10
2026-03-29T06:54:43+00:00,Andre,-31.273092,24.939085,143.3,1603.9,10
2026-03-29T06:54:50+00:00,Andre,-31.275584,24.939317,144.4,1610.2,10
2026-03-29T06:54:56+00:00,Andre,-31.277543,24.940396,144.5,1614,9
2026-03-29T06:55:03+00:00,Andre,-31.279795,24.941754,144.7,1614.3,9
2026-03-29T06:55:10+00:00,Andre,-31.282049,24.943101,144.5,1613.8,9
2026-03-29T06:55:16+00:00,Andre,-31.283879,24.944453,144.5,1612.9,9
2026-03-29T06:55:28+00:00,Andre,-31.286523,24.948427,144.5,1602.7,9
2026-03-29T06:55:47+00:00,Andre,-31.29194,24.951267,139.2,1578.3,8
2026-03-29T06:56:28+00:00,Andre,-31.306425,24.952412,144.8,1502.8,9
2026-03-29T06:56:47+00:00,Andre,-31.312316,24.95638,144.1,1487.2,9
2026-03-29T06:57:03+00:00,Andre,-31.316817,24.960622,144.4,1479.5,9
2026-03-29T06:57:20+00:00,Andre,-31.321597,24.965125,144.4,1471.4,9
2026-03-29T06:57:38+00:00,Andre,-31.326564,24.970026,144.4,1464.9,9
2026-03-29T06:57:58+00:00,Andre,-31.331622,24.976048,144.6,1458,9
2026-03-29T06:58:15+00:00,Andre,-31.335895,24.981203,144.5,1449.9,9
2026-03-29T06:58:33+00:00,Andre,-31.340554,24.986745,157.7,1441.8,9
2026-03-29T06:58:52+00:00,Andre,-31.34548,24.992705,144.3,1441.5,9
2026-03-29T06:59:09+00:00,Andre,-31.349754,24.99786,144.9,1438.2,9
2026-03-29T06:59:28+00:00,Andre,-31.353933,25.004215,144.2,1422.1,9
2026-03-29T07:00:00+00:00,Andre,-31.360193,25.015477,143.8,1401.4,9
2026-03-29T07:00:18+00:00,Andre,-31.36573,25.019403,144.3,1401.7,9
2026-03-29T07:00:39+00:00,Andre,-31.372217,25.023955,143.7,1403.1,9
2026-03-29T07:01:00+00:00,Andre,-31.37531,25.03152,134,1395.1,9
2026-03-29T07:01:38+00:00,Andre,-31.387448,25.031081,146.8,1373.4,9
2026-03-29T07:01:56+00:00,Andre,-31.393761,25.029174,144.3,1376,9
2026-03-29T07:02:14+00:00,Andre,-31.400194,25.02798,144.7,1374.7,9
2026-03-29T07:02:31+00:00,Andre,-31.40629,25.026917,144.7,1353.2,9
2026-03-29T07:02:50+00:00,Andre,-31.41308,25.025746,144.2,1332.4,9
2026-03-29T07:03:07+00:00,Andre,-31.419158,25.024694,144.5,1325.2,9
2026-03-29T07:03:27+00:00,Andre,-31.426314,25.023462,143.9,1315.2,9
2026-03-29T07:03:44+00:00,Andre,-31.432394,25.022424,144.2,1308.7,9
2026-03-29T07:04:00+00:00,Andre,-31.438152,25.021736,144.4,1301.6,9
2026-03-29T07:04:17+00:00,Andre,-31.444283,25.021017,148.6,1295.6,9
2026-03-29T07:04:33+00:00,Andre,-31.450152,25.020339,144.5,1292,9
2026-03-29T07:04:50+00:00,Andre,-31.456274,25.019632,144.3,1286.4,9
2026-03-29T07:05:07+00:00,Andre,-31.462533,25.018891,157.2,1280.6,9
2026-03-29T07:05:24+00:00,Andre,-31.467979,25.015942,144.2,1272.3,9
2026-03-29T07:05:41+00:00,Andre,-31.472651,25.011489,143.8,1268.5,9
2026-03-29T07:05:57+00:00,Andre,-31.478227,25.01015,128.7,1268.9,9
2026-03-29T07:06:14+00:00,Andre,-31.482796,25.010129,123.8,1267,9
2026-03-29T07:06:30+00:00,Andre,-31.487735,25.012872,143.7,1257.4,9
2026-03-29T07:06:47+00:00,Andre,-31.492005,25.015734,74.7,1254.2,8
2026-03-29T07:07:03+00:00,Andre,-31.494809,25.01757,86.9,1252.5,9
2026-03-29T07:07:20+00:00,Andre,-31.497699,25.019517,77.1,1245.3,9
2026-03-29T07:07:36+00:00,Andre,-31.500388,25.021312,78.3,1243,9
2026-03-29T07:07:53+00:00,Andre,-31.503531,25.022382,79.3,1242.5,9
2026-03-29T07:08:10+00:00,Andre,-31.50698,25.021546,86.1,1239.4,9
2026-03-29T07:08:26+00:00,Andre,-31.510714,25.020423,112.5,1235.1,9
2026-03-29T07:08:43+00:00,Andre,-31.51614,25.018575,141.5,1236.9,9
2026-03-29T07:09:00+00:00,Andre,-31.521773,25.015839,144.4,1235.4,9
2026-03-29T07:09:16+00:00,Andre,-31.527492,25.014875,144.2,1235.4,9
2026-03-29T07:09:33+00:00,Andre,-31.533566,25.01385,144.4,1239.9,9
2026-03-29T07:09:49+00:00,Andre,-31.539257,25.012668,144.6,1242.4,9
2026-03-29T07:10:06+00:00,Andre,-31.545293,25.011329,143.9,1239.5,9
2026-03-29T07:10:22+00:00,Andre,-31.550961,25.010062,144,1249.1,9
2026-03-29T07:10:39+00:00,Andre,-31.556994,25.008729,144,1256.5,9
2026-03-29T07:10:55+00:00,Andre,-31.56242,25.006605,143.8,1268.6,9
2026-03-29T07:11:12+00:00,Andre,-31.567907,25.003959,128,1275.1,9
2026-03-29T07:11:28+00:00,Andre,-31.573238,25.001928,149.3,1278.3,9
2026-03-29T07:11:45+00:00,Andre,-31.579172,24.99973,144.2,1277,9
2026-03-29T07:12:02+00:00,Andre,-31.585013,24.997521,144.3,1281.5,9
2026-03-29T07:12:18+00:00,Andre,-31.590518,24.995456,144.3,1285.3,9
2026-03-29T07:12:38+00:00,Andre,-31.597396,24.992868,144.4,1291.4,9
2026-03-29T07:12:55+00:00,Andre,-31.603344,24.991103,144.5,1299.8,9
2026-03-29T07:13:17+00:00,Andre,-31.611173,24.989491,144.3,1309.6,9
2026-03-29T07:13:34+00:00,Andre,-31.617228,24.988276,144.2,1315.4,9
2026-03-29T07:13:51+00:00,Andre,-31.623281,24.987064,144.4,1321.4,9
2026-03-29T07:14:08+00:00,Andre,-31.629324,24.985845,143.6,1335.1,9
2026-03-29T07:14:59+00:00,Andre,-31.64732,24.980802,144.4,1359,9
2026-03-29T07:15:15+00:00,Andre,-31.652914,24.979036,144.5,1359.3,9
2026-03-29T07:15:37+00:00,Andre,-31.660355,24.975844,143.7,1365,9
2026-03-29T07:16:35+00:00,Andre,-31.679895,24.966948,144.5,1393.7,9
2026-03-29T07:17:11+00:00,Andre,-31.692551,24.963457,144.6,1411.6,9
2026-03-29T07:17:27+00:00,Andre,-31.698165,24.962048,143,1432.5,9
2026-03-29T07:17:44+00:00,Andre,-31.704206,24.960755,145,1446.7,9
2026-03-29T07:18:01+00:00,Andre,-31.710299,24.959793,143.8,1447,9
2026-03-29T07:18:20+00:00,Andre,-31.716705,24.957219,145,1443,9
2026-03-29T07:18:36+00:00,Andre,-31.721505,24.953439,143.5,1423.1,9
2026-03-29T07:18:53+00:00,Andre,-31.726583,24.949445,143.2,1435.6,9
2026-03-29T07:19:10+00:00,Andre,-31.731705,24.945544,141,1461.3,9
2026-03-29T07:19:26+00:00,Andre,-31.736883,24.942644,144.7,1476.7,9
2026-03-29T07:19:42+00:00,Andre,-31.742131,24.9398,144.2,1486.3,9
2026-03-29T07:19:59+00:00,Andre,-31.747186,24.935775,144.9,1500.7,9
2026-03-29T07:20:15+00:00,Andre,-31.751547,24.93133,144.1,1505.2,9
2026-03-29T07:20:31+00:00,Andre,-31.755892,24.926879,144.6,1513.7,9
2026-03-29T07:20:47+00:00,Andre,-31.76024,24.922424,143.8,1517.9,9
2026-03-29T07:21:04+00:00,Andre,-31.764863,24.917682,143.9,1523.4,9
2026-03-29T07:21:21+00:00,Andre,-31.769447,24.912996,143,1549.9,9
2026-03-29T07:21:37+00:00,Andre,-31.774157,24.908699,164.1,1534.2,8
2026-03-29T07:21:53+00:00,Andre,-31.778593,24.903263,144.3,1527.9,8
2026-03-29T07:22:10+00:00,Andre,-31.782691,24.898167,145,1551.9,8
2026-03-29T07:22:16+00:00,Andre,-31.78479,24.897564,144.1,1556.5,8
2026-03-29T07:22:22+00:00,Andre,-31.786956,24.897513,144,1562.1,8
2026-03-29T07:22:29+00:00,Andre,-31.789466,24.897485,142.2,1574.7,9
2026-03-29T07:22:35+00:00,Andre,-31.791579,24.897427,139.8,1590.5,9
2026-03-29T07:22:42+00:00,Andre,-31.793759,24.896259,138.3,1606.3,9
2026-03-29T07:22:48+00:00,Andre,-31.79504,24.894366,137.4,1620,9
2026-03-29T07:22:55+00:00,Andre,-31.796447,24.892026,142,1628.7,8
2026-03-29T07:23:06+00:00,Andre,-31.798952,24.888413,144.4,1625.1,8
2026-03-29T07:23:24+00:00,Andre,-31.803581,24.883113,144.4,1615.9,9
2026-03-29T07:23:38+00:00,Andre,-31.807807,24.880311,95.3,1611.9,9
2026-03-29T07:23:44+00:00,Andre,-31.808836,24.879634,76.8,1613.1,9
2026-03-29T07:23:51+00:00,Andre,-31.809947,24.878809,72.7,1617.9,9
2026-03-29T07:23:58+00:00,Andre,-31.810871,24.877903,64.9,1623.5,9
2026-03-29T07:24:04+00:00,Andre,-31.811524,24.87708,65.1,1626.7,9
2026-03-29T07:26:58+00:00,Andre,-31.844696,24.872205,97,1697.4,9
2026-03-29T07:26:59+00:00,Andre,-31.844727,24.872489,97.7,1695.8,9
2026-03-29T07:27:19+00:00,Andre,-31.844541,24.878175,117.3,1662.7,9
2026-03-29T07:27:25+00:00,Andre,-31.845406,24.880072,115,1652.9,9
2026-03-29T07:27:38+00:00,Andre,-31.848827,24.879529,140.8,1622.7,9
2026-03-29T07:27:47+00:00,Andre,-31.851025,24.876691,144.3,1602.7,8
2026-03-29T07:28:04+00:00,Andre,-31.854895,24.871153,144.4,1591,9
2026-03-29T07:28:17+00:00,Andre,-31.856776,24.866078,145.3,1569.1,9
2026-03-29T07:28:35+00:00,Andre,-31.859359,24.859075,144,1531.6,9
2026-03-29T07:28:57+00:00,Andre,-31.862499,24.850536,143.8,1514.1,9
2026-03-29T07:29:26+00:00,Andre,-31.866625,24.839512,122.4,1507.8,10
2026-03-29T07:29:36+00:00,Andre,-31.868003,24.836506,116.8,1500.1,10
2026-03-29T07:29:46+00:00,Andre,-31.869778,24.833223,143.8,1486.9,10
2026-03-29T07:29:58+00:00,Andre,-31.872037,24.829134,134.3,1475.7,10
2026-03-29T07:29:59+00:00,Andre,-31.87222,24.828803,134.7,1474.8,10
2026-03-29T07:30:43+00:00,Andre,-31.883445,24.816523,154.5,1449.4,10
2026-03-29T07:30:51+00:00,Andre,-31.884475,24.81314,155.5,1430,10
2026-03-29T07:31:01+00:00,Andre,-31.885768,24.808893,150.5,1417.6,10
2026-03-29T07:31:10+00:00,Andre,-31.887033,24.805255,143.1,1408.5,10
2026-03-29T07:31:19+00:00,Andre,-31.888288,24.801937,140.6,1403.9,10
2026-03-29T07:31:28+00:00,Andre,-31.88941,24.799156,88.5,1398.3,10
2026-03-29T07:31:37+00:00,Andre,-31.890379,24.796737,119.4,1393.6,10
2026-03-29T07:31:46+00:00,Andre,-31.891833,24.793746,136.4,1390.2,10
2026-03-29T07:31:58+00:00,Andre,-31.894218,24.789569,144.3,1386.2,10
2026-03-29T07:32:07+00:00,Andre,-31.89613,24.786487,144.2,1384.1,10
2026-03-29T07:32:17+00:00,Andre,-31.898257,24.783063,144.5,1381.2,10
2026-03-29T07:32:26+00:00,Andre,-31.900169,24.779984,144,1380.8,10
2026-03-29T07:32:35+00:00,Andre,-31.902082,24.776905,144.2,1381,10
2026-03-29T07:32:43+00:00,Andre,-31.90378,24.77417,143.6,1383.6,10
2026-03-29T07:33:05+00:00,Andre,-31.90861,24.766779,142.9,1395.6,9
2026-03-29T07:33:06+00:00,Andre,-31.908855,24.766479,140.4,1395.7,9
2026-03-29T07:33:57+00:00,Andre,-31.923034,24.752217,161.6,1381.4,9
2026-03-29T07:34:17+00:00,Andre,-31.928844,24.745908,139.7,1379.3,9
2026-03-29T07:34:36+00:00,Andre,-31.933115,24.741194,138.4,1380.8,9
2026-03-29T07:34:55+00:00,Andre,-31.938188,24.735547,151.6,1385.2,9
2026-03-29T07:35:19+00:00,Andre,-31.944828,24.728175,147.3,1411.5,9
2026-03-29T07:35:38+00:00,Andre,-31.951113,24.725717,142.4,1442.2,9
2026-03-29T07:36:00+00:00,Andre,-31.958676,24.727229,138,1424.1,9
2026-03-29T07:36:21+00:00,Andre,-31.964559,24.72341,135.5,1380.9,9
2026-03-29T07:36:40+00:00,Andre,-31.968925,24.717654,140.8,1325.7,5
2026-03-29T07:36:59+00:00,Andre,-31.973267,24.711476,162.7,1276.2,9
2026-03-29T07:37:19+00:00,Andre,-31.9783,24.704318,151.5,1242.2,9
2026-03-29T07:37:39+00:00,Andre,-31.982484,24.697346,145.6,1224.1,9
2026-03-29T07:37:59+00:00,Andre,-31.986656,24.690407,144.2,1206.3,9
2026-03-29T07:38:19+00:00,Andre,-31.990843,24.683484,144.4,1187.2,9
2026-03-29T07:38:38+00:00,Andre,-31.994821,24.676914,144.4,1170.8,9
2026-03-29T07:38:58+00:00,Andre,-31.999016,24.670002,144.3,1156.4,9
2026-03-29T07:39:18+00:00,Andre,-32.00322,24.663098,144.3,1144.5,9
2026-03-29T07:39:37+00:00,Andre,-32.007575,24.656877,144.3,1141.3,9
2026-03-29T07:39:56+00:00,Andre,-32.011996,24.650718,144.1,1143,9
2026-03-29T07:40:15+00:00,Andre,-32.01642,24.644555,144.2,1149,9
2026-03-29T07:40:38+00:00,Andre,-32.021816,24.63715,144.1,1162.1,9
2026-03-29T07:40:59+00:00,Andre,-32.026979,24.630629,144.3,1176.9,9
2026-03-29T07:41:22+00:00,Andre,-32.033346,24.624414,144.5,1187.8,9
2026-03-29T07:41:22+00:00,Andre,-32.033346,24.624414,144.5,1187.8,9
2026-03-29T07:41:23+00:00,Andre,-32.033646,24.624171,145.9,1187.8,9
2026-03-29T07:42:23+00:00,Andre,-32.052503,24.61446,143.6,1218.1,9
2026-03-29T07:42:44+00:00,Andre,-32.057865,24.610504,99.5,1201.9,9
2026-03-29T07:43:21+00:00,Andre,-32.066596,24.606065,146.4,1136.3,9
2026-03-29T07:43:38+00:00,Andre,-32.073207,24.6043,169.6,1115.8,9
2026-03-29T07:43:54+00:00,Andre,-32.079815,24.602171,173,1095.7,9
2026-03-29T07:44:10+00:00,Andre,-32.086362,24.602625,155.9,1079.5,9
2026-03-29T07:44:27+00:00,Andre,-32.092554,24.6038,144.7,1077.3,9
2026-03-29T07:44:44+00:00,Andre,-32.098625,24.604944,144.2,1072.2,9
2026-03-29T07:45:01+00:00,Andre,-32.104672,24.60608,143.3,1084.2,9
2026-03-29T07:45:18+00:00,Andre,-32.110061,24.60919,138.2,1097.1,9
2026-03-29T07:45:35+00:00,Andre,-32.114537,24.608289,119,1063.9,8
2026-03-29T07:45:52+00:00,Andre,-32.119378,24.606159,145.8,1021.4,9
2026-03-29T07:46:08+00:00,Andre,-32.122732,24.600617,144,990.1,9
2026-03-29T07:46:26+00:00,Andre,-32.126486,24.594387,144.2,967.8,9
2026-03-29T07:46:43+00:00,Andre,-32.130046,24.588508,144.2,955.3,9
2026-03-29T07:47:00+00:00,Andre,-32.132996,24.58222,144,948.8,9
2026-03-29T07:47:16+00:00,Andre,-32.136073,24.576725,144.1,940.6,9
2026-03-29T07:49:31+00:00,Andre,-32.180504,24.562865,130.8,804,9
2026-03-29T07:49:46+00:00,Andre,-32.185475,24.560234,155.1,801.6,9
2026-03-29T07:49:54+00:00,Andre,-32.18838,24.558723,161.4,800.5,9
2026-03-29T07:50:00+00:00,Andre,-32.190596,24.557549,157.6,799.3,9
2026-03-29T07:50:07+00:00,Andre,-32.192925,24.556315,130.1,797.9,9
2026-03-29T07:50:13+00:00,Andre,-32.194737,24.55537,132.7,796.9,9
2026-03-29T07:50:20+00:00,Andre,-32.196902,24.554376,130.8,797,9
2026-03-29T07:50:26+00:00,Andre,-32.198799,24.553516,139.2,796.8,9
2026-03-29T07:50:33+00:00,Andre,-32.201135,24.552446,142.7,796.6,9
2026-03-29T07:50:39+00:00,Andre,-32.20298,24.551598,117.6,796,9
2026-03-29T07:50:46+00:00,Andre,-32.204721,24.550701,114.1,795.2,9
2026-03-29T07:50:52+00:00,Andre,-32.206385,24.549763,129.8,794.6,9
2026-03-29T07:50:58+00:00,Andre,-32.208235,24.548717,142,794.2,9
2026-03-29T07:51:05+00:00,Andre,-32.210526,24.547409,145.8,793.7,9
2026-03-29T07:51:11+00:00,Andre,-32.212471,24.546295,145.7,793.5,9
2026-03-29T07:51:17+00:00,Andre,-32.214461,24.545167,145.3,793.5,9
2026-03-29T07:51:23+00:00,Andre,-32.216417,24.544052,144.2,793.4,9
2026-03-29T07:51:30+00:00,Andre,-32.21869,24.542755,144.2,795.1,9
2026-03-29T07:51:36+00:00,Andre,-32.220643,24.541649,144.5,796.5,9
2026-03-29T07:51:43+00:00,Andre,-32.222919,24.540342,144.4,794.8,9
2026-03-29T07:51:53+00:00,Andre,-32.226238,24.538667,144.4,791.8,9
2026-03-29T07:52:00+00:00,Andre,-32.228652,24.537778,143.6,791.5,9
2026-03-29T07:52:07+00:00,Andre,-32.230822,24.536797,123.3,793.7,9
2026-03-29T07:52:13+00:00,Andre,-32.232207,24.535701,104.7,794.9,9
2026-03-29T07:52:19+00:00,Andre,-32.233557,24.534937,98.1,795.3,9
2026-03-29T07:52:26+00:00,Andre,-32.235285,24.535039,100.7,795.4,9
2026-03-29T07:52:32+00:00,Andre,-32.236731,24.535491,97.5,793.1,9
2026-03-29T07:52:39+00:00,Andre,-32.238361,24.536005,98.8,788.3,9
2026-03-29T07:52:45+00:00,Andre,-32.239804,24.536463,98.7,779.2,9
2026-03-29T07:52:51+00:00,Andre,-32.241189,24.5369,87.1,773.3,9
2026-03-29T07:52:58+00:00,Andre,-32.24258,24.53734,77.6,768.7,9
2026-03-29T07:53:04+00:00,Andre,-32.24362,24.537669,68.1,763.3,9
2026-03-29T07:53:11+00:00,Andre,-32.24472,24.537974,61.6,759.7,9
2026-03-29T07:53:17+00:00,Andre,-32.24565,24.537971,64.4,757.8,9
2026-03-29T07:53:24+00:00,Andre,-32.246781,24.537643,65.6,755.3,9
2026-03-29T07:53:31+00:00,Andre,-32.247808,24.537387,49.7,753.1,9
2026-03-29T07:53:38+00:00,Andre,-32.248159,24.537511,3.6,752.7,8
2026-03-29T07:53:44+00:00,Andre,-32.248278,24.537544,12.4,752.7,9
2026-03-29T07:53:51+00:00,Andre,-32.248479,24.537289,17.6,752.2,9
2026-03-29T07:53:57+00:00,Andre,-32.24852,24.53718,0.1,751.9,9
2026-03-29T07:54:04+00:00,Andre,-32.248522,24.537177,0.1,753.2,9
2026-03-29T07:54:11+00:00,Andre,-32.248519,24.537173,0.1,754.3,9
2026-03-29T07:54:18+00:00,Andre,-32.248516,24.537167,0.1,755.4,9
2026-03-29T07:54:24+00:00,Andre,-32.248519,24.537141,3.4,756,9
2026-03-29T07:54:31+00:00,Andre,-32.248542,24.537062,3.7,756.3,9
2026-03-29T07:54:38+00:00,Andre,-32.248544,24.537057,0.1,757.8,9
2026-03-29T08:04:40+00:00,Andre,-32.248599,24.53707,0.1,767.9,8
2026-03-29T08:04:50+00:00,Andre,-32.248598,24.537062,0.1,766.9,8
2026-03-29T08:04:57+00:00,Andre,-32.248593,24.537058,0.1,764.9,8
2026-03-29T08:05:06+00:00,Andre,-32.248584,24.537056,0,762.6,8
2026-03-29T08:05:13+00:00,Andre,-32.248581,24.537049,0.1,759.8,8
2026-03-29T08:05:21+00:00,Andre,-32.248582,24.537045,0,758.3,8
2026-03-29T08:05:28+00:00,Andre,-32.248579,24.537043,0,757.9,8
2026-03-29T08:05:34+00:00,Andre,-32.248575,24.537041,0,758.1,9
2026-03-29T08:05:40+00:00,Andre,-32.24857,24.537038,0,758.1,8
2026-03-29T08:05:47+00:00,Andre,-32.24856,24.537037,0,757.3,8
2026-03-29T08:05:53+00:00,Andre,-32.248551,24.537036,0,757.2,8
2026-03-29T08:06:00+00:00,Andre,-32.248544,24.537037,0,757.5,8
2026-03-29T08:06:06+00:00,Andre,-32.24854,24.537039,0,758.2,8
2026-03-29T08:06:13+00:00,Andre,-32.248537,24.537043,0,758.6,8
2026-03-29T08:06:19+00:00,Andre,-32.248536,24.537043,0,758.4,8
2026-03-29T08:06:25+00:00,Andre,-32.248535,24.537042,0,757.9,7
2026-03-29T08:06:32+00:00,Andre,-32.248533,24.537039,0,756.7,7
2026-03-29T08:06:38+00:00,Andre,-32.248532,24.537037,0,755.8,7
2026-03-29T08:06:45+00:00,Andre,-32.248532,24.537036,0,755.5,7
2026-03-29T08:06:52+00:00,Andre,-32.248534,24.537037,0,756,7
2026-03-29T08:06:58+00:00,Andre,-32.248534,24.537038,0,756.1,7
2026-03-29T08:07:04+00:00,Andre,-32.248533,24.537036,0,755.9,8
2026-03-29T08:07:11+00:00,Andre,-32.248533,24.537033,0,755.4,7
2026-03-29T08:07:17+00:00,Andre,-32.248534,24.537029,0,755.2,7
2026-03-29T08:07:24+00:00,Andre,-32.248537,24.537024,0,755.2,6
2026-03-29T08:09:59+00:00,Andre,-32.248568,24.536982,0.5,765,8
2026-03-29T08:10:07+00:00,Andre,-32.248568,24.536988,0.1,764.3,8
2026-03-29T08:10:20+00:00,Andre,-32.248553,24.537,0.1,762.2,8
2026-03-29T08:10:26+00:00,Andre,-32.248549,24.537001,0.1,761.6,8
2026-03-29T08:10:33+00:00,Andre,-32.248548,24.537001,0.1,761.2,8
2026-03-29T08:10:40+00:00,Andre,-32.248547,24.537004,0.1,760.8,9
2026-03-29T08:10:46+00:00,Andre,-32.248541,24.537008,0.1,759.6,9
2026-03-29T08:10:53+00:00,Andre,-32.248535,24.537015,0.1,758.5,7
2026-03-29T08:10:59+00:00,Andre,-32.248517,24.536978,5.5,757.4,9
2026-03-29T08:11:06+00:00,Andre,-32.248578,24.536738,16.2,756.3,8
2026-03-29T08:11:13+00:00,Andre,-32.248665,24.536371,17.7,755.4,8
2026-03-29T08:11:19+00:00,Andre,-32.248762,24.536054,18.9,753.8,8
2026-03-29T08:11:26+00:00,Andre,-32.24888,24.53564,25.1,754,8
2026-03-29T08:11:32+00:00,Andre,-32.248968,24.535337,7.2,753.6,8
2026-03-29T08:11:38+00:00,Andre,-32.249107,24.535252,15.9,755.1,8
2026-03-29T08:11:45+00:00,Andre,-32.249489,24.535389,26.4,757,8
2026-03-29T08:11:51+00:00,Andre,-32.249807,24.53546,21,754,8
2026-03-29T08:11:57+00:00,Andre,-32.249969,24.53522,16.5,751.4,9
2026-03-29T08:12:03+00:00,Andre,-32.250247,24.53528,25.1,750.8,8
2026-03-29T08:12:10+00:00,Andre,-32.250669,24.535447,21.9,750.9,8
2026-03-29T08:12:17+00:00,Andre,-32.250864,24.53552,6.1,752,8
2026-03-29T08:12:23+00:00,Andre,-32.251106,24.535619,26.6,752.4,8
2026-03-29T08:12:30+00:00,Andre,-32.251679,24.535843,44.6,754.1,8
2026-03-29T08:12:36+00:00,Andre,-32.252297,24.536087,40.6,753.6,8
2026-03-29T08:12:42+00:00,Andre,-32.252882,24.536314,41.1,753.7,9
2026-03-29T08:12:49+00:00,Andre,-32.25361,24.5366,43.7,752.9,8
2026-03-29T08:12:56+00:00,Andre,-32.254124,24.536799,13.6,752.9,8
2026-03-29T08:13:02+00:00,Andre,-32.254432,24.536917,30.5,754.1,8
2026-03-29T08:13:09+00:00,Andre,-32.254984,24.537133,40.7,753.5,8
2026-03-29T08:13:15+00:00,Andre,-32.2556,24.537374,44.8,752.5,9
2026-03-29T08:13:21+00:00,Andre,-32.256253,24.537637,46.5,751.8,9
2026-03-29T08:13:28+00:00,Andre,-32.256905,24.537886,35.2,752,9
2026-03-29T08:13:35+00:00,Andre,-32.257551,24.538151,43.7,752,8
2026-03-29T08:13:41+00:00,Andre,-32.258209,24.53841,44.8,751.5,8
2026-03-29T08:13:47+00:00,Andre,-32.258882,24.538679,50.1,752.3,9
2026-03-29T08:13:54+00:00,Andre,-32.259707,24.539009,54.8,755.4,8
2026-03-29T08:14:01+00:00,Andre,-32.260653,24.539427,60.5,756.6,8
2026-03-29T08:14:07+00:00,Andre,-32.261439,24.539818,54.3,756.7,8
2026-03-29T08:14:13+00:00,Andre,-32.262155,24.540182,51,757.4,9
2026-03-29T08:14:20+00:00,Andre,-32.26296,24.540587,50.8,757.5,9
2026-03-29T08:14:26+00:00,Andre,-32.263657,24.540939,48,757.4,9
2026-03-29T08:14:33+00:00,Andre,-32.264406,24.541384,48.9,756.8,9
2026-03-29T08:14:39+00:00,Andre,-32.264999,24.541863,44.3,755.3,9
2026-03-29T08:14:45+00:00,Andre,-32.265458,24.542237,36.5,753.4,9
2026-03-29T08:14:52+00:00,Andre,-32.266084,24.542751,48.5,751.6,9
2026-03-29T08:14:58+00:00,Andre,-32.266703,24.543251,50.2,750.8,9
2026-03-29T08:15:06+00:00,Andre,-32.26758,24.543932,55,749.6,9
2026-03-29T08:15:12+00:00,Andre,-32.268322,24.544499,60.6,747.7,9
2026-03-29T08:15:18+00:00,Andre,-32.269301,24.544881,71.6,746.1,9
2026-03-29T08:15:25+00:00,Andre,-32.270622,24.54512,80,744.3,9
2026-03-29T08:15:31+00:00,Andre,-32.271843,24.545333,84.7,741.7,9
2026-03-29T08:15:38+00:00,Andre,-32.273335,24.545574,88.3,737.5,9
2026-03-29T08:15:45+00:00,Andre,-32.274904,24.54553,91.1,734.4,9
2026-03-29T08:15:51+00:00,Andre,-32.276303,24.545149,97.4,733.2,9
2026-03-29T08:15:58+00:00,Andre,-32.27782,24.544265,94.9,732.4,9
2026-03-29T08:16:04+00:00,Andre,-32.278921,24.543342,86.4,732.8,9
2026-03-29T08:16:10+00:00,Andre,-32.27993,24.542458,80.3,734.5,9
2026-03-29T08:16:17+00:00,Andre,-32.28107,24.541454,86.8,734.3,9
2026-03-29T08:16:23+00:00,Andre,-32.282162,24.540489,91,734.2,9
2026-03-29T08:16:30+00:00,Andre,-32.283433,24.539378,91.6,734.5,9
2026-03-29T08:16:36+00:00,Andre,-32.284504,24.538436,88.1,736,9
2026-03-29T08:16:42+00:00,Andre,-32.285606,24.537466,92.9,738.2,9
2026-03-29T08:16:49+00:00,Andre,-32.286939,24.536299,94.1,740.5,9
2026-03-29T08:16:55+00:00,Andre,-32.288132,24.535469,91.5,744.7,9
2026-03-29T08:17:01+00:00,Andre,-32.289447,24.534924,95.1,753.6,9
2026-03-29T08:17:07+00:00,Andre,-32.290801,24.534272,98,761,9
2026-03-29T08:17:14+00:00,Andre,-32.29223,24.533168,97.4,771.5,10
2026-03-29T08:17:21+00:00,Andre,-32.293451,24.531721,101.1,782.4,10
2026-03-29T08:17:27+00:00,Andre,-32.29442,24.530303,103.4,787.2,10
2026-03-29T08:17:33+00:00,Andre,-32.295417,24.52883,108.5,788.9,10
2026-03-29T08:17:43+00:00,Andre,-32.297078,24.526242,111.2,797.5,10
2026-03-29T08:17:49+00:00,Andre,-32.297717,24.524343,117.8,799.3,10
2026-03-29T08:17:56+00:00,Andre,-32.297993,24.521938,116.9,795.7,9
2026-03-29T08:18:02+00:00,Andre,-32.298164,24.519937,109.2,793.2,9
2026-03-29T08:18:08+00:00,Andre,-32.298329,24.518066,106.5,792.7,9
2026-03-29T08:18:15+00:00,Andre,-32.298529,24.515766,117.1,792.7,9
2026-03-29T08:18:21+00:00,Andre,-32.298734,24.513684,118.9,785.6,9
2026-03-29T08:18:27+00:00,Andre,-32.299102,24.511628,118.6,774,9
2026-03-29T08:18:33+00:00,Andre,-32.299645,24.509646,117,767.2,9
2026-03-29T08:18:40+00:00,Andre,-32.300463,24.507431,117.6,767.4,9
2026-03-29T08:18:46+00:00,Andre,-32.30127,24.505572,118.3,767.5,9
2026-03-29T08:18:52+00:00,Andre,-32.302084,24.503709,118.3,764.8,9
2026-03-29T08:18:58+00:00,Andre,-32.302893,24.501848,118,762.4,9
2026-03-29T08:19:04+00:00,Andre,-32.303709,24.499993,118.1,760.3,9
2026-03-29T08:19:11+00:00,Andre,-32.304705,24.497848,119.8,756.4,9
2026-03-29T08:19:17+00:00,Andre,-32.305597,24.495958,123.2,751.8,9
2026-03-29T08:19:24+00:00,Andre,-32.306652,24.49372,124.3,747.5,9
2026-03-29T08:19:30+00:00,Andre,-32.307559,24.491791,124.7,742.1,9
2026-03-29T08:19:36+00:00,Andre,-32.308477,24.489833,128.3,737.7,9
2026-03-29T08:19:42+00:00,Andre,-32.309419,24.487811,132.9,732.9,10
2026-03-29T08:19:49+00:00,Andre,-32.310555,24.485398,133.8,728,9
2026-03-29T08:19:55+00:00,Andre,-32.311532,24.483321,134.4,722.7,9
2026-03-29T08:20:02+00:00,Andre,-32.312679,24.480895,134.4,717.6,9
2026-03-29T08:20:09+00:00,Andre,-32.313814,24.478462,134.5,713.7,9
2026-03-29T08:20:15+00:00,Andre,-32.314793,24.476378,134.5,709.5,10
2026-03-29T08:20:21+00:00,Andre,-32.315774,24.474298,134.5,706.6,9
2026-03-29T08:20:28+00:00,Andre,-32.316917,24.471869,134.5,703.2,9
2026-03-29T08:20:34+00:00,Andre,-32.317891,24.469782,134.3,700.4,10
2026-03-29T08:20:41+00:00,Andre,-32.319035,24.467355,134.5,697.1,10
2026-03-29T08:20:47+00:00,Andre,-32.320012,24.465273,134.4,694.4,10
2026-03-29T08:20:54+00:00,Andre,-32.321154,24.462841,134.5,691.2,10
2026-03-29T08:21:01+00:00,Andre,-32.322294,24.460408,134.5,688.1,10
2026-03-29T08:21:09+00:00,Andre,-32.323597,24.457632,134.3,686.8,10
2026-03-29T08:21:16+00:00,Andre,-32.324737,24.455206,134.4,686.5,10
2026-03-29T08:21:27+00:00,Andre,-32.326528,24.451387,133.6,687.8,10
2026-03-29T08:21:35+00:00,Andre,-32.327758,24.448754,128.6,692.7,10
2026-03-29T08:21:41+00:00,Andre,-32.328711,24.446735,130.3,698,10
2026-03-29T08:21:48+00:00,Andre,-32.329795,24.444425,124.4,702.6,10
2026-03-29T08:21:55+00:00,Andre,-32.33085,24.442172,123.2,707.7,10
2026-03-29T08:22:02+00:00,Andre,-32.331921,24.439877,131.2,708.7,10
2026-03-29T08:22:08+00:00,Andre,-32.332867,24.437872,127.8,707.6,10
2026-03-29T08:22:14+00:00,Andre,-32.33378,24.435932,125.1,706.6,10
2026-03-29T08:22:21+00:00,Andre,-32.334834,24.433677,119.5,708.8,10
2026-03-29T08:22:27+00:00,Andre,-32.335676,24.431877,117.1,708.8,10
2026-03-29T08:22:33+00:00,Andre,-32.33658,24.429956,127.7,706.3,10
2026-03-29T08:22:39+00:00,Andre,-32.33749,24.428013,126.1,703.8,10
2026-03-29T08:22:46+00:00,Andre,-32.338606,24.425626,132.7,701,10
2026-03-29T08:22:52+00:00,Andre,-32.339488,24.423501,131.7,700.2,10
2026-03-29T08:22:58+00:00,Andre,-32.340196,24.421382,127.8,700.1,10
2026-03-29T08:23:05+00:00,Andre,-32.340852,24.418764,138.3,699.5,9
2026-03-29T08:23:11+00:00,Andre,-32.341294,24.416274,147.9,698.9,10
2026-03-29T08:23:17+00:00,Andre,-32.341798,24.413705,144.3,699.2,10
2026-03-29T08:23:24+00:00,Andre,-32.342233,24.410929,134.6,702.5,10
2026-03-29T08:23:30+00:00,Andre,-32.342456,24.408564,134.4,705.5,10
2026-03-29T08:23:38+00:00,Andre,-32.342515,24.405392,134.6,709.3,10
2026-03-29T08:23:44+00:00,Andre,-32.34246,24.403009,134.6,709.9,10
2026-03-29T08:23:51+00:00,Andre,-32.342385,24.40023,134.6,710.2,10
2026-03-29T08:23:57+00:00,Andre,-32.342335,24.39785,134.6,710.2,10
2026-03-29T08:24:04+00:00,Andre,-32.342268,24.395077,134.1,711.8,10
2026-03-29T08:24:10+00:00,Andre,-32.342212,24.392701,134.3,716.6,10
2026-03-29T08:24:18+00:00,Andre,-32.34214,24.389531,134.7,721.8,10
2026-03-29T08:24:25+00:00,Andre,-32.342068,24.386746,134.9,721.3,10
2026-03-29T08:24:32+00:00,Andre,-32.341998,24.383964,134.6,720.4,10
2026-03-29T08:24:38+00:00,Andre,-32.341939,24.381585,134.4,719.9,10
2026-03-29T08:24:45+00:00,Andre,-32.341871,24.378811,134.5,719.7,10
2026-03-29T08:24:51+00:00,Andre,-32.341816,24.376432,134.5,720,10
2026-03-29T08:24:59+00:00,Andre,-32.341958,24.37327,134.1,720.6,10
2026-03-29T08:25:05+00:00,Andre,-32.342424,24.371173,111.5,721,10
2026-03-29T08:25:14+00:00,Andre,-32.343511,24.368497,120.9,720.3,10
2026-03-29T08:25:22+00:00,Andre,-32.344762,24.366068,121.1,719.7,10
2026-03-29T08:25:29+00:00,Andre,-32.34574,24.363796,124.4,719.6,10
2026-03-29T08:25:35+00:00,Andre,-32.346398,24.361661,131.7,720.4,9
2026-03-29T08:25:42+00:00,Andre,-32.346886,24.358985,135.6,721.8,10
2026-03-29T08:25:48+00:00,Andre,-32.347181,24.35653,143.4,723.2,10
2026-03-29T08:25:55+00:00,Andre,-32.34753,24.353635,138.5,724.9,10
2026-03-29T08:26:01+00:00,Andre,-32.347814,24.351246,136.4,726.1,10
2026-03-29T08:26:08+00:00,Andre,-32.348149,24.34846,135.5,727.5,10
2026-03-29T08:26:15+00:00,Andre,-32.348479,24.345695,134.8,728.8,10
2026-03-29T08:26:25+00:00,Andre,-32.348953,24.341551,148.7,730.7,10
2026-03-29T08:26:31+00:00,Andre,-32.349289,24.338906,151.6,731.8,10
2026-03-29T08:26:38+00:00,Andre,-32.349651,24.335986,140.4,732.9,10
2026-03-29T08:26:44+00:00,Andre,-32.349942,24.333541,137.1,733.9,10
2026-03-29T08:26:50+00:00,Andre,-32.350224,24.331163,134.8,735.1,10
2026-03-29T08:26:57+00:00,Andre,-32.350558,24.328411,134.6,736.3,10
2026-03-29T08:27:03+00:00,Andre,-32.350841,24.326053,134.5,737.4,10
2026-03-29T08:27:09+00:00,Andre,-32.351121,24.323695,134.5,738.5,10
2026-03-29T08:27:15+00:00,Andre,-32.351404,24.321337,134.5,739.5,10
2026-03-29T08:27:21+00:00,Andre,-32.351685,24.318979,134.6,740.1,10
2026-03-29T08:27:27+00:00,Andre,-32.351968,24.31662,134.6,740.8,10
2026-03-29T08:27:34+00:00,Andre,-32.352299,24.313869,134.3,742.3,10
2026-03-29T08:27:40+00:00,Andre,-32.352577,24.311511,134.6,743.7,10
2026-03-29T08:27:46+00:00,Andre,-32.35286,24.309152,134.5,744.6,10
2026-03-29T08:27:52+00:00,Andre,-32.353141,24.306794,134.5,745.6,10
2026-03-29T08:27:59+00:00,Andre,-32.353469,24.304048,134.2,748.5,10
2026-03-29T08:28:05+00:00,Andre,-32.353755,24.301696,134.3,753.2,10
2026-03-29T08:28:11+00:00,Andre,-32.354234,24.299384,134.7,757,10
2026-03-29T08:28:18+00:00,Andre,-32.355153,24.296826,134.5,759.6,10
2026-03-29T08:28:25+00:00,Andre,-32.356429,24.294489,134.9,761.3,10
2026-03-29T08:28:31+00:00,Andre,-32.357793,24.292717,135.3,755.9,10
2026-03-29T08:28:37+00:00,Andre,-32.359348,24.291206,134,754.4,10
2026-03-29T08:28:44+00:00,Andre,-32.361234,24.289547,134.4,754.4,10
2026-03-29T08:28:51+00:00,Andre,-32.362927,24.287608,135.4,750,10
2026-03-29T08:28:57+00:00,Andre,-32.364066,24.285633,134,743.2,10
2026-03-29T08:29:03+00:00,Andre,-32.365054,24.283567,134.3,742.3,9
2026-03-29T08:29:10+00:00,Andre,-32.366204,24.281137,134.7,740,10
2026-03-29T08:29:17+00:00,Andre,-32.367284,24.27866,134.8,736.2,10
2026-03-29T08:29:23+00:00,Andre,-32.368151,24.276505,134.6,731.8,10
2026-03-29T08:29:30+00:00,Andre,-32.369167,24.273995,134.5,726.9,10
2026-03-29T08:29:36+00:00,Andre,-32.370028,24.271842,134.4,723.5,10
2026-03-29T08:29:43+00:00,Andre,-32.371018,24.269326,134.2,722.7,10
2026-03-29T08:29:49+00:00,Andre,-32.3718,24.267134,134.3,722.9,10
2026-03-29T08:29:56+00:00,Andre,-32.372624,24.26453,134.6,723,9
2026-03-29T08:30:02+00:00,Andre,-32.373308,24.262288,134.5,723.3,9
2026-03-29T08:30:08+00:00,Andre,-32.373987,24.260044,134.5,723.4,9
2026-03-29T08:30:15+00:00,Andre,-32.374784,24.25743,134.4,723.5,9
2026-03-29T08:30:23+00:00,Andre,-32.375693,24.254439,134.7,723.6,9
2026-03-29T08:30:31+00:00,Andre,-32.376603,24.25144,136.3,722,9
2026-03-29T08:30:40+00:00,Andre,-32.377656,24.247864,144.9,720.1,9
2026-03-29T08:30:50+00:00,Andre,-32.378852,24.244038,135.2,718.9,9
2026-03-29T08:30:56+00:00,Andre,-32.379537,24.241792,134.5,719.7,8
2026-03-29T08:31:03+00:00,Andre,-32.380326,24.239172,134.7,720.4,8
2026-03-29T08:31:09+00:00,Andre,-32.381009,24.236928,134.5,719.9,9
2026-03-29T08:31:16+00:00,Andre,-32.381802,24.23431,134.6,719.4,9
2026-03-29T08:31:23+00:00,Andre,-32.382598,24.231692,134.5,718.5,8
2026-03-29T08:31:29+00:00,Andre,-32.383287,24.229452,134.6,718.3,9
2026-03-29T08:31:35+00:00,Andre,-32.384041,24.227239,134.5,717.8,9
2026-03-29T08:31:42+00:00,Andre,-32.385004,24.224702,134.6,717.1,10
2026-03-29T08:31:49+00:00,Andre,-32.386012,24.222189,134.6,716.5,10
2026-03-29T08:31:57+00:00,Andre,-32.387148,24.219275,137.3,716.3,10
2026-03-29T08:32:05+00:00,Andre,-32.388352,24.216393,135.3,715.8,10
2026-03-29T08:32:15+00:00,Andre,-32.389799,24.212799,134.5,716.1,10
2026-03-29T08:32:33+00:00,Andre,-32.392396,24.206339,134.5,717.5,10
2026-03-29T08:32:39+00:00,Andre,-32.393261,24.204186,134.5,717.9,10
2026-03-29T08:32:46+00:00,Andre,-32.394259,24.201703,127.3,718.3,10
2026-03-29T08:32:52+00:00,Andre,-32.39502,24.199824,108.1,718.7,10
2026-03-29T08:32:59+00:00,Andre,-32.395742,24.198035,88.9,719,10
2026-03-29T08:33:06+00:00,Andre,-32.396398,24.196388,91.7,719.3,10
2026-03-29T08:33:12+00:00,Andre,-32.397016,24.194763,107.8,719.8,10
2026-03-29T08:33:19+00:00,Andre,-32.397887,24.192674,116.5,720,10
2026-03-29T08:33:25+00:00,Andre,-32.398658,24.190778,119.3,719.8,10
2026-03-29T08:33:32+00:00,Andre,-32.399585,24.188471,125,719.6,10
2026-03-29T08:33:39+00:00,Andre,-32.400521,24.186136,124.9,719.6,10
2026-03-29T08:33:46+00:00,Andre,-32.401456,24.18382,119.9,719.4,10
2026-03-29T08:33:52+00:00,Andre,-32.402166,24.182042,101.3,719.3,10
2026-03-29T08:33:58+00:00,Andre,-32.402794,24.180441,106.3,719.2,10
2026-03-29T08:34:05+00:00,Andre,-32.403679,24.178269,124.4,718.5,10
2026-03-29T08:34:12+00:00,Andre,-32.404572,24.176074,112.2,718.2,10
2026-03-29T08:34:18+00:00,Andre,-32.405296,24.174265,117.6,717.9,10
2026-03-29T08:34:24+00:00,Andre,-32.406086,24.172305,125,716.9,10
2026-03-29T08:34:31+00:00,Andre,-32.407028,24.169961,125.7,715.4,10
2026-03-29T08:34:38+00:00,Andre,-32.407971,24.167614,125.5,714,10
2026-03-29T08:34:44+00:00,Andre,-32.408779,24.165598,125.9,712.8,10
2026-03-29T08:34:51+00:00,Andre,-32.409833,24.163318,125.7,712.3,10
2026-03-29T08:34:57+00:00,Andre,-32.41099,24.161557,125.8,712.6,10
2026-03-29T08:35:04+00:00,Andre,-32.412603,24.159786,125.8,712.9,10
2026-03-29T08:35:11+00:00,Andre,-32.414431,24.158331,125.8,713.6,10
2026-03-29T08:35:20+00:00,Andre,-32.416819,24.156525,125.8,713.7,10
2026-03-29T08:35:26+00:00,Andre,-32.418415,24.155237,132.9,714,10
2026-03-29T08:35:33+00:00,Andre,-32.4203,24.153558,134.8,716.1,10
2026-03-29T08:35:40+00:00,Andre,-32.422098,24.151757,134.7,717.5,10
2026-03-29T08:35:46+00:00,Andre,-32.423566,24.150115,134.7,718.2,10
2026-03-29T08:35:53+00:00,Andre,-32.425196,24.148102,134.5,718.8,10
2026-03-29T08:36:00+00:00,Andre,-32.426718,24.145976,134.5,719.5,9
2026-03-29T08:36:08+00:00,Andre,-32.428331,24.143433,134.3,720.9,10
2026-03-29T08:36:14+00:00,Andre,-32.429478,24.141471,134.4,722,10
2026-03-29T08:36:21+00:00,Andre,-32.430815,24.139181,134.3,723.6,10
2026-03-29T08:36:27+00:00,Andre,-32.431959,24.137218,134.2,726.5,9
2026-03-29T08:36:34+00:00,Andre,-32.433296,24.134927,134.8,729.3,9
2026-03-29T08:36:40+00:00,Andre,-32.434447,24.132962,134.5,729.9,10
2026-03-29T08:36:47+00:00,Andre,-32.435784,24.130671,134.6,730.2,10
2026-03-29T08:36:54+00:00,Andre,-32.437122,24.128379,134.6,730.8,10
2026-03-29T08:37:00+00:00,Andre,-32.438264,24.126413,134.4,731.5,10
2026-03-29T08:37:06+00:00,Andre,-32.439413,24.12445,134.4,732.1,10
2026-03-29T08:37:13+00:00,Andre,-32.440746,24.122156,134.5,732.8,9
2026-03-29T08:37:20+00:00,Andre,-32.442084,24.119866,134.7,733,10
2026-03-29T08:37:26+00:00,Andre,-32.443233,24.117905,133.7,733.3,10
2026-03-29T08:37:33+00:00,Andre,-32.444496,24.115725,124.4,734.8,10
2026-03-29T08:37:39+00:00,Andre,-32.445528,24.113962,118.1,736.2,9
2026-03-29T08:37:47+00:00,Andre,-32.446858,24.111618,127.1,737.7,10
2026-03-29T08:37:53+00:00,Andre,-32.447962,24.109731,127.7,739,10
2026-03-29T08:38:00+00:00,Andre,-32.449221,24.107628,123.3,739.8,10
2026-03-29T08:38:06+00:00,Andre,-32.450313,24.105759,130.2,740.9,10
2026-03-29T08:38:13+00:00,Andre,-32.451629,24.103514,133.8,741.3,10
2026-03-29T08:38:19+00:00,Andre,-32.452768,24.101552,134.4,741.2,10
2026-03-29T08:38:26+00:00,Andre,-32.454106,24.099264,134.5,741.1,10
2026-03-29T08:38:32+00:00,Andre,-32.455254,24.097303,134.3,741.1,10
2026-03-29T08:38:39+00:00,Andre,-32.456586,24.09501,134.4,741.1,10
2026-03-29T08:38:46+00:00,Andre,-32.457923,24.092718,134.6,741.1,10
2026-03-29T08:38:52+00:00,Andre,-32.459072,24.090755,134.4,741.2,10
2026-03-29T08:38:58+00:00,Andre,-32.460219,24.088792,134.4,741.5,9
2026-03-29T08:39:05+00:00,Andre,-32.461553,24.086499,134.6,741.8,10
2026-03-29T08:39:11+00:00,Andre,-32.462696,24.084532,134.5,742,10
2026-03-29T08:39:18+00:00,Andre,-32.464037,24.082241,134.4,742,10
2026-03-29T08:39:24+00:00,Andre,-32.465184,24.080278,134.4,741.8,10
2026-03-29T08:39:30+00:00,Andre,-32.466278,24.078329,130.8,742.2,10
2026-03-29T08:39:37+00:00,Andre,-32.46709,24.075815,130.6,743.6,10
2026-03-29T08:39:43+00:00,Andre,-32.46738,24.073524,130.7,745.2,10
2026-03-29T08:39:49+00:00,Andre,-32.467649,24.07123,130.7,746.8,10
2026-03-29T08:39:55+00:00,Andre,-32.467901,24.069055,113.7,748.2,10
2026-03-29T08:40:02+00:00,Andre,-32.46818,24.066569,128,749.5,9
2026-03-29T08:40:08+00:00,Andre,-32.468473,24.064349,126.4,751.2,10
2026-03-29T08:40:14+00:00,Andre,-32.468745,24.062069,132.7,752.5,10
2026-03-29T08:40:21+00:00,Andre,-32.469066,24.059331,134.3,754.2,9
2026-03-29T08:40:28+00:00,Andre,-32.469398,24.056588,131.7,755.7,9
2026-03-29T08:40:34+00:00,Andre,-32.469928,24.054543,114,756.7,10
2026-03-29T08:40:41+00:00,Andre,-32.471057,24.052799,103.7,756.7,10
2026-03-29T08:40:47+00:00,Andre,-32.472364,24.051744,108,756.7,10
2026-03-29T08:40:53+00:00,Andre,-32.473919,24.051193,108.7,756.8,10
2026-03-29T08:41:00+00:00,Andre,-32.475807,24.050984,104.8,757.5,10
2026-03-29T08:41:06+00:00,Andre,-32.477343,24.050815,100.4,759.9,10
2026-03-29T08:41:12+00:00,Andre,-32.478829,24.050647,98.7,757.5,10
2026-03-29T08:41:18+00:00,Andre,-32.480271,24.05049,92.8,755.5,10
2026-03-29T08:41:25+00:00,Andre,-32.481816,24.050032,87.9,756.6,10
2026-03-29T08:41:31+00:00,Andre,-32.48292,24.049304,80.9,758.8,10
2026-03-29T08:41:37+00:00,Andre,-32.483861,24.048268,92.7,760.2,9
2026-03-29T08:41:43+00:00,Andre,-32.484892,24.046939,109.3,761,9
2026-03-29T08:41:51+00:00,Andre,-32.486508,24.044874,123.2,761.7,9
2026-03-29T08:41:57+00:00,Andre,-32.487746,24.043305,117.7,762,10
2026-03-29T08:42:03+00:00,Andre,-32.488945,24.041804,117.6,761.9,9
2026-03-29T08:42:10+00:00,Andre,-32.490399,24.040001,122.7,762,10
2026-03-29T08:42:16+00:00,Andre,-32.491663,24.038398,122.9,762.8,9
2026-03-29T08:42:22+00:00,Andre,-32.492894,24.036835,118.9,764.1,10
2026-03-29T08:42:29+00:00,Andre,-32.494315,24.035042,117.3,766.2,10
2026-03-29T08:42:35+00:00,Andre,-32.495511,24.033519,117.3,767.6,10
2026-03-29T08:42:42+00:00,Andre,-32.496932,24.031715,120.4,769.1,10
2026-03-29T08:42:48+00:00,Andre,-32.498179,24.030129,123.8,770.3,10
2026-03-29T08:42:54+00:00,Andre,-32.49949,24.028473,127.8,771.2,10
2026-03-29T08:43:01+00:00,Andre,-32.501009,24.026502,133.3,771.8,9
2026-03-29T08:43:07+00:00,Andre,-32.50243,24.02475,136.7,772.8,10
2026-03-29T08:43:14+00:00,Andre,-32.504028,24.02272,131.8,775.3,9
2026-03-29T08:43:20+00:00,Andre,-32.50535,24.021044,127,774.6,9
2026-03-29T08:43:27+00:00,Andre,-32.50683,24.019168,120.9,775.6,9
2026-03-29T08:43:33+00:00,Andre,-32.508052,24.017628,119,775.5,9
2026-03-29T08:43:39+00:00,Andre,-32.509297,24.01605,122.7,775.2,10
2026-03-29T08:43:46+00:00,Andre,-32.510771,24.014193,122.9,775.3,9
2026-03-29T08:43:52+00:00,Andre,-32.512029,24.012597,122.9,777.2,10
2026-03-29T08:43:58+00:00,Andre,-32.513287,24.010998,123.2,778.9,10
2026-03-29T08:44:05+00:00,Andre,-32.514768,24.009122,124.6,780,9
2026-03-29T08:44:12+00:00,Andre,-32.516258,24.007233,124.8,781,9
2026-03-29T08:44:18+00:00,Andre,-32.51754,24.005616,124.8,781.8,9
2026-03-29T08:44:24+00:00,Andre,-32.518818,24.003997,124.8,782.9,9
2026-03-29T08:44:31+00:00,Andre,-32.520306,24.002108,124.6,785.2,9
2026-03-29T08:44:37+00:00,Andre,-32.521586,24.000493,124.8,787.4,9
2026-03-29T08:44:44+00:00,Andre,-32.52308,23.998599,125.3,787.1,9
2026-03-29T08:44:51+00:00,Andre,-32.524575,23.996709,124.8,786.5,10
2026-03-29T08:44:57+00:00,Andre,-32.525853,23.995092,124.5,787.8,10
2026-03-29T08:45:04+00:00,Andre,-32.527343,23.993201,125.1,789.2,10
2026-03-29T08:45:11+00:00,Andre,-32.528838,23.991305,124.9,787.7,10
2026-03-29T08:45:17+00:00,Andre,-32.530116,23.989685,124.7,787.5,10
2026-03-29T08:45:23+00:00,Andre,-32.531394,23.98807,124.6,788.8,9
2026-03-29T08:45:30+00:00,Andre,-32.532882,23.986177,125.1,790.1,10
2026-03-29T08:45:36+00:00,Andre,-32.534163,23.984558,124.7,791.4,10
2026-03-29T08:45:43+00:00,Andre,-32.535655,23.98267,124.7,793.5,11
2026-03-29T08:45:49+00:00,Andre,-32.536932,23.981051,125.1,794.5,11
2026-03-29T08:45:56+00:00,Andre,-32.538427,23.979155,125,793.8,11
2026-03-29T08:46:03+00:00,Andre,-32.53992,23.977263,124.8,792.6,11
2026-03-29T08:46:10+00:00,Andre,-32.541411,23.975376,124.7,792.8,11
2026-03-29T08:46:16+00:00,Andre,-32.542688,23.973757,124.7,794.1,11
2026-03-29T08:46:23+00:00,Andre,-32.544178,23.971867,124.7,795.5,11
2026-03-29T08:46:29+00:00,Andre,-32.545457,23.970246,124.9,796.1,11
2026-03-29T08:46:36+00:00,Andre,-32.546946,23.968351,124.9,796.9,11
2026-03-29T08:46:43+00:00,Andre,-32.548441,23.966463,124.9,797.6,11
2026-03-29T08:46:49+00:00,Andre,-32.549721,23.964848,124.6,799.3,11
2026-03-29T08:46:56+00:00,Andre,-32.551212,23.962954,125,800.3,11
2026-03-29T08:47:02+00:00,Andre,-32.552489,23.961332,124.9,801.3,11
2026-03-29T08:47:09+00:00,Andre,-32.55398,23.95944,124.9,802.5,11
2026-03-29T08:47:15+00:00,Andre,-32.555259,23.957821,124.7,803.7,11
2026-03-29T08:47:22+00:00,Andre,-32.556749,23.955928,124.8,804.9,11
2026-03-29T08:47:28+00:00,Andre,-32.558028,23.954308,124.8,806.5,11
2026-03-29T08:47:35+00:00,Andre,-32.559519,23.952415,125.1,808.3,11
2026-03-29T08:47:41+00:00,Andre,-32.560796,23.95079,125,808.9,11
2026-03-29T08:47:48+00:00,Andre,-32.562287,23.948902,124.8,810.3,11
2026-03-29T08:47:54+00:00,Andre,-32.563565,23.947283,124.8,811.6,11
2026-03-29T08:48:00+00:00,Andre,-32.564841,23.94566,124.8,813,11
2026-03-29T08:48:10+00:00,Andre,-32.566972,23.942958,125,814.7,11
2026-03-29T08:48:23+00:00,Andre,-32.569743,23.939443,124.7,815.8,11
2026-03-29T08:48:37+00:00,Andre,-32.572791,23.935738,125.1,819.9,11
2026-03-29T08:53:29+00:00,Andre,-32.642378,23.865898,124.8,873,10
2026-03-29T08:53:36+00:00,Andre,-32.644047,23.864223,124.8,873,10
2026-03-29T08:53:44+00:00,Andre,-32.645952,23.862309,124.8,874.1,9
2026-03-29T08:53:51+00:00,Andre,-32.647622,23.860636,124.9,874.9,9
2026-03-29T08:53:57+00:00,Andre,-32.649054,23.859201,125,874.7,9
2026-03-29T08:54:04+00:00,Andre,-32.650726,23.857522,124.8,872.8,10
2026-03-29T08:54:10+00:00,Andre,-32.652153,23.856085,124.8,872.8,9
2026-03-29T08:54:17+00:00,Andre,-32.653822,23.854409,124.8,872.8,10
2026-03-29T08:54:23+00:00,Andre,-32.65525,23.852974,124.7,873.9,10
2026-03-29T08:54:30+00:00,Andre,-32.656918,23.8513,124.9,875.7,9
2026-03-29T08:54:37+00:00,Andre,-32.658586,23.849629,124.9,878.3,9
2026-03-29T08:54:43+00:00,Andre,-32.660018,23.848183,125.6,877.4,9
2026-03-29T08:54:50+00:00,Andre,-32.661691,23.846508,124.6,875.3,9
2026-03-29T08:54:57+00:00,Andre,-32.663358,23.844838,124.8,875.5,9
2026-03-29T08:55:03+00:00,Andre,-32.664787,23.843401,124.8,875.7,9
2026-03-29T08:55:03+00:00,Andre,-32.664787,23.843401,124.8,875.7,9
2026-03-29T08:55:15+00:00,Andre,-32.667642,23.840535,124.6,880.7,10
2026-03-29T08:55:23+00:00,Andre,-32.669549,23.838621,125.2,883.3,10
2026-03-29T08:55:30+00:00,Andre,-32.671221,23.836938,125.3,882,9
2026-03-29T08:55:38+00:00,Andre,-32.673133,23.83502,125,879.6,9
2026-03-29T08:55:47+00:00,Andre,-32.675277,23.832864,124.8,878.4,9
2026-03-29T08:55:55+00:00,Andre,-32.677176,23.830953,122.2,877.2,9
2026-03-29T08:56:02+00:00,Andre,-32.678844,23.829237,127.8,873.6,9
2026-03-29T08:56:08+00:00,Andre,-32.680321,23.827793,125.1,872.4,8
2026-03-29T08:56:16+00:00,Andre,-32.682213,23.825894,124.4,870.2,8
2026-03-29T08:56:22+00:00,Andre,-32.683637,23.824459,124.1,867.2,8
2026-03-29T08:56:31+00:00,Andre,-32.685779,23.822308,124.8,866.9,8
2026-03-29T08:56:39+00:00,Andre,-32.687691,23.820387,125.3,863.1,8
2026-03-29T08:56:45+00:00,Andre,-32.689121,23.818949,124.5,861.7,8
2026-03-29T08:56:52+00:00,Andre,-32.690784,23.817274,124.7,861.7,8
2026-03-29T08:56:58+00:00,Andre,-32.692211,23.815836,124.8,861.6,8
2026-03-29T08:57:05+00:00,Andre,-32.693879,23.814165,124.8,863,8
2026-03-29T08:57:11+00:00,Andre,-32.695308,23.812725,125,863.2,8
2026-03-29T08:57:17+00:00,Andre,-32.696737,23.811287,125,863.2,9
2026-03-29T08:57:23+00:00,Andre,-32.698166,23.809843,125.2,862.7,8
2026-03-29T08:57:30+00:00,Andre,-32.699836,23.808165,124.8,862.2,8
2026-03-29T08:57:36+00:00,Andre,-32.701267,23.806733,124.7,862.2,8
2026-03-29T08:57:42+00:00,Andre,-32.70269,23.805293,124.7,863.3,8
2026-03-29T08:57:49+00:00,Andre,-32.704361,23.803619,124.9,863.5,9
2026-03-29T08:57:55+00:00,Andre,-32.70579,23.802179,125,864.6,8
2026-03-29T08:58:02+00:00,Andre,-32.707456,23.8005,125.1,865.6,8
2026-03-29T08:58:08+00:00,Andre,-32.708886,23.79906,124.9,865.4,8
2026-03-29T08:58:24+00:00,Andre,-32.712694,23.79523,124.9,869.7,8
2026-03-29T08:58:40+00:00,Andre,-32.716509,23.791396,124.8,872.6,8
2026-03-29T08:58:56+00:00,Andre,-32.720323,23.787561,125,877.9,8
2026-03-29T08:59:13+00:00,Andre,-32.724378,23.783475,125.3,877.2,8
2026-03-29T08:59:29+00:00,Andre,-32.728185,23.779644,125.1,877.4,8
2026-03-29T08:59:45+00:00,Andre,-32.731975,23.775827,124,876.6,8
2026-03-29T09:00:02+00:00,Andre,-32.735875,23.771902,109.6,876.1,8
2026-03-29T09:00:18+00:00,Andre,-32.739344,23.768409,116.8,874.9,8
2026-03-29T09:00:35+00:00,Andre,-32.743259,23.764457,117.3,873.1,8
2026-03-29T09:00:51+00:00,Andre,-32.746899,23.760798,127.6,872.6,9
2026-03-29T09:01:07+00:00,Andre,-32.750755,23.756922,125.9,872.8,8
2026-03-29T09:01:24+00:00,Andre,-32.754811,23.752825,124.9,873.9,9
2026-03-29T09:01:40+00:00,Andre,-32.758625,23.748981,125.3,875.4,9
2026-03-29T09:01:56+00:00,Andre,-32.762375,23.745204,118.3,876.1,8
2026-03-29T09:02:12+00:00,Andre,-32.76591,23.741642,114.9,880,8
2026-03-29T09:02:33+00:00,Andre,-32.771212,23.736297,137.9,867.7,9
2026-03-29T09:02:50+00:00,Andre,-32.775578,23.731917,132.8,875.5,9
2026-03-29T09:03:08+00:00,Andre,-32.78033,23.727648,131.6,859.9,9
2026-03-29T09:03:28+00:00,Andre,-32.785551,23.722973,130.7,842.7,8
2026-03-29T09:03:45+00:00,Andre,-32.789982,23.719001,130.6,840.2,9
2026-03-29T09:04:01+00:00,Andre,-32.794187,23.715234,133.6,839.4,9
2026-03-29T09:04:18+00:00,Andre,-32.798744,23.711155,134.8,838.6,9
2026-03-29T09:04:34+00:00,Andre,-32.803037,23.707305,134.9,842.8,8
2026-03-29T09:04:51+00:00,Andre,-32.807609,23.703208,134.4,840.1,8
2026-03-29T09:05:30+00:00,Andre,-32.818097,23.693807,134.5,841.5,7
2026-03-29T09:06:45+00:00,Andre,-32.838243,23.675731,134.5,820,9
2026-03-29T09:07:01+00:00,Andre,-32.842547,23.671872,134.6,814.8,9
2026-03-29T09:07:18+00:00,Andre,-32.847108,23.667773,134.3,811.6,8
2026-03-29T09:07:35+00:00,Andre,-32.851683,23.663674,134.7,806.6,8
2026-03-29T09:07:51+00:00,Andre,-32.855979,23.659812,134.4,800.7,9
2026-03-29T09:08:08+00:00,Andre,-32.860548,23.655714,134.6,796.1,8
2026-03-29T09:08:27+00:00,Andre,-32.865654,23.651138,134.6,791.5,8
2026-03-29T09:08:45+00:00,Andre,-32.870494,23.646798,134.6,788.1,8
2026-03-29T09:09:02+00:00,Andre,-32.87507,23.642708,135,786.5,8
2026-03-29T09:09:19+00:00,Andre,-32.879821,23.639391,125.9,785.4,8
2026-03-29T09:09:35+00:00,Andre,-32.884255,23.63638,131,785.1,8
2026-03-29T09:09:52+00:00,Andre,-32.889143,23.633062,132.8,785.2,8
2026-03-29T09:10:11+00:00,Andre,-32.89446,23.629442,122.4,787.5,8
2026-03-29T09:10:28+00:00,Andre,-32.899046,23.626334,123.3,791,8
2026-03-29T09:10:44+00:00,Andre,-32.90323,23.623485,121.5,794,8
2026-03-29T09:11:00+00:00,Andre,-32.907518,23.62057,124.8,796.7,8
2026-03-29T09:11:17+00:00,Andre,-32.912,23.617533,118.7,798.5,8
2026-03-29T09:11:35+00:00,Andre,-32.916624,23.614381,121,796.3,8
2026-03-29T09:11:51+00:00,Andre,-32.920829,23.611521,124.3,792.9,8
2026-03-29T09:12:08+00:00,Andre,-32.925275,23.608478,120.3,787.7,8
2026-03-29T09:12:26+00:00,Andre,-32.930124,23.605172,125.1,782,8
2026-03-29T09:12:43+00:00,Andre,-32.934739,23.602025,125,775.8,8
2026-03-29T09:12:59+00:00,Andre,-32.939008,23.599105,116,760.8,8
2026-03-29T09:13:15+00:00,Andre,-32.942947,23.596409,117.1,754.1,8
2026-03-29T09:13:32+00:00,Andre,-32.947701,23.593128,131.6,747.8,8
2026-03-29T09:13:48+00:00,Andre,-32.95205,23.590184,124.2,747.9,8
2026-03-29T09:14:08+00:00,Andre,-32.957466,23.586484,125,749.8,7
2026-03-29T09:14:26+00:00,Andre,-32.962347,23.583149,124.9,747.9,8
2026-03-29T09:14:47+00:00,Andre,-32.968039,23.579252,124.9,745.4,7
2026-03-29T09:15:06+00:00,Andre,-32.973188,23.575727,125.1,744.3,7
2026-03-29T09:15:23+00:00,Andre,-32.9778,23.572575,125.2,742.9,7
2026-03-29T09:15:40+00:00,Andre,-32.982628,23.569274,134.2,741.5,8
2026-03-29T09:15:59+00:00,Andre,-32.987896,23.565658,126.6,740.2,8
2026-03-29T09:16:15+00:00,Andre,-32.99218,23.562731,123.2,738.2,8
2026-03-29T09:16:34+00:00,Andre,-32.997533,23.55907,133.3,736.4,8
2026-03-29T09:16:51+00:00,Andre,-33.002471,23.555691,134.5,740.2,8
2026-03-29T09:17:11+00:00,Andre,-33.008315,23.551684,135,740.3,7
2026-03-29T09:17:27+00:00,Andre,-33.012976,23.548492,134.1,737.7,8
2026-03-29T09:17:45+00:00,Andre,-33.018228,23.54489,134.8,744.4,8
2026-03-29T09:18:02+00:00,Andre,-33.023199,23.541488,134.8,742.1,8
2026-03-29T09:18:19+00:00,Andre,-33.02817,23.538097,134.4,734.4,8
2026-03-29T09:18:37+00:00,Andre,-33.033416,23.534514,134.8,740.2,8
2026-03-29T09:18:53+00:00,Andre,-33.03809,23.531312,134.2,741.4,8
2026-03-29T09:19:10+00:00,Andre,-33.042944,23.527786,131,744.1,8
2026-03-29T09:19:26+00:00,Andre,-33.047179,23.52414,129.2,729.3,8
2026-03-29T09:19:43+00:00,Andre,-33.051327,23.51983,129.5,729.7,8
2026-03-29T09:19:59+00:00,Andre,-33.054934,23.515473,125.5,731.9,8
2026-03-29T09:20:16+00:00,Andre,-33.058355,23.510628,125.4,726.5,8
2026-03-29T09:20:32+00:00,Andre,-33.061289,23.505813,124.8,717.3,8
2026-03-29T09:20:49+00:00,Andre,-33.064358,23.500674,124.2,718,8
2026-03-29T09:21:05+00:00,Andre,-33.067239,23.495829,124,725.3,7
2026-03-29T09:21:22+00:00,Andre,-33.070465,23.492365,91.9,722,6
2026-03-29T09:21:38+00:00,Andre,-33.074071,23.492681,87.8,715.5,5
2026-03-29T09:21:55+00:00,Andre,-33.07788,23.49354,99,701.1,6
2026-03-29T09:22:11+00:00,Andre,-33.080444,23.490664,96.7,694.7,8
2026-03-29T09:22:28+00:00,Andre,-33.081975,23.485225,123.8,696.3,8
2026-03-29T09:22:45+00:00,Andre,-33.082443,23.478961,124.8,700.2,8
2026-03-29T09:23:01+00:00,Andre,-33.082712,23.473018,125.1,700.8,9
2026-03-29T09:23:18+00:00,Andre,-33.084546,23.467676,109.1,698.6,8
2026-03-29T09:23:34+00:00,Andre,-33.088005,23.464475,109.9,701.3,9
2026-03-29T09:23:50+00:00,Andre,-33.091518,23.461608,101.1,703.7,9
2026-03-29T09:24:07+00:00,Andre,-33.095725,23.458159,133.5,705.6,9
2026-03-29T09:24:24+00:00,Andre,-33.100402,23.454341,127.7,712.8,9
2026-03-29T09:24:40+00:00,Andre,-33.104572,23.450932,126.1,718.8,9
2026-03-29T09:24:57+00:00,Andre,-33.108948,23.44736,118.2,729.5,9
2026-03-29T09:25:13+00:00,Andre,-33.112735,23.444257,113.7,733.6,9
2026-03-29T09:25:30+00:00,Andre,-33.116611,23.441091,109.6,740.5,9
2026-03-29T09:25:46+00:00,Andre,-33.119996,23.438323,104.1,750.5,9
2026-03-29T09:26:03+00:00,Andre,-33.123681,23.43531,101.5,759.7,9
2026-03-29T09:26:20+00:00,Andre,-33.127226,23.432896,97.8,764.8,9
2026-03-29T09:26:39+00:00,Andre,-33.131865,23.431455,101.4,756.9,9
2026-03-29T09:26:55+00:00,Andre,-33.136049,23.431223,103.8,752.5,9
2026-03-29T09:30:14+00:00,Andre,-33.187524,23.430984,113.4,836.4,8
2026-03-29T09:30:14+00:00,Andre,-33.187524,23.430984,113.4,836.4,8
2026-03-29T09:31:10+00:00,Andre,-33.199512,23.428722,83.2,895.4,9
2026-03-29T09:31:26+00:00,Andre,-33.201808,23.432023,102.2,893.1,9
2026-03-29T09:31:43+00:00,Andre,-33.202408,23.437557,124,876.7,8
2026-03-29T09:31:59+00:00,Andre,-33.203785,23.443223,118.2,862,8
2026-03-29T09:32:15+00:00,Andre,-33.207659,23.44597,107.2,849.5,9
2026-03-29T09:32:31+00:00,Andre,-33.209894,23.450498,121.3,833.7,7
2026-03-29T09:32:48+00:00,Andre,-33.211498,23.456481,124.8,825.6,7
2026-03-29T09:33:45+00:00,Andre,-33.220883,23.471008,134.6,857.1,9
2026-03-29T09:34:41+00:00,Andre,-33.224559,23.481234,70.4,810.1,9
2026-03-29T09:34:58+00:00,Andre,-33.228717,23.481795,121.3,809.3,9
2026-03-29T09:35:15+00:00,Andre,-33.23377,23.482228,121.3,823.3,9
2026-03-29T09:35:31+00:00,Andre,-33.238724,23.482632,124.3,804.2,9
2026-03-29T09:35:40+00:00,Andre,-33.241522,23.482859,124.8,802.8,9
2026-03-29T09:35:47+00:00,Andre,-33.243714,23.483033,125.6,797.5,9
2026-03-29T09:35:53+00:00,Andre,-33.245593,23.483188,124.8,790.4,9
2026-03-29T09:35:59+00:00,Andre,-33.247456,23.483342,124.5,788,9
2026-03-29T09:36:06+00:00,Andre,-33.249647,23.483521,125.8,780.2,9
2026-03-29T09:36:12+00:00,Andre,-33.251518,23.483674,124.3,776.2,9
2026-03-29T09:36:19+00:00,Andre,-33.253693,23.483854,124.5,776.3,9
2026-03-29T09:36:25+00:00,Andre,-33.255562,23.484007,124.7,777.7,9
2026-03-29T09:36:32+00:00,Andre,-33.257737,23.484185,124.4,782.6,9
2026-03-29T09:36:38+00:00,Andre,-33.259604,23.484332,124.6,788.1,9
2026-03-29T09:36:45+00:00,Andre,-33.261789,23.484511,125.3,791.6,9
2026-03-29T09:36:51+00:00,Andre,-33.263666,23.484666,125.2,793.4,9
2026-03-29T09:36:58+00:00,Andre,-33.265851,23.484839,124.7,795.7,9
2026-03-29T09:37:04+00:00,Andre,-33.267718,23.484993,124.5,799.3,9
2026-03-29T09:37:11+00:00,Andre,-33.269898,23.48517,124.8,803.5,9
2026-03-29T09:37:17+00:00,Andre,-33.271768,23.485324,124.8,807.9,9
2026-03-29T09:37:24+00:00,Andre,-33.27395,23.485503,124.8,813,9
2026-03-29T09:37:30+00:00,Andre,-33.275826,23.485661,125.5,815.2,9
2026-03-29T09:37:37+00:00,Andre,-33.278019,23.485834,125.1,813.8,9
2026-03-29T09:37:43+00:00,Andre,-33.27989,23.485984,124.5,814.5,9
2026-03-29T09:37:49+00:00,Andre,-33.281752,23.486137,124.5,819.4,9
2026-03-29T09:37:56+00:00,Andre,-33.283932,23.486315,124.6,825.6,9
2026-03-29T09:38:03+00:00,Andre,-33.286114,23.486504,125.2,830.5,9
2026-03-29T09:38:09+00:00,Andre,-33.28799,23.486611,124.2,833.9,9
2026-03-29T09:38:16+00:00,Andre,-33.289985,23.486046,112.4,840.4,9
2026-03-29T09:38:22+00:00,Andre,-33.291444,23.484902,118.3,838.9,9
2026-03-29T09:38:28+00:00,Andre,-33.292609,23.483293,119.9,835.4,9
2026-03-29T09:38:35+00:00,Andre,-33.293928,23.48132,120.3,835,9
2026-03-29T09:38:42+00:00,Andre,-33.295391,23.479464,124.8,834,9
2026-03-29T09:38:48+00:00,Andre,-33.296833,23.478051,123.5,831.2,9
2026-03-29T09:38:55+00:00,Andre,-33.298547,23.476483,123.1,834,9
2026-03-29T09:39:01+00:00,Andre,-33.300012,23.475122,124,838.8,9
2026-03-29T09:39:07+00:00,Andre,-33.301484,23.47376,124.1,841.4,9
2026-03-29T09:39:14+00:00,Andre,-33.303201,23.472175,123.7,844.9,9
2026-03-29T09:39:20+00:00,Andre,-33.304667,23.470814,123.9,848.6,9
2026-03-29T09:39:27+00:00,Andre,-33.306482,23.469419,122.9,855.8,9
2026-03-29T09:39:33+00:00,Andre,-33.308169,23.468505,124.3,863.4,9
2026-03-29T09:39:40+00:00,Andre,-33.31017,23.467445,126.5,864.8,9
2026-03-29T09:39:46+00:00,Andre,-33.311957,23.46651,132.7,874.4,9
2026-03-29T09:39:53+00:00,Andre,-33.314092,23.465395,132.7,886.9,9
2026-03-29T09:40:00+00:00,Andre,-33.316197,23.464228,133.4,902,9
2026-03-29T09:40:08+00:00,Andre,-33.318389,23.462434,133.3,907.2,9
2026-03-29T09:40:14+00:00,Andre,-33.320024,23.460923,141.8,908.6,9
2026-03-29T09:40:21+00:00,Andre,-33.322037,23.459146,138.2,910.8,9
2026-03-29T09:40:28+00:00,Andre,-33.323787,23.457575,107.7,913.3,9
2026-03-29T09:40:35+00:00,Andre,-33.324949,23.456516,75.6,916,9
2026-03-29T09:40:45+00:00,Andre,-33.326416,23.455163,87.6,918.6,9
2026-03-29T09:40:54+00:00,Andre,-33.328314,23.453484,117.5,921.6,9
2026-03-29T09:41:01+00:00,Andre,-33.330046,23.451936,127.2,924.7,9
2026-03-29T09:41:07+00:00,Andre,-33.331605,23.450523,133.3,927.3,9
2026-03-29T09:41:14+00:00,Andre,-33.333478,23.448832,134.5,930.6,9
2026-03-29T09:41:20+00:00,Andre,-33.335087,23.447377,134.6,933.4,9
2026-03-29T09:41:27+00:00,Andre,-33.33692,23.44573,123.8,937.2,9
2026-03-29T09:41:34+00:00,Andre,-33.338619,23.444195,126.6,940.5,9
2026-03-29T09:41:40+00:00,Andre,-33.340164,23.442803,128.3,944.1,9
2026-03-29T09:41:47+00:00,Andre,-33.342006,23.441135,133.6,948.7,9
2026-03-29T09:41:53+00:00,Andre,-33.343609,23.439688,134.3,954.9,9
2026-03-29T09:42:00+00:00,Andre,-33.345461,23.43813,121.3,960.1,9
2026-03-29T09:42:06+00:00,Andre,-33.347058,23.437214,117.6,964.1,9
2026-03-29T09:42:12+00:00,Andre,-33.348785,23.4366,122.1,967.1,9
2026-03-29T09:42:19+00:00,Andre,-33.35091,23.436307,119.1,972.5,9
2026-03-29T09:42:25+00:00,Andre,-33.352737,23.436371,124.9,976.4,9
2026-03-29T09:42:31+00:00,Andre,-33.354675,23.436467,130.2,980.9,9
2026-03-29T09:42:38+00:00,Andre,-33.35694,23.436575,129.2,990.9,9
2026-03-29T09:42:44+00:00,Andre,-33.358889,23.436671,129.8,996.5,9
2026-03-29T09:42:50+00:00,Andre,-33.360733,23.437111,119.8,1001.1,9
2026-03-29T09:42:56+00:00,Andre,-33.362256,23.438192,118.1,1005.4,9
2026-03-29T09:43:03+00:00,Andre,-33.363938,23.439764,124.8,1010.8,9
2026-03-29T09:43:10+00:00,Andre,-33.365748,23.441282,127.9,1017,9
2026-03-29T09:43:16+00:00,Andre,-33.367625,23.441735,126.3,1020.5,9
2026-03-29T09:43:23+00:00,Andre,-33.36965,23.441008,119.6,1012,9
2026-03-29T09:43:29+00:00,Andre,-33.370934,23.439536,120.2,1001.5,9
2026-03-29T09:43:35+00:00,Andre,-33.371751,23.437534,129.4,998.1,9
2026-03-29T09:43:41+00:00,Andre,-33.372533,23.435402,130.1,995.6,9
2026-03-29T09:43:47+00:00,Andre,-33.373323,23.433273,129.8,993.1,9
2026-03-29T09:43:54+00:00,Andre,-33.374236,23.430775,130.8,985.3,9
2026-03-29T09:44:00+00:00,Andre,-33.375031,23.428635,130.2,973.3,9
2026-03-29T09:44:06+00:00,Andre,-33.375752,23.42648,129.7,965,9
2026-03-29T09:44:13+00:00,Andre,-33.37629,23.423852,129,957.3,9
2026-03-29T09:44:19+00:00,Andre,-33.37671,23.42159,129.8,953.8,9
2026-03-29T09:44:26+00:00,Andre,-33.377207,23.418949,129.8,951.3,9
2026-03-29T09:44:32+00:00,Andre,-33.377628,23.416671,130.6,945,9
2026-03-29T09:44:39+00:00,Andre,-33.378163,23.414023,130,934.4,9
2026-03-29T09:44:45+00:00,Andre,-33.378983,23.411931,128.8,928.2,9
2026-03-29T09:44:51+00:00,Andre,-33.379936,23.40991,130.1,925.4,9
2026-03-29T09:44:57+00:00,Andre,-33.380896,23.407875,130.5,917.8,9
2026-03-29T09:45:04+00:00,Andre,-33.382014,23.405504,130.2,906.8,9
2026-03-29T09:45:10+00:00,Andre,-33.382978,23.40347,130.3,894.2,9
2026-03-29T09:45:17+00:00,Andre,-33.384094,23.401115,128.7,887.1,9
2026-03-29T09:45:23+00:00,Andre,-33.385055,23.399096,129.9,880.5,9
2026-03-29T09:45:30+00:00,Andre,-33.386037,23.396663,129.3,879.3,9
2026-03-29T09:45:36+00:00,Andre,-33.386705,23.394474,130.5,875.6,9
2026-03-29T09:45:42+00:00,Andre,-33.387362,23.392277,130,867.8,9
2026-03-29T09:45:48+00:00,Andre,-33.38799,23.390133,119.1,862.3,9
2026-03-29T09:45:55+00:00,Andre,-33.388237,23.387746,114.2,854.1,9
2026-03-29T09:46:01+00:00,Andre,-33.388192,23.385708,113.5,853.2,9
2026-03-29T09:46:08+00:00,Andre,-33.38816,23.383362,110.5,852.8,9
2026-03-29T09:46:14+00:00,Andre,-33.388287,23.381403,115,851.1,9
2026-03-29T09:46:21+00:00,Andre,-33.388665,23.37891,124.9,841.5,8
2026-03-29T09:46:29+00:00,Andre,-33.389142,23.375983,124.1,837.9,8
2026-03-29T09:46:37+00:00,Andre,-33.390144,23.373269,124.8,838.4,8
2026-03-29T09:46:45+00:00,Andre,-33.391527,23.370775,125.8,836.4,9
2026-03-29T09:46:52+00:00,Andre,-33.392745,23.368591,125.1,829.6,9
2026-03-29T09:46:58+00:00,Andre,-33.393782,23.366723,124.9,822,9
2026-03-29T09:47:05+00:00,Andre,-33.39499,23.364549,124.8,816.8,9
2026-03-29T09:47:14+00:00,Andre,-33.39639,23.361639,125.2,810,9
2026-03-29T09:47:21+00:00,Andre,-33.397231,23.359406,104,807.4,9
2026-03-29T09:47:29+00:00,Andre,-33.398048,23.357236,100.7,807.3,9
2026-03-29T09:47:35+00:00,Andre,-33.398683,23.35548,116.2,800.2,9
2026-03-29T09:47:43+00:00,Andre,-33.39974,23.352742,126.8,786.4,9
2026-03-29T09:47:50+00:00,Andre,-33.40065,23.350324,126.8,782.1,9
2026-03-29T09:47:56+00:00,Andre,-33.401514,23.348374,116.9,781.8,9
2026-03-29T09:48:03+00:00,Andre,-33.403087,23.346883,120.5,780.8,9
2026-03-29T09:48:12+00:00,Andre,-33.405474,23.34528,119.6,777.1,8
2026-03-29T09:48:19+00:00,Andre,-33.407224,23.343925,117.8,769.4,9
2026-03-29T09:48:25+00:00,Andre,-33.408277,23.342198,122.9,766.3,8
2026-03-29T09:48:32+00:00,Andre,-33.40877,23.339603,131.2,763.6,9
2026-03-29T09:48:38+00:00,Andre,-33.409027,23.337291,129.2,764.2,9
2026-03-29T09:48:45+00:00,Andre,-33.409309,23.334649,125.1,765.8,9
2026-03-29T09:48:51+00:00,Andre,-33.409546,23.33244,128.9,762.4,9
2026-03-29T09:48:57+00:00,Andre,-33.409792,23.330113,131.4,758.1,9
2026-03-29T09:49:04+00:00,Andre,-33.41008,23.327385,132,753.2,9
2026-03-29T09:49:10+00:00,Andre,-33.410324,23.325038,131.2,747.2,9
2026-03-29T09:49:16+00:00,Andre,-33.410571,23.322771,122.9,747.1,9
2026-03-29T09:49:23+00:00,Andre,-33.411039,23.320327,120,747.4,9
2026-03-29T09:49:29+00:00,Andre,-33.411868,23.318369,128.2,744.9,9
2026-03-29T09:49:36+00:00,Andre,-33.413108,23.316032,132.5,744,9
2026-03-29T09:49:42+00:00,Andre,-33.414172,23.314023,133.7,748.4,9
2026-03-29T09:49:49+00:00,Andre,-33.415443,23.311642,135.5,742.9,9
2026-03-29T09:49:55+00:00,Andre,-33.416694,23.309745,134.5,735.8,9
2026-03-29T09:50:02+00:00,Andre,-33.418478,23.307931,133.5,734.4,8
2026-03-29T09:50:09+00:00,Andre,-33.420466,23.306636,129.7,738.1,9
2026-03-29T09:50:15+00:00,Andre,-33.422353,23.305915,133.7,742.4,8
2026-03-29T09:50:22+00:00,Andre,-33.424723,23.305584,136,746.6,9
2026-03-29T09:50:29+00:00,Andre,-33.426958,23.305821,118.5,749.3,9
2026-03-29T09:50:35+00:00,Andre,-33.428615,23.306265,111.1,751.8,8
2026-03-29T09:50:41+00:00,Andre,-33.430191,23.30672,103.6,749.1,8
2026-03-29T09:50:48+00:00,Andre,-33.431811,23.307176,89.7,747.2,8
2026-03-29T09:50:54+00:00,Andre,-33.43312,23.307541,93.4,745.6,8
2026-03-29T09:51:01+00:00,Andre,-33.434789,23.308018,99.6,739.9,8
2026-03-29T09:51:08+00:00,Andre,-33.43643,23.308474,94.6,739.4,8
2026-03-29T09:51:14+00:00,Andre,-33.437829,23.308869,96,735.5,9
2026-03-29T09:51:21+00:00,Andre,-33.439507,23.309338,102.1,728.7,9
2026-03-29T09:51:28+00:00,Andre,-33.441288,23.309847,105.2,721.1,9
2026-03-29T09:51:35+00:00,Andre,-33.443066,23.310353,103.1,715,9
2026-03-29T09:51:35+00:00,Andre,-33.443066,23.310353,103.1,715,9
2026-03-29T09:51:47+00:00,Andre,-33.446104,23.311212,107.7,706.4,8
2026-03-29T09:51:54+00:00,Andre,-33.44793,23.311721,103.4,706.1,9
2026-03-29T09:52:00+00:00,Andre,-33.449297,23.312102,88.5,706.5,9
2026-03-29T09:52:07+00:00,Andre,-33.450857,23.312356,91.5,701.5,9
2026-03-29T09:52:13+00:00,Andre,-33.452235,23.312352,92.6,696.5,9
2026-03-29T09:52:21+00:00,Andre,-33.454175,23.312159,100.9,695.6,9
2026-03-29T09:52:28+00:00,Andre,-33.455857,23.311988,90,695.8,9
2026-03-29T09:52:35+00:00,Andre,-33.457333,23.311827,84.5,697.1,9
2026-03-29T09:52:46+00:00,Andre,-33.45981,23.311573,94.1,705.7,9
2026-03-29T09:52:54+00:00,Andre,-33.461708,23.311368,92.4,709,9
2026-03-29T09:53:01+00:00,Andre,-33.46319,23.310943,83.2,707.2,8
2026-03-29T09:53:07+00:00,Andre,-33.464301,23.310307,82.2,710.7,9
2026-03-29T09:54:48+00:00,Andre,-33.485391,23.290466,122.7,758.9,9
2026-03-29T09:55:12+00:00,Andre,-33.490092,23.284825,116,746.9,9
2026-03-29T09:55:23+00:00,Andre,-33.491931,23.281889,110.4,746.9,9
2026-03-29T09:55:30+00:00,Andre,-33.492946,23.279926,112.7,752.4,9
2026-03-29T09:55:37+00:00,Andre,-33.49386,23.277783,119.8,754.7,9
2026-03-29T09:55:45+00:00,Andre,-33.49496,23.27516,124.4,757.3,9
2026-03-29T09:55:52+00:00,Andre,-33.495933,23.272818,126.6,761.2,9
2026-03-29T09:55:59+00:00,Andre,-33.496967,23.270352,132.5,765.4,9
2026-03-29T09:56:05+00:00,Andre,-33.497825,23.268288,126.6,768.8,9
2026-03-29T09:56:12+00:00,Andre,-33.498823,23.265917,121.4,772,9
2026-03-29T09:56:18+00:00,Andre,-33.499623,23.264001,120.3,773.8,9
2026-03-29T09:56:25+00:00,Andre,-33.500527,23.26177,116.3,775,9
2026-03-29T09:56:32+00:00,Andre,-33.501131,23.259446,118.4,772.6,9
2026-03-29T09:56:39+00:00,Andre,-33.501406,23.256958,117.1,768.4,9
2026-03-29T09:56:46+00:00,Andre,-33.501612,23.254345,135.5,763.1,9
2026-03-29T09:56:53+00:00,Andre,-33.501843,23.251412,136.8,759.7,9
2026-03-29T09:57:00+00:00,Andre,-33.50209,23.24879,128.2,756.6,9
2026-03-29T09:57:07+00:00,Andre,-33.502313,23.24593,142.2,753.2,9
2026-03-29T09:57:14+00:00,Andre,-33.502567,23.242994,140.2,750.3,9
2026-03-29T09:57:20+00:00,Andre,-33.502766,23.24058,134.1,748.2,9
2026-03-29T09:57:27+00:00,Andre,-33.502988,23.237852,127.3,745.2,9
2026-03-29T09:57:34+00:00,Andre,-33.503203,23.235211,126.8,743.4,9
2026-03-29T09:58:20+00:00,Andre,-33.507255,23.218458,133.3,728.8,9
2026-03-29T09:58:26+00:00,Andre,-33.508231,23.216504,125,731.1,9
2026-03-29T09:58:27+00:00,Andre,-33.508419,23.2162,127,731,9
2026-03-29T10:00:41+00:00,Andre,-33.542214,23.182008,134.6,787.7,10
2026-03-29T10:00:52+00:00,Andre,-33.54549,23.179921,134.8,792,10
2026-03-29T10:00:58+00:00,Andre,-33.547277,23.178784,134.6,794.2,10
2026-03-29T10:01:05+00:00,Andre,-33.549361,23.177468,134.2,797.5,10
2026-03-29T10:01:11+00:00,Andre,-33.55114,23.176335,134.2,802,10
2026-03-29T10:01:18+00:00,Andre,-33.553218,23.175008,134.4,807.5,10
2026-03-29T10:01:25+00:00,Andre,-33.555294,23.173696,133.6,815.1,10
2026-03-29T10:01:35+00:00,Andre,-33.558276,23.171896,133.4,835.2,10
2026-03-29T10:01:41+00:00,Andre,-33.560189,23.171241,132.1,852.5,10
2026-03-29T10:01:48+00:00,Andre,-33.562465,23.170724,133.4,868.6,10
2026-03-29T10:01:57+00:00,Andre,-33.56544,23.17007,134.2,882.5,10
2026-03-29T10:02:20+00:00,Andre,-33.573067,23.168382,133.5,895.9,10
2026-03-29T10:02:36+00:00,Andre,-33.578339,23.167227,133.4,924.2,10
2026-03-29T10:02:54+00:00,Andre,-33.583547,23.164732,118.1,940.4,10
2026-03-29T10:03:11+00:00,Andre,-33.586029,23.158958,133.9,910.5,10
2026-03-29T10:03:29+00:00,Andre,-33.590018,23.153933,122.5,897.3,10
2026-03-29T10:03:48+00:00,Andre,-33.595968,23.150971,134.8,871.4,10
2026-03-29T10:04:05+00:00,Andre,-33.601407,23.14888,134.7,864.8,10
2026-03-29T10:04:23+00:00,Andre,-33.607102,23.146372,134,857.1,10
2026-03-29T10:04:41+00:00,Andre,-33.612739,23.143562,137.4,863.6,10
2026-03-29T10:04:58+00:00,Andre,-33.618169,23.140841,141,853.6,10
2026-03-29T10:05:14+00:00,Andre,-33.622644,23.136933,138.8,828.8,10
2026-03-29T10:05:32+00:00,Andre,-33.626838,23.131405,137.5,819.5,10
2026-03-29T10:05:48+00:00,Andre,-33.630707,23.127593,118.9,835,10
2026-03-29T10:06:06+00:00,Andre,-33.635699,23.129918,112.2,830.1,10
2026-03-29T10:06:23+00:00,Andre,-33.639354,23.130072,82.9,799.8,10
2026-03-29T10:06:40+00:00,Andre,-33.638297,23.134077,103,789.3,10
2026-03-29T10:06:58+00:00,Andre,-33.640172,23.136514,89.4,770.9,10
2026-03-29T10:07:14+00:00,Andre,-33.642817,23.13321,90.5,743.4,10
2026-03-29T10:07:33+00:00,Andre,-33.646895,23.131708,105.3,734.8,10
2026-03-29T10:07:49+00:00,Andre,-33.649796,23.127792,107,722.8,10
2026-03-29T10:08:06+00:00,Andre,-33.652754,23.123389,117.3,715.4,10
2026-03-29T10:08:23+00:00,Andre,-33.656015,23.118537,123.8,730.1,10
2026-03-29T10:08:39+00:00,Andre,-33.659145,23.113859,127.5,751.6,10
2026-03-29T10:08:56+00:00,Andre,-33.662539,23.108788,126.8,736,10
2026-03-29T10:09:12+00:00,Andre,-33.66552,23.103986,125.9,750.1,10
2026-03-29T10:09:29+00:00,Andre,-33.668224,23.098029,133.2,739.3,10
2026-03-29T10:09:45+00:00,Andre,-33.670681,23.092384,134,767.1,10
2026-03-29T10:10:02+00:00,Andre,-33.673732,23.086563,133.8,763.6,10
2026-03-29T10:10:23+00:00,Andre,-33.677735,23.079597,132.1,756.5,10
2026-03-29T10:10:40+00:00,Andre,-33.680952,23.073986,135.2,773.3,10
2026-03-29T10:10:56+00:00,Andre,-33.684005,23.068675,133.9,770.8,10
2026-03-29T10:11:13+00:00,Andre,-33.687225,23.063017,129.9,771.1,10
2026-03-29T10:11:30+00:00,Andre,-33.689369,23.058495,92,741.2,10
2026-03-29T10:11:51+00:00,Andre,-33.691602,23.052212,129.2,710,10
2026-03-29T10:12:10+00:00,Andre,-33.693343,23.045835,90.2,733.5,10
2026-03-29T10:12:30+00:00,Andre,-33.696787,23.043902,79.4,754.9,10
2026-03-29T10:12:50+00:00,Andre,-33.700038,23.044972,83.7,784,9
2026-03-29T10:13:07+00:00,Andre,-33.703298,23.044011,82.6,807.7,9
2026-03-29T10:13:29+00:00,Andre,-33.707921,23.043519,87.2,847.5,9
2026-03-29T10:13:45+00:00,Andre,-33.711354,23.044367,100.6,871.6,10
2026-03-29T10:14:02+00:00,Andre,-33.712987,23.049224,105.5,899.7,10
2026-03-29T10:14:18+00:00,Andre,-33.715693,23.051989,80.7,927,9
2026-03-29T10:14:36+00:00,Andre,-33.718537,23.053874,88.5,952,9
2026-03-29T10:14:52+00:00,Andre,-33.721594,23.053998,81.1,971.4,9
2026-03-29T10:15:14+00:00,Andre,-33.724755,23.054593,78.9,988.8,10
2026-03-29T10:15:56+00:00,Andre,-33.729488,23.045171,101.1,946.4,10
2026-03-29T10:16:14+00:00,Andre,-33.732553,23.04118,107.5,915.2,10
2026-03-29T10:16:33+00:00,Andre,-33.737288,23.039582,103.1,886.6,10
2026-03-29T10:16:50+00:00,Andre,-33.740688,23.036153,122,889.3,9
2026-03-29T10:17:09+00:00,Andre,-33.742441,23.029523,116.6,876.7,8
2026-03-29T10:17:26+00:00,Andre,-33.742241,23.023814,112.5,864.4,8
2026-03-29T10:17:43+00:00,Andre,-33.742798,23.018153,100.3,837.1,8
2026-03-29T10:17:59+00:00,Andre,-33.742664,23.014099,82.3,825.5,8
2026-03-29T10:18:16+00:00,Andre,-33.742525,23.009677,84.3,822.6,8
2026-03-29T10:18:32+00:00,Andre,-33.742668,23.005824,71.9,809.5,10
2026-03-29T10:18:49+00:00,Andre,-33.742075,23.002658,60.7,793.4,10
2026-03-29T10:19:00+00:00,Andre,-33.74267,23.000613,75.2,784.2,10
2026-03-29T10:19:07+00:00,Andre,-33.74317,22.99908,78.3,777.1,10
2026-03-29T10:19:13+00:00,Andre,-33.74344,22.997548,100.4,772.4,10
2026-03-29T10:19:20+00:00,Andre,-33.743814,22.995261,114.4,762.5,9
2026-03-29T10:19:27+00:00,Andre,-33.744244,22.992965,103.7,760.9,10
2026-03-29T10:19:34+00:00,Andre,-33.744704,22.990895,103.4,761.9,9
2026-03-29T10:19:41+00:00,Andre,-33.745362,22.988841,104.3,757.2,10
2026-03-29T10:19:48+00:00,Andre,-33.746018,22.986831,103.4,760.3,9
2026-03-29T10:19:54+00:00,Andre,-33.746555,22.985113,98.2,763.3,8
2026-03-29T10:20:01+00:00,Andre,-33.746684,22.983132,90.3,765.2,9
2026-03-29T10:20:07+00:00,Andre,-33.746961,22.981555,96.5,765.1,10
2026-03-29T10:20:14+00:00,Andre,-33.747824,22.979757,99.2,758.2,8
2026-03-29T10:20:21+00:00,Andre,-33.748208,22.977835,93,754.8,8
2026-03-29T10:20:27+00:00,Andre,-33.748265,22.97603,106.5,751.1,9
2026-03-29T10:20:34+00:00,Andre,-33.74863,22.973773,110.2,745.2,10
2026-03-29T10:20:40+00:00,Andre,-33.748962,22.971812,109.7,740.1,10
2026-03-29T10:20:46+00:00,Andre,-33.749275,22.969925,103.9,734.1,10
2026-03-29T10:20:53+00:00,Andre,-33.749862,22.967899,102.7,726,10
2026-03-29T10:21:00+00:00,Andre,-33.750144,22.965809,99.2,719.8,10
2026-03-29T10:21:06+00:00,Andre,-33.750203,22.964082,99.5,717.8,10
2026-03-29T10:21:13+00:00,Andre,-33.751012,22.962209,100,709.9,10
2026-03-29T10:21:20+00:00,Andre,-33.751384,22.960332,87.4,705.8,9
2026-03-29T10:21:26+00:00,Andre,-33.751497,22.958773,92.3,702.6,10
2026-03-29T10:21:33+00:00,Andre,-33.752185,22.957012,90.9,694.6,10
2026-03-29T10:21:39+00:00,Andre,-33.752333,22.955409,92,689.8,10
2026-03-29T10:21:46+00:00,Andre,-33.752163,22.953475,90.9,686,10
2026-03-29T10:21:53+00:00,Andre,-33.752069,22.951639,86.5,682.3,10
2026-03-29T10:21:59+00:00,Andre,-33.752421,22.950204,83,675.7,10
2026-03-29T10:22:06+00:00,Andre,-33.752925,22.948587,77.3,666.4,10
2026-03-29T10:22:13+00:00,Andre,-33.753235,22.947083,76.9,657.6,10
2026-03-29T10:22:19+00:00,Andre,-33.753509,22.945944,60.5,650.9,10
2026-03-29T10:22:26+00:00,Andre,-33.754305,22.945106,61.5,644.1,9
2026-03-29T10:22:33+00:00,Andre,-33.755373,22.945235,64.1,636.2,10
2026-03-29T10:22:39+00:00,Andre,-33.756092,22.946112,70.7,629.4,10
2026-03-29T10:22:45+00:00,Andre,-33.756858,22.946999,70,622.1,9
2026-03-29T10:22:52+00:00,Andre,-33.757752,22.947742,63.7,614.2,9
2026-03-29T10:22:59+00:00,Andre,-33.758329,22.949054,73.2,607.2,9
2026-03-29T10:23:05+00:00,Andre,-33.758671,22.950315,76.1,598.6,9
2026-03-29T10:23:11+00:00,Andre,-33.759135,22.951585,79,590.7,9
2026-03-29T10:23:18+00:00,Andre,-33.75978,22.953055,78,581.2,9
2026-03-29T10:23:24+00:00,Andre,-33.760135,22.954421,82.5,573.3,9
2026-03-29T10:23:31+00:00,Andre,-33.760137,22.956173,87,563.4,9
2026-03-29T10:24:04+00:00,Andre,-33.761493,22.962545,67.2,522.4,9
2026-03-29T10:25:01+00:00,Andre,-33.769765,22.961932,48.7,569.2,9
2026-03-29T10:25:26+00:00,Andre,-33.772719,22.95972,67.1,576.4,10
2026-03-29T10:25:36+00:00,Andre,-33.773951,22.958183,73.6,570.8,9
2026-03-29T10:25:44+00:00,Andre,-33.774326,22.956182,96.4,565.9,8
2026-03-29T10:26:04+00:00,Andre,-33.772636,22.950027,111.1,601,8
2026-03-29T10:26:05+00:00,Andre,-33.77257,22.949699,112.9,601,8
2026-03-29T10:26:29+00:00,Andre,-33.772483,22.940911,128.8,620.6,10
2026-03-29T10:26:36+00:00,Andre,-33.772536,22.938218,130.8,609.9,10
2026-03-29T10:26:43+00:00,Andre,-33.772589,22.935529,124.3,610,11
2026-03-29T10:26:50+00:00,Andre,-33.772635,22.932803,136.1,614.8,10
2026-03-29T10:26:58+00:00,Andre,-33.772672,22.929349,147.8,615.8,10
2026-03-29T10:27:05+00:00,Andre,-33.77276,22.926261,143.5,625.6,11
2026-03-29T10:27:12+00:00,Andre,-33.772812,22.923289,138.2,636.4,11
2026-03-29T10:27:19+00:00,Andre,-33.772865,22.920435,134.2,649.5,11
2026-03-29T10:27:40+00:00,Andre,-33.774169,22.912128,134.1,655.3,10
2026-03-29T10:27:47+00:00,Andre,-33.774712,22.909385,134.3,659.4,11
2026-03-29T10:27:53+00:00,Andre,-33.774888,22.907052,129.6,665.1,11
2026-03-29T10:28:00+00:00,Andre,-33.774497,22.904344,132.2,670.2,11
2026-03-29T10:28:06+00:00,Andre,-33.773709,22.902254,126.1,670.3,10
2026-03-29T10:28:13+00:00,Andre,-33.772387,22.90009,131.2,665.4,11
2026-03-29T10:28:20+00:00,Andre,-33.770948,22.897885,134,660.9,11
2026-03-29T10:28:28+00:00,Andre,-33.769296,22.895355,133.8,661.8,11
2026-03-29T10:28:48+00:00,Andre,-33.765158,22.888987,131.9,665.9,11
2026-03-29T10:28:53+00:00,Andre,-33.764205,22.887521,117.7,670.9,11
2026-03-29T10:29:02+00:00,Andre,-33.762785,22.884807,119.5,672.9,11
2026-03-29T10:29:09+00:00,Andre,-33.761915,22.882408,130,677.7,11
2026-03-29T10:29:15+00:00,Andre,-33.76136,22.880148,131.9,675,11
2026-03-29T10:29:49+00:00,Andre,-33.760522,22.866602,134.9,682.3,11
2026-03-29T10:29:56+00:00,Andre,-33.760398,22.863911,118.1,683.9,11
2026-03-29T10:30:03+00:00,Andre,-33.760312,22.861874,94,685.7,11
2026-03-29T10:30:10+00:00,Andre,-33.760272,22.860012,85.8,687,11
2026-03-29T10:30:16+00:00,Andre,-33.760351,22.858315,103.7,685.4,11
2026-03-29T10:30:23+00:00,Andre,-33.760682,22.855914,124.2,678.8,11
2026-03-29T10:30:29+00:00,Andre,-33.761006,22.85365,131.6,673.1,11
2026-03-29T10:30:36+00:00,Andre,-33.761396,22.850887,134.1,665.7,11
2026-03-29T10:30:42+00:00,Andre,-33.761732,22.848502,134.7,659.2,11
2026-03-29T10:30:49+00:00,Andre,-33.762121,22.845714,135.3,652.8,10
2026-03-29T10:31:05+00:00,Andre,-33.763052,22.839023,136.3,644.3,11
2026-03-29T10:31:32+00:00,Andre,-33.76448,22.828525,119.4,638.3,11
2026-03-29T10:31:48+00:00,Andre,-33.765168,22.82282,120.5,614.6,11
2026-03-29T10:32:05+00:00,Andre,-33.765902,22.816792,129.6,623.6,11
2026-03-29T10:32:22+00:00,Andre,-33.766717,22.810133,134.2,624.5,11
2026-03-29T10:32:39+00:00,Andre,-33.767551,22.803363,134.6,631.3,11
2026-03-29T10:32:56+00:00,Andre,-33.768374,22.796578,134.9,638.6,11
2026-03-29T10:33:13+00:00,Andre,-33.769358,22.789825,134.3,646.3,11
2026-03-29T10:33:29+00:00,Andre,-33.770311,22.783482,134.8,660.7,11
2026-03-29T10:33:46+00:00,Andre,-33.771207,22.776679,135,654.4,11
2026-03-29T10:34:03+00:00,Andre,-33.772093,22.769909,134.4,644.4,10
2026-03-29T10:34:22+00:00,Andre,-33.772972,22.763151,108.6,647.5,10
2026-03-29T10:34:39+00:00,Andre,-33.773465,22.75774,108.9,642.7,10
2026-03-29T10:34:56+00:00,Andre,-33.773825,22.752301,109.4,634.7,9
2026-03-29T10:35:12+00:00,Andre,-33.773922,22.747186,110.4,632,10
2026-03-29T10:35:29+00:00,Andre,-33.773708,22.742011,99.9,631.6,10
2026-03-29T10:36:27+00:00,Andre,-33.772867,22.721344,133.1,623.6,9
2026-03-29T10:36:47+00:00,Andre,-33.774079,22.714007,122.4,620.4,10
2026-03-29T10:37:52+00:00,Andre,-33.779318,22.68926,133.6,655.8,9
2026-03-29T10:38:09+00:00,Andre,-33.780708,22.682667,133.2,669.4,10
2026-03-29T10:38:25+00:00,Andre,-33.782033,22.676441,134,673.8,10
2026-03-29T10:38:41+00:00,Andre,-33.783347,22.670199,133.6,650.8,9
2026-03-29T10:38:58+00:00,Andre,-33.784743,22.66362,132.6,639.3,9
2026-03-29T10:39:15+00:00,Andre,-33.786142,22.656986,134.1,616.9,9
2026-03-29T10:39:35+00:00,Andre,-33.787775,22.649265,133.3,622.8,10
2026-03-29T10:39:51+00:00,Andre,-33.789089,22.643053,133.7,635.1,9
2026-03-29T10:40:08+00:00,Andre,-33.790489,22.636453,133.3,643.9,9
2026-03-29T10:40:24+00:00,Andre,-33.791803,22.63021,134.1,636.1,8
2026-03-29T10:40:41+00:00,Andre,-33.793203,22.623617,133.7,626.1,9
2026-03-29T10:40:57+00:00,Andre,-33.794511,22.617393,133.3,613.1,8
2026-03-29T10:41:13+00:00,Andre,-33.795805,22.611247,129.4,604.2,9
2026-03-29T10:41:30+00:00,Andre,-33.797165,22.60482,129.4,592.4,9
2026-03-29T10:41:46+00:00,Andre,-33.798419,22.598834,119.2,587.8,9
2026-03-29T10:42:03+00:00,Andre,-33.799339,22.59445,76,591.3,9
2026-03-29T10:42:20+00:00,Andre,-33.800156,22.59061,83,589.6,9
2026-03-29T10:42:36+00:00,Andre,-33.800935,22.586894,80.7,585,9
2026-03-29T10:42:53+00:00,Andre,-33.801839,22.582597,88.1,577.1,9
2026-03-29T10:43:09+00:00,Andre,-33.802633,22.578697,98,576.3,9
2026-03-29T10:43:26+00:00,Andre,-33.803869,22.572969,125.7,570.2,9
2026-03-29T10:43:42+00:00,Andre,-33.805157,22.566822,135.5,557.4,9
2026-03-29T10:43:59+00:00,Andre,-33.806577,22.560065,137.6,552.6,9
2026-03-29T10:44:15+00:00,Andre,-33.807899,22.553782,134.7,552.6,9
2026-03-29T10:44:32+00:00,Andre,-33.809295,22.547128,134.6,553.8,9
2026-03-29T10:44:48+00:00,Andre,-33.810611,22.540866,134.7,557.6,9
2026-03-29T10:45:05+00:00,Andre,-33.812008,22.534202,134.7,560.1,9
2026-03-29T10:45:21+00:00,Andre,-33.813326,22.527937,134.5,560.8,9
2026-03-29T10:45:38+00:00,Andre,-33.814728,22.521288,134.1,564.2,9
2026-03-29T10:45:54+00:00,Andre,-33.816038,22.51503,134.5,574.1,9
2026-03-29T10:46:11+00:00,Andre,-33.817437,22.508381,134.5,585,9
2026-03-29T10:46:27+00:00,Andre,-33.818756,22.502105,134.4,586.7,9
2026-03-29T10:46:44+00:00,Andre,-33.82016,22.495463,135.2,598.4,9
2026-03-29T10:47:00+00:00,Andre,-33.821887,22.489543,114.4,600.2,9
2026-03-29T10:47:16+00:00,Andre,-33.823398,22.484622,115.9,599.4,9
2026-03-29T10:47:34+00:00,Andre,-33.825351,22.478333,130.4,586.6,9
2026-03-29T10:47:50+00:00,Andre,-33.827175,22.472434,133.4,583.6,9
2026-03-29T10:48:07+00:00,Andre,-33.829156,22.466019,134.9,583.7,9
2026-03-29T10:48:23+00:00,Andre,-33.83103,22.459957,134.2,574.9,9
2026-03-29T10:48:40+00:00,Andre,-33.833013,22.453541,135.5,588.6,9
2026-03-29T10:48:56+00:00,Andre,-33.834258,22.447269,135.7,584.6,9
2026-03-29T10:49:12+00:00,Andre,-33.833495,22.440921,134.1,581,9
2026-03-29T10:49:29+00:00,Andre,-33.831963,22.434307,135,589.5,9
2026-03-29T10:49:45+00:00,Andre,-33.830514,22.428077,134.4,588.7,9
2026-03-29T10:50:02+00:00,Andre,-33.828982,22.421472,134.2,594.9,9
2026-03-29T10:50:16+00:00,Andre,-33.827718,22.416022,134.7,601.2,9
2026-03-29T10:50:23+00:00,Andre,-33.827095,22.413307,133.7,607.8,9
2026-03-29T10:50:29+00:00,Andre,-33.826758,22.410934,134.1,615.7,9
2026-03-29T10:50:36+00:00,Andre,-33.826836,22.408123,134.4,623.7,9
2026-03-29T10:50:42+00:00,Andre,-33.827213,22.40575,134,634.5,9
2026-03-29T10:50:48+00:00,Andre,-33.827611,22.403364,135.9,636.8,9
2026-03-29T10:50:55+00:00,Andre,-33.827741,22.400665,124.6,629.9,9
2026-03-29T10:51:01+00:00,Andre,-33.827263,22.398502,123.9,625.2,9
2026-03-29T10:51:08+00:00,Andre,-33.826336,22.396154,120.8,622.6,9
2026-03-29T10:51:44+00:00,Andre,-33.823288,22.384404,116.9,600.5,9
2026-03-29T10:52:09+00:00,Andre,-33.820325,22.376379,120.3,588.2,9
2026-03-29T10:52:10+00:00,Andre,-33.820297,22.376017,121.4,588.2,9
2026-03-29T10:52:39+00:00,Andre,-33.819523,22.364601,134.7,575.5,9
2026-03-29T10:52:46+00:00,Andre,-33.819338,22.361784,136,582,9
2026-03-29T10:52:53+00:00,Andre,-33.819145,22.359037,116.2,579.4,9
2026-03-29T10:52:59+00:00,Andre,-33.819069,22.357191,96.6,573.2,9
2026-03-29T10:53:06+00:00,Andre,-33.819241,22.355607,51.3,564.6,9
2026-03-29T10:53:13+00:00,Andre,-33.819305,22.355195,0.1,562.5,9
2026-03-29T10:53:19+00:00,Andre,-33.819305,22.355193,0,562.7,9
2026-03-29T10:53:26+00:00,Andre,-33.819303,22.355192,0,562.8,9
2026-03-29T10:53:32+00:00,Andre,-33.819303,22.355192,0,563,9
2026-03-29T10:53:38+00:00,Andre,-33.819302,22.35519,0,563.1,9
2026-03-29T10:53:45+00:00,Andre,-33.819301,22.355189,0,563.2,9
2026-03-29T10:53:51+00:00,Andre,-33.8193,22.355187,0.1,563.2,9
2026-03-29T10:53:58+00:00,Andre,-33.819301,22.355187,0,563.2,9
2026-03-29T10:54:04+00:00,Andre,-33.819301,22.355187,0,563.4,9
2026-03-29T10:54:11+00:00,Andre,-33.819305,22.355158,6.4,563.3,9
2026-03-29T10:54:17+00:00,Andre,-33.819351,22.354713,45.4,560.9,8
2026-03-29T10:54:24+00:00,Andre,-33.819442,22.353525,65.4,558,9
2026-03-29T10:54:30+00:00,Andre,-33.819677,22.352302,73.4,561.4,9
2026-03-29T10:54:36+00:00,Andre,-33.820236,22.351173,74,566.3,8
2026-03-29T10:54:43+00:00,Andre,-33.821288,22.350248,76.7,565.9,8
2026-03-29T10:54:49+00:00,Andre,-33.822393,22.349954,74,562.4,9
2026-03-29T10:54:56+00:00,Andre,-33.823739,22.349914,77.9,557.9,9
2026-03-29T10:55:03+00:00,Andre,-33.825056,22.34985,72.9,553.7,9
2026-03-29T10:55:09+00:00,Andre,-33.82612,22.349685,69.7,552.7,8
2026-03-29T10:55:16+00:00,Andre,-33.827247,22.349497,59.2,556.6,8
2026-03-29T10:55:22+00:00,Andre,-33.828039,22.349364,51.8,561.6,8
2026-03-29T10:55:29+00:00,Andre,-33.82886,22.349228,45.4,565.1,8
2026-03-29T10:55:35+00:00,Andre,-33.829538,22.349111,47.3,565.8,8
2026-03-29T10:55:45+00:00,Andre,-33.830847,22.348917,58.3,561.6,8
2026-03-29T10:55:51+00:00,Andre,-33.831702,22.348781,55.9,560,8
2026-03-29T10:55:58+00:00,Andre,-33.832697,22.348613,57.7,562.2,9
2026-03-29T10:56:04+00:00,Andre,-33.833532,22.348486,53.1,564.5,9
2026-03-29T10:56:11+00:00,Andre,-33.834373,22.348421,47.7,566.4,9
2026-03-29T10:56:17+00:00,Andre,-33.835126,22.348422,52.2,567.7,9
2026-03-29T10:56:24+00:00,Andre,-33.836028,22.348511,51,567.6,9
2026-03-29T10:56:31+00:00,Andre,-33.836918,22.348682,53.2,566.3,9
2026-03-29T10:56:37+00:00,Andre,-33.837734,22.348889,58.3,564.9,9
2026-03-29T10:56:44+00:00,Andre,-33.838736,22.349147,55.8,565,9
2026-03-29T10:56:50+00:00,Andre,-33.839568,22.349358,58.2,568.2,9
2026-03-29T10:56:57+00:00,Andre,-33.84054,22.349611,52.8,572,9
2026-03-29T10:57:03+00:00,Andre,-33.841273,22.349802,47,574.9,9
2026-03-29T10:57:10+00:00,Andre,-33.842092,22.350026,50.1,578.3,9
2026-03-29T10:57:16+00:00,Andre,-33.84288,22.350278,58.2,581,9
2026-03-29T10:57:23+00:00,Andre,-33.843874,22.350656,61.9,582.3,9
2026-03-29T10:57:29+00:00,Andre,-33.844755,22.351095,63,584.1,9
2026-03-29T10:57:36+00:00,Andre,-33.845734,22.35172,63.3,586.3,9
2026-03-29T10:57:42+00:00,Andre,-33.846546,22.352373,64.2,588.9,9
2026-03-29T10:57:49+00:00,Andre,-33.847464,22.353257,71.7,591.8,9
2026-03-29T10:57:55+00:00,Andre,-33.848277,22.354087,67.8,594,9
2026-03-29T10:58:02+00:00,Andre,-33.849127,22.354969,64.6,596,9
2026-03-29T10:58:08+00:00,Andre,-33.849912,22.355769,67.9,596.8,9
2026-03-29T10:58:15+00:00,Andre,-33.850761,22.356645,61.4,597.3,9
2026-03-29T10:58:21+00:00,Andre,-33.851484,22.357376,61.7,597.8,9
2026-03-29T10:58:27+00:00,Andre,-33.852253,22.358002,65,597.6,9
2026-03-29T10:58:34+00:00,Andre,-33.853236,22.358691,65.4,596.3,9
2026-03-29T10:58:40+00:00,Andre,-33.854192,22.359206,71.2,593.2,9
2026-03-29T10:58:47+00:00,Andre,-33.855379,22.359669,72.6,590.3,9
2026-03-29T10:58:53+00:00,Andre,-33.856484,22.359937,76.7,588.4,9
2026-03-29T10:59:00+00:00,Andre,-33.857769,22.360085,75.7,588.5,9
2026-03-29T10:59:07+00:00,Andre,-33.859141,22.360052,81.5,588.2,9
2026-03-29T10:59:13+00:00,Andre,-33.860337,22.359941,77.8,587.9,9
2026-03-29T10:59:19+00:00,Andre,-33.861458,22.359844,77.6,593.5,9
2026-03-29T10:59:26+00:00,Andre,-33.862831,22.360079,84.1,603.3,9
2026-03-29T10:59:32+00:00,Andre,-33.863934,22.36062,76.4,610.4,9
2026-03-29T10:59:39+00:00,Andre,-33.865186,22.360848,69.8,619,9
2026-03-29T10:59:45+00:00,Andre,-33.866188,22.36065,70.8,625.3,9
2026-03-29T10:59:51+00:00,Andre,-33.867254,22.360605,76,630.2,9
2026-03-29T10:59:58+00:00,Andre,-33.868552,22.361128,79.8,632.8,9
2026-03-29T11:00:04+00:00,Andre,-33.869476,22.362109,83.5,635.2,9
2026-03-29T11:00:11+00:00,Andre,-33.870137,22.363671,88.5,640.5,8
2026-03-29T11:00:17+00:00,Andre,-33.870677,22.365288,99.5,644.2,9
2026-03-29T11:00:23+00:00,Andre,-33.871244,22.366949,105.7,642.6,9
2026-03-29T11:00:30+00:00,Andre,-33.871832,22.368742,84,638.9,9
2026-03-29T11:00:36+00:00,Andre,-33.872294,22.370124,80.2,634.7,9
2026-03-29T11:00:45+00:00,Andre,-33.872908,22.371972,72.7,637.4,9
2026-03-29T11:00:51+00:00,Andre,-33.873356,22.373317,81.2,645.3,9
2026-03-29T11:00:58+00:00,Andre,-33.873838,22.375028,91.4,655.1,9
2026-03-29T11:01:05+00:00,Andre,-33.874229,22.37686,91.3,660.7,9
2026-03-29T11:01:11+00:00,Andre,-33.874559,22.378431,89.5,663.3,9
2026-03-29T11:01:18+00:00,Andre,-33.874936,22.380214,86.6,662.8,9
2026-03-29T11:01:25+00:00,Andre,-33.875324,22.382061,95.9,665.7,9
2026-03-29T11:01:32+00:00,Andre,-33.875856,22.384013,95,671.6,9
2026-03-29T11:01:38+00:00,Andre,-33.876811,22.38533,101.5,680.2,9
2026-03-29T11:01:45+00:00,Andre,-33.878012,22.387056,112.5,691.8,9
2026-03-29T11:01:51+00:00,Andre,-33.878453,22.389049,116.3,701.8,9
2026-03-29T11:01:58+00:00,Andre,-33.878862,22.391358,104.2,713.2,9
2026-03-29T11:02:04+00:00,Andre,-33.879144,22.393003,87.4,723.8,9
2026-03-29T11:02:10+00:00,Andre,-33.879465,22.39442,76.9,731.8,9
2026-03-29T11:02:16+00:00,Andre,-33.87999,22.395625,77.6,739.8,9
2026-03-29T11:02:23+00:00,Andre,-33.879948,22.397272,81.1,749.2,9
2026-03-29T11:02:30+00:00,Andre,-33.88075,22.398436,80.2,759.4,8
2026-03-29T11:02:37+00:00,Andre,-33.882035,22.397914,81.5,768.1,8
2026-03-29T11:02:43+00:00,Andre,-33.883089,22.39742,72.1,777.4,8
2026-03-29T11:02:50+00:00,Andre,-33.884327,22.397616,65.7,786,9
2026-03-29T11:02:57+00:00,Andre,-33.88523,22.398307,59,793.9,8
2026-03-29T11:03:04+00:00,Andre,-33.885879,22.39929,63.3,799.6,8
2026-03-29T11:03:12+00:00,Andre,-33.886947,22.398757,63.6,799.4,8
2026-03-29T11:05:29+00:00,Andre,-33.899755,22.402124,68.9,670.9,8
2026-03-29T11:10:35+00:00,Andre,-33.93517,22.409715,50.7,269.6,9
2026-03-29T11:11:02+00:00,Andre,-33.938869,22.411358,61,244.6,9
2026-03-29T11:11:22+00:00,Andre,-33.941278,22.410936,20,241.7,9
2026-03-29T11:11:35+00:00,Andre,-33.942469,22.411595,52.8,241.7,9
2026-03-29T11:11:46+00:00,Andre,-33.943543,22.411984,16.9,250,9
2026-03-29T11:11:57+00:00,Andre,-33.943752,22.412068,10.2,250.6,9
2026-03-29T11:12:08+00:00,Andre,-33.944458,22.411818,40,250.8,9
2026-03-29T11:12:17+00:00,Andre,-33.944977,22.411639,20.7,251,9
2026-03-29T11:12:24+00:00,Andre,-33.945497,22.41142,38.6,250.5,9
2026-03-29T11:12:30+00:00,Andre,-33.946059,22.411063,43.9,247.8,9
2026-03-29T11:12:38+00:00,Andre,-33.946617,22.410552,32.6,247,9
2026-03-29T11:12:44+00:00,Andre,-33.947141,22.410097,50.2,245.2,9
2026-03-29T11:13:02+00:00,Andre,-33.949103,22.408316,54.4,237.5,9
2026-03-29T11:13:18+00:00,Andre,-33.951136,22.406368,70.6,231.7,8
2026-03-29T11:13:35+00:00,Andre,-33.952248,22.40357,55.5,221.6,9
2026-03-29T11:13:51+00:00,Andre,-33.953424,22.400603,74.8,228,9
2026-03-29T11:14:08+00:00,Andre,-33.954724,22.397098,67.4,236.8,9
2026-03-29T11:14:25+00:00,Andre,-33.955404,22.395453,34.8,238.4,9
2026-03-29T11:14:48+00:00,Andre,-33.957411,22.391542,82,236.1,9
2026-03-29T11:15:13+00:00,Andre,-33.960446,22.386359,83.3,221.3,9
2026-03-29T11:15:31+00:00,Andre,-33.962685,22.383686,68.4,219.3,9
2026-03-29T11:15:48+00:00,Andre,-33.965922,22.383745,84.7,221.9,10
2026-03-29T11:16:05+00:00,Andre,-33.969649,22.384481,90.2,219.9,10
2026-03-29T11:16:22+00:00,Andre,-33.973421,22.385231,90.5,218,10
2026-03-29T11:16:47+00:00,Andre,-33.979194,22.385351,100.6,213.1,9
2026-03-29T11:17:04+00:00,Andre,-33.983387,22.384447,100.6,208.4,9
2026-03-29T11:17:21+00:00,Andre,-33.987511,22.383522,96,205.1,9
2026-03-29T11:17:37+00:00,Andre,-33.991177,22.382496,89.1,200.7,10
2026-03-29T11:17:57+00:00,Andre,-33.995249,22.381282,72.3,197.1,10
2026-03-29T11:18:13+00:00,Andre,-33.996674,22.380973,25.9,194.1,10
2026-03-29T11:18:30+00:00,Andre,-33.9982,22.382256,49.3,191.2,10
2026-03-29T11:18:46+00:00,Andre,-33.999158,22.38331,46.4,186.9,10
2026-03-29T11:19:03+00:00,Andre,-34.000937,22.38601,82.5,184.4,10
2026-03-29T11:19:20+00:00,Andre,-34.001597,22.390295,88.3,190.1,10
2026-03-29T11:19:21+00:00,Andre,-34.001675,22.390545,89.2,190.3,10
2026-03-29T11:19:57+00:00,Andre,-34.006966,22.388984,34.2,194.4,10
2026-03-29T11:20:14+00:00,Andre,-34.007159,22.386609,68.4,192.8,10
2026-03-29T11:20:31+00:00,Andre,-34.009313,22.384061,73.4,184.5,11
2026-03-29T11:20:48+00:00,Andre,-34.011829,22.382719,40.5,174.9,10
2026-03-29T11:21:04+00:00,Andre,-34.012533,22.382128,39.8,172.7,10
2026-03-29T11:21:21+00:00,Andre,-34.01322,22.379312,68.8,180.6,11
2026-03-29T11:21:37+00:00,Andre,-34.014886,22.375909,95.1,180.7,11
2026-03-29T11:21:54+00:00,Andre,-34.017338,22.371185,115.2,185,11
2026-03-29T11:22:11+00:00,Andre,-34.019838,22.366331,110,181.1,11
2026-03-29T11:22:27+00:00,Andre,-34.020228,22.361054,116.6,171,11
2026-03-29T11:22:44+00:00,Andre,-34.020623,22.355017,117.9,155.5,10
2026-03-29T11:23:00+00:00,Andre,-34.02176,22.349496,119.6,128.9,9
2026-03-29T11:23:17+00:00,Andre,-34.02291,22.343606,121.5,118.8,10
2026-03-29T11:23:33+00:00,Andre,-34.02329,22.337819,119.7,143.8,9
2026-03-29T11:23:50+00:00,Andre,-34.02336,22.331696,119.9,169,11
2026-03-29T11:24:06+00:00,Andre,-34.024772,22.326097,124.1,180.4,11
2026-03-29T11:24:23+00:00,Andre,-34.026484,22.320155,116.5,182.4,11
2026-03-29T11:24:40+00:00,Andre,-34.02817,22.314281,126.6,184.7,11
2026-03-29T11:24:56+00:00,Andre,-34.029822,22.30856,124.2,198.7,11
2026-03-29T11:25:12+00:00,Andre,-34.031521,22.302793,128.1,203.5,11
2026-03-29T11:25:31+00:00,Andre,-34.033453,22.296097,117.8,202.6,11
2026-03-29T11:25:48+00:00,Andre,-34.036209,22.291393,119.7,189.5,10
2026-03-29T11:26:15+00:00,Andre,-34.043304,22.288045,111.9,148.3,11
2026-03-29T11:26:37+00:00,Andre,-34.043386,22.281271,112.7,117,11
2026-03-29T11:26:53+00:00,Andre,-34.043893,22.27623,110.4,90,10
2026-03-29T11:27:13+00:00,Andre,-34.044415,22.269668,113.7,60.1,10
2026-03-29T11:27:30+00:00,Andre,-34.047448,22.264768,129.8,48.1,11
2026-03-29T11:27:46+00:00,Andre,-34.049728,22.259382,125.6,45.1,10
2026-03-29T11:28:03+00:00,Andre,-34.050283,22.253108,120.4,59.7,10
2026-03-29T11:28:19+00:00,Andre,-34.048493,22.247699,120.6,47.1,9
2026-03-29T11:28:37+00:00,Andre,-34.046102,22.242379,106.1,53,8
2026-03-29T11:28:53+00:00,Andre,-34.047514,22.238039,107.2,44.2,11
2026-03-29T11:29:10+00:00,Andre,-34.050068,22.232956,127.6,21.4,10
2026-03-29T11:29:26+00:00,Andre,-34.052079,22.227476,121.1,1.7,11
2026-03-29T11:29:42+00:00,Andre,-34.054791,22.22265,120.8,6.6,10
2026-03-29T11:29:59+00:00,Andre,-34.057474,22.217652,113.8,34,11
2026-03-29T11:30:15+00:00,Andre,-34.058171,22.211844,125.9,46.4,10
2026-03-29T11:30:32+00:00,Andre,-34.058945,22.2054,127.6,57.2,10
2026-03-29T11:30:48+00:00,Andre,-34.059851,22.199364,127.4,74.4,10
2026-03-29T11:31:05+00:00,Andre,-34.060819,22.192923,128.5,84.6,10
2026-03-29T11:31:21+00:00,Andre,-34.061783,22.186855,128,63.4,10
2026-03-29T11:31:38+00:00,Andre,-34.063692,22.180744,126.3,37.1,10
2026-03-29T11:31:54+00:00,Andre,-34.065591,22.175187,124.7,23.3,10
2026-03-29T11:32:12+00:00,Andre,-34.067704,22.168923,125,14.2,10
2026-03-29T11:32:29+00:00,Andre,-34.070212,22.163293,124.6,7.6,10
2026-03-29T11:32:46+00:00,Andre,-34.07274,22.157681,124.8,6.8,10
2026-03-29T11:33:03+00:00,Andre,-34.075259,22.152061,124.3,6.9,10
2026-03-29T11:33:20+00:00,Andre,-34.078073,22.146722,123.8,5.6,10
2026-03-29T11:33:36+00:00,Andre,-34.081455,22.142357,124,4,10
2026-03-29T11:33:53+00:00,Andre,-34.085037,22.137701,123.8,2.7,10
2026-03-29T11:34:09+00:00,Andre,-34.088389,22.133318,123.5,8.5,10
2026-03-29T11:34:26+00:00,Andre,-34.091866,22.128609,123.3,36.9,10
2026-03-29T11:34:43+00:00,Andre,-34.094772,22.123341,120,64.1,10
2026-03-29T11:34:59+00:00,Andre,-34.097806,22.119792,113.5,51.4,10
2026-03-29T11:35:16+00:00,Andre,-34.102141,22.116284,125.7,27.5,10
2026-03-29T11:35:25+00:00,Andre,-34.104329,22.11453,109.2,21.5,10
2026-03-29T11:35:31+00:00,Andre,-34.105533,22.113592,73.6,19.5,10
2026-03-29T11:35:37+00:00,Andre,-34.106404,22.112886,67.3,18.5,10
2026-03-29T11:35:43+00:00,Andre,-34.107195,22.11225,61.9,16.9,10
2026-03-29T11:35:49+00:00,Andre,-34.107966,22.111657,63.8,14.1,10
2026-03-29T11:35:55+00:00,Andre,-34.108831,22.111055,65.7,10.6,10
2026-03-29T11:36:02+00:00,Andre,-34.109815,22.110521,59,6.6,10
2026-03-29T11:36:09+00:00,Andre,-34.110425,22.111062,39.1,3.8,10
2026-03-29T11:36:15+00:00,Andre,-34.11015,22.111518,25.5,2.7,10
2026-03-29T11:36:21+00:00,Andre,-34.109878,22.111586,22.5,2.8,10
2026-03-29T11:36:28+00:00,Andre,-34.109502,22.111182,34,2.7,9
2026-03-29T11:36:34+00:00,Andre,-34.109099,22.11071,36.1,3.4,9
2026-03-29T11:36:40+00:00,Andre,-34.108835,22.110198,31.1,3.6,9
2026-03-29T11:36:47+00:00,Andre,-34.108484,22.109578,37.2,4.6,10
2026-03-29T11:36:53+00:00,Andre,-34.108193,22.109046,34.2,4.9,10
2026-03-29T11:37:00+00:00,Andre,-34.107862,22.108456,13.2,4.4,10
2026-03-29T11:37:06+00:00,Andre,-34.107836,22.108399,7.2,4.4,10
2026-03-29T11:37:13+00:00,Andre,-34.107971,22.108024,34.6,4.5,10
2026-03-29T11:37:19+00:00,Andre,-34.108414,22.107481,48.3,4.3,10
2026-03-29T11:37:25+00:00,Andre,-34.108774,22.107049,6.6,4.1,10
2026-03-29T11:37:32+00:00,Andre,-34.10878,22.107041,0,3.9,10
2026-03-29T11:37:38+00:00,Andre,-34.108784,22.10704,0.1,3.6,10
2026-03-29T11:37:45+00:00,Andre,-34.108797,22.107026,4.1,3.6,10
2026-03-29T11:37:51+00:00,Andre,-34.108962,22.106829,22.2,3.6,10
2026-03-29T11:37:57+00:00,Andre,-34.109356,22.106354,41.9,3.3,10
2026-03-29T11:38:04+00:00,Andre,-34.110009,22.105557,56,3.6,10
2026-03-29T11:38:10+00:00,Andre,-34.110708,22.104693,70.2,3.9,10
2026-03-29T11:38:17+00:00,Andre,-34.111584,22.103653,73.2,4.1,10
2026-03-29T11:38:23+00:00,Andre,-34.112454,22.102799,69.2,4.1,10
2026-03-29T11:38:30+00:00,Andre,-34.113091,22.102338,27.9,3.9,9
2026-03-29T11:38:37+00:00,Andre,-34.113526,22.102083,31.4,3.8,9
2026-03-29T11:38:43+00:00,Andre,-34.114154,22.101805,49.7,3.9,10
2026-03-29T11:38:49+00:00,Andre,-34.115003,22.101532,66.9,4.2,10
2026-03-29T11:38:56+00:00,Andre,-34.116137,22.101239,62.2,4.5,10
2026-03-29T11:39:02+00:00,Andre,-34.117045,22.101014,62.2,4.9,10
2026-03-29T11:39:08+00:00,Andre,-34.117955,22.100783,60.2,6.1,10
2026-03-29T11:39:15+00:00,Andre,-34.118846,22.100558,32.4,9.1,10
2026-03-29T11:39:21+00:00,Andre,-34.119009,22.100515,8.1,9.8,10
2026-03-29T11:39:27+00:00,Andre,-34.119332,22.100362,37,10.5,10
2026-03-29T11:39:36+00:00,Andre,-34.120179,22.100156,41.8,17.3,10
2026-03-29T11:39:42+00:00,Andre,-34.120672,22.100141,26.2,21.4,10
2026-03-29T11:39:49+00:00,Andre,-34.121086,22.100194,18.1,26.1,9
2026-03-29T11:39:55+00:00,Andre,-34.121465,22.100324,24.3,30.5,9
2026-03-29T11:40:01+00:00,Andre,-34.121601,22.100548,25.7,31.8,10
2026-03-29T11:40:08+00:00,Andre,-34.121453,22.101229,28.2,30.7,9
2026-03-29T11:40:14+00:00,Andre,-34.121388,22.101654,32.7,29.6,9
2026-03-29T11:40:20+00:00,Andre,-34.121308,22.102346,48.2,28.5,8
2026-03-29T11:40:27+00:00,Andre,-34.121261,22.103383,51.3,29.2,10
2026-03-29T11:40:34+00:00,Andre,-34.121408,22.104335,40.1,31.5,10
2026-03-29T11:40:40+00:00,Andre,-34.121818,22.104608,33.6,36.6,10
2026-03-29T11:40:47+00:00,Andre,-34.122231,22.104488,21.3,42.8,9
2026-03-29T11:40:53+00:00,Andre,-34.122721,22.104346,38,51.1,10
2026-03-29T11:41:00+00:00,Andre,-34.123327,22.104168,33.8,59.5,9
2026-03-29T11:41:07+00:00,Andre,-34.123938,22.103985,31.3,62.1,10
2026-03-29T11:41:13+00:00,Andre,-34.124348,22.103869,39.4,58.7,10
2026-03-29T11:41:20+00:00,Andre,-34.125107,22.103634,37.5,50.6,9
2026-03-29T11:41:26+00:00,Andre,-34.125553,22.103461,37.5,49.8,9
2026-03-29T11:41:33+00:00,Andre,-34.126155,22.103221,33.1,54.5,8
2026-03-29T11:41:40+00:00,Andre,-34.126691,22.103012,39.6,57.7,8
2026-03-29T11:41:46+00:00,Andre,-34.127296,22.102774,41.5,58.6,10
2026-03-29T11:41:53+00:00,Andre,-34.127667,22.102163,32.1,62.5,10
2026-03-29T11:41:59+00:00,Andre,-34.127849,22.101645,29.9,60.2,10
2026-03-29T11:42:06+00:00,Andre,-34.128076,22.101504,24.1,55.8,10
2026-03-29T11:42:12+00:00,Andre,-34.128458,22.101907,39.1,51.5,9
2026-03-29T11:42:19+00:00,Andre,-34.128829,22.102206,21.8,47.9,9
2026-03-29T11:42:25+00:00,Andre,-34.129062,22.101708,38.9,42.1,10
2026-03-29T11:42:32+00:00,Andre,-34.129244,22.101323,22.7,42.7,9
2026-03-29T11:42:39+00:00,Andre,-34.129651,22.101891,44,41.4,8
2026-03-29T11:42:45+00:00,Andre,-34.130312,22.10222,53.7,37.3,9
2026-03-29T11:42:51+00:00,Andre,-34.131143,22.102033,56.4,34,8
2026-03-29T11:42:58+00:00,Andre,-34.132107,22.101744,56.3,31.6,10
2026-03-29T11:43:04+00:00,Andre,-34.132969,22.101504,61.2,32.4,9
2026-03-29T11:43:10+00:00,Andre,-34.1339,22.101237,66.6,27.1,10
2026-03-29T11:43:17+00:00,Andre,-34.135076,22.100929,69.9,23.7,10
2026-03-29T11:43:24+00:00,Andre,-34.136252,22.100611,66.2,22.8,10
2026-03-29T11:43:30+00:00,Andre,-34.13708,22.10014,61.8,23.9,10
2026-03-29T11:43:37+00:00,Andre,-34.137513,22.099062,48.7,30,10
2026-03-29T11:43:43+00:00,Andre,-34.137606,22.09825,46.9,33.6,10
2026-03-29T11:43:49+00:00,Andre,-34.137536,22.097445,40.2,37.6,10
2026-03-29T11:43:56+00:00,Andre,-34.137282,22.096638,44.3,41.5,10
2026-03-29T11:44:02+00:00,Andre,-34.137,22.095883,47.7,46.2,10
2026-03-29T11:44:09+00:00,Andre,-34.136679,22.095027,36.4,53.9,10
2026-03-29T11:44:16+00:00,Andre,-34.136263,22.094551,32,57.6,10
2026-03-29T11:44:22+00:00,Andre,-34.135964,22.094292,30.5,60.8,10
2026-03-29T11:44:28+00:00,Andre,-34.135732,22.093744,41.9,64.6,10
2026-03-29T11:44:35+00:00,Andre,-34.135689,22.09288,44.4,67.6,10
2026-03-29T11:44:41+00:00,Andre,-34.135705,22.091965,55,73,9
2026-03-29T11:44:48+00:00,Andre,-34.135867,22.09082,53.2,74.5,10
2026-03-29T11:44:54+00:00,Andre,-34.136114,22.089995,43.7,75.1,10
2026-03-29T11:45:00+00:00,Andre,-34.136624,22.089816,40.3,77.3,9
2026-03-29T11:45:07+00:00,Andre,-34.137222,22.090492,53.7,80,9
2026-03-29T11:45:14+00:00,Andre,-34.13784,22.091465,61.8,77.7,9
2026-03-29T11:45:20+00:00,Andre,-34.138367,22.092375,59.4,79.4,7
2026-03-29T11:45:26+00:00,Andre,-34.13886,22.093391,66.7,80.1,8
2026-03-29T11:45:33+00:00,Andre,-34.139361,22.094639,63.1,80.6,9
2026-03-29T11:45:39+00:00,Andre,-34.139713,22.095467,31.8,79.3,9
2026-03-29T11:45:46+00:00,Andre,-34.140105,22.095526,31.6,77.5,9
2026-03-29T11:45:53+00:00,Andre,-34.140391,22.09478,44.9,74.4,10
2026-03-29T11:45:59+00:00,Andre,-34.140512,22.093986,43.5,77.1,10
2026-03-29T11:46:06+00:00,Andre,-34.140362,22.093208,33.1,79.1,10
2026-03-29T11:46:12+00:00,Andre,-34.140192,22.092768,19.3,79.1,10
2026-03-29T11:46:18+00:00,Andre,-34.140133,22.092634,0.1,79.1,10
2026-03-29T11:46:25+00:00,Andre,-34.140093,22.092593,5.5,79,10
2026-03-29T11:46:31+00:00,Andre,-34.140003,22.092576,5.8,80.7,10
2026-03-29T11:46:38+00:00,Andre,-34.139896,22.092591,9,83.1,9
2026-03-29T11:46:44+00:00,Andre,-34.139846,22.092674,3.3,82.8,10
2026-03-29T11:46:51+00:00,Andre,-34.139808,22.092705,0.1,83.2,10
2026-03-29T11:46:57+00:00,Andre,-34.139801,22.092711,0.1,83.7,10
2026-03-29T11:47:04+00:00,Andre,-34.139797,22.092717,0,83.8,10
2026-03-29T11:48:29.758466+00:00,Andre,-34.13979,22.092719,0,82.5,9
2026-03-29T11:48:34+00:00,Andre,-34.139798,22.092714,0,84.5,10
2026-03-29T11:48:40+00:00,Andre,-34.139797,22.092715,0,83.9,10
2026-03-29T11:48:50+00:00,Andre,-34.139795,22.092716,0.1,83.1,10
2026-03-29T11:49:00+00:00,Andre,-34.139798,22.092715,0,83.6,10
2026-03-29T11:49:09+00:00,Andre,-34.139802,22.092714,0,84.1,9
2026-03-29T11:49:15+00:00,Andre,-34.139803,22.092714,0.1,84.5,9
2026-03-29T11:49:25+00:00,Andre,-34.139804,22.092713,0.1,85.2,9
2026-03-29T11:49:33+00:00,Andre,-34.139805,22.092713,0.1,85.7,9
2026-03-29T11:49:42+00:00,Andre,-34.139804,22.092715,0,86,9
2026-03-29T11:49:48+00:00,Andre,-34.139804,22.092717,0,86.1,9
2026-03-29T11:49:58+00:00,Andre,-34.139804,22.092719,0,86.3,10
2026-03-29T11:50:04+00:00,Andre,-34.139805,22.09272,0,86.4,9
2026-03-29T11:50:13+00:00,Andre,-34.139807,22.09272,0,86.8,9
2026-03-29T11:50:19+00:00,Andre,-34.139809,22.09272,0,86.9,9
2026-03-29T11:50:32+00:00,Andre,-34.13981,22.09272,0,87.4,9
2026-03-29T11:50:38+00:00,Andre,-34.139811,22.092721,0,87.6,9
2026-03-29T11:50:44+00:00,Andre,-34.13981,22.092722,0,87.6,8
2026-03-29T11:50:50+00:00,Andre,-34.139808,22.092724,0,87.2,8
2026-03-29T11:50:50+00:00,Andre,-34.139808,22.092724,0,87.2,8
2026-03-29T11:51:03+00:00,Andre,-34.139805,22.092726,0,85.8,9
2026-03-29T11:51:10+00:00,Andre,-34.139804,22.092726,0,85,9
2026-03-29T12:45:46+00:00,Andre,-34.139892,22.092972,1,58.5,8
2026-03-29T12:45:54+00:00,Andre,-34.139792,22.092946,0.2,54.9,8
2026-03-29T12:46:01+00:00,Andre,-34.139775,22.092881,0.4,62.1,8
2026-03-29T12:46:07+00:00,Andre,-34.139772,22.09285,0.1,67.6,8
2026-03-29T12:46:13+00:00,Andre,-34.139771,22.092832,0,70.7,8
2026-03-29T12:46:19+00:00,Andre,-34.139769,22.092824,0.1,72.2,8
2026-03-29T12:46:25+00:00,Andre,-34.13977,22.092816,0,73.6,8
2026-03-29T12:46:32+00:00,Andre,-34.13977,22.092812,0.1,73.9,8
2026-03-29T12:46:40+00:00,Andre,-34.139771,22.092806,0.1,74.4,8
2026-03-29T12:46:46+00:00,Andre,-34.13977,22.092801,0,74.7,8
2026-03-29T12:46:52+00:00,Andre,-34.13977,22.092795,0,75.2,8
2026-03-29T12:47:02+00:00,Andre,-34.139768,22.092789,0,76.1,7
2026-03-29T12:47:09+00:00,Andre,-34.139765,22.092788,0,76.8,7
2026-03-29T12:47:17+00:00,Andre,-34.139761,22.092792,0,77.1,8
2026-03-29T12:47:24+00:00,Andre,-34.139756,22.092796,0,77.2,8
2026-03-29T12:47:30+00:00,Andre,-34.139754,22.092799,0,77.8,8
2026-03-29T12:47:36+00:00,Andre,-34.139755,22.092795,0,79.5,9
2026-03-29T12:47:43+00:00,Andre,-34.139758,22.092787,0,81.6,9
2026-03-29T12:47:49+00:00,Andre,-34.139761,22.092781,0,82.7,9
2026-03-29T12:47:56+00:00,Andre,-34.139763,22.092776,0,83.4,9
2026-03-29T12:48:01+00:00,Andre,-34.139764,22.092773,0.3,84.6,10
2026-03-29T12:48:07+00:00,Andre,-34.139763,22.092775,0,85.7,10
2026-03-29T12:48:15+00:00,Andre,-34.139763,22.092777,0,86.3,9
2026-03-29T12:48:22+00:00,Andre,-34.139764,22.092777,0,86.4,9
2026-03-29T12:48:28+00:00,Andre,-34.139764,22.092777,0,86.5,9
2026-03-29T12:48:35+00:00,Andre,-34.139766,22.092776,0,86.4,9